[27Aug2026 01:38:50.856] [main/DEBUG] [io.netty.util.internal.logging.InternalLoggerFactory/]: Using SLF4J as the default logging framework
[27Aug2026 01:38:50.863] [main/DEBUG] [io.netty.util.ResourceLeakDetector/]: -Dio.netty.leakDetection.level: simple
[27Aug2026 01:38:50.863] [main/DEBUG] [io.netty.util.ResourceLeakDetector/]: -Dio.netty.leakDetection.targetRecords: 4
[27Aug2026 01:38:50.907] [main/DEBUG] [mixin/]: Mixing texture.MixinResourceLocation from mixins.iris.json into net.minecraft.resources.ResourceLocation
[27Aug2026 01:38:50.908] [main/DEBUG] [mixin/]: mixins.iris.json:texture.MixinResourceLocation from mod iris: Class version 65 required is higher than the class version supported by the current version of Mixin (JAVA_8 supports class version 52)
[27Aug2026 01:38:50.912] [main/DEBUG] [mixin/]: mixins.iris.json:texture.MixinResourceLocation from mod iris->@Inject::iris$blockDUMMY(Ljava/lang/String;Lorg/spongepowered/asm/mixin/injection/callback/CallbackInfoReturnable;)V does use it's CallbackInfoReturnable
[27Aug2026 01:38:50.913] [main/DEBUG] [mixin/]: mixins.iris.json:texture.MixinResourceLocation from mod iris->@Inject::iris$allowInvalidPaths(CLorg/spongepowered/asm/mixin/injection/callback/CallbackInfoReturnable;)V does use it's CallbackInfoReturnable
[27Aug2026 01:38:51.494] [main/DEBUG] [mixin/]: Mixing MixinSystemReport from mixins.iris.json into net.minecraft.SystemReport
[27Aug2026 01:38:51.494] [main/DEBUG] [mixin/]: mixins.iris.json:MixinSystemReport from mod iris: Class version 65 required is higher than the class version supported by the current version of Mixin (JAVA_8 supports class version 52)
[27Aug2026 01:38:51.495] [main/DEBUG] [mixin/]: Renaming synthetic method lambda$fillSystemDetails$1()Ljava/lang/String; to mda2c3ce$iris$lambda$fillSystemDetails$1$0 in mixins.iris.json:MixinSystemReport from mod iris
[27Aug2026 01:38:51.495] [main/DEBUG] [mixin/]: Renaming synthetic method lambda$fillSystemDetails$0(Ljava/lang/StringBuilder;Lnet/irisshaders/iris/shaderpack/ShaderPack;)V to mda2c3ce$iris$lambda$fillSystemDetails$0$1 in mixins.iris.json:MixinSystemReport from mod iris
[27Aug2026 01:38:51.501] [main/DEBUG] [mixin/]: mixins.iris.json:MixinSystemReport from mod iris->@Inject::fillSystemDetails(Lorg/spongepowered/asm/mixin/injection/callback/CallbackInfo;)V doesn't use it's CallbackInfo
[27Aug2026 01:38:51.501] [main/DEBUG] [mixin/]: mixins.iris.json:MixinSystemReport from mod iris->@Inject::fillSystemDetails(Lorg/spongepowered/asm/mixin/injection/callback/CallbackInfo;)V has 0 override(s) in child classes
[27Aug2026 01:38:51.501] [main/DEBUG] [mixin/]: mixins.iris.json:MixinSystemReport from mod iris->@Inject::fillSystemDetails(Lorg/spongepowered/asm/mixin/injection/callback/CallbackInfo;)V won't be passed a CallbackInfo as a result
[27Aug2026 01:38:51.538] [main/DEBUG] [oshi.util.FileUtil/]: No oshi.properties file found from ClassLoader cpw.mods.modlauncher.TransformingClassLoader@8ff5094
[27Aug2026 01:38:51.748] [Datafixer Bootstrap/INFO] [com.mojang.datafixers.DataFixerBuilder/]: 229 Datafixer optimizations took 261 milliseconds
[27Aug2026 01:38:51.848] [main/DEBUG] [oshi.util.FileUtil/]: No oshi.architecture.properties file found from ClassLoader cpw.mods.modlauncher.TransformingClassLoader@8ff5094
[27Aug2026 01:38:51.916] [pool-19-thread-1/DEBUG] [mixin/]: Mixing MappedRegistryAccessor from neoforge.mixins.json into net.minecraft.core.MappedRegistry
[27Aug2026 01:38:52.029] [pool-19-thread-1/DEBUG] [mixin/]: Mixing MixinBlockStateBehavior from mixins.iris.json into net.minecraft.world.level.block.state.BlockBehaviour$BlockStateBase
[27Aug2026 01:38:52.029] [pool-19-thread-1/DEBUG] [mixin/]: mixins.iris.json:MixinBlockStateBehavior from mod iris: Class version 65 required is higher than the class version supported by the current version of Mixin (JAVA_8 supports class version 52)
[27Aug2026 01:38:52.030] [pool-19-thread-1/DEBUG] [mixin/]: Mixing BlockStateBaseMixin from ferritecore.blockstatecache.mixin.json into net.minecraft.world.level.block.state.BlockBehaviour$BlockStateBase
[27Aug2026 01:38:52.030] [pool-19-thread-1/DEBUG] [mixin/]: ferritecore.blockstatecache.mixin.json:BlockStateBaseMixin from mod ferritecore: Class version 65 required is higher than the class version supported by the current version of Mixin (JAVA_17 supports class version 61)
[27Aug2026 01:38:52.032] [pool-19-thread-1/DEBUG] [mixin/]: mixins.iris.json:MixinBlockStateBehavior from mod iris->@Inject::getShadeBrightness(Lnet/minecraft/world/level/BlockGetter;Lnet/minecraft/core/BlockPos;Lorg/spongepowered/asm/mixin/injection/callback/CallbackInfoReturnable;)V does use it's CallbackInfoReturnable
[27Aug2026 01:38:52.033] [pool-19-thread-1/DEBUG] [mixin/]: ferritecore.blockstatecache.mixin.json:BlockStateBaseMixin from mod ferritecore->@Inject::cacheStateHead(Lorg/spongepowered/asm/mixin/injection/callback/CallbackInfo;)V doesn't use it's CallbackInfo
[27Aug2026 01:38:52.033] [pool-19-thread-1/DEBUG] [mixin/]: ferritecore.blockstatecache.mixin.json:BlockStateBaseMixin from mod ferritecore->@Inject::cacheStateHead(Lorg/spongepowered/asm/mixin/injection/callback/CallbackInfo;)V has 0 override(s) in child classes
[27Aug2026 01:38:52.033] [pool-19-thread-1/DEBUG] [mixin/]: ferritecore.blockstatecache.mixin.json:BlockStateBaseMixin from mod ferritecore->@Inject::cacheStateHead(Lorg/spongepowered/asm/mixin/injection/callback/CallbackInfo;)V won't be passed a CallbackInfo as a result
[27Aug2026 01:38:52.033] [pool-19-thread-1/DEBUG] [mixin/]: ferritecore.blockstatecache.mixin.json:BlockStateBaseMixin from mod ferritecore->@Inject::cacheStateTail(Lorg/spongepowered/asm/mixin/injection/callback/CallbackInfo;)V doesn't use it's CallbackInfo
[27Aug2026 01:38:52.033] [pool-19-thread-1/DEBUG] [mixin/]: ferritecore.blockstatecache.mixin.json:BlockStateBaseMixin from mod ferritecore->@Inject::cacheStateTail(Lorg/spongepowered/asm/mixin/injection/callback/CallbackInfo;)V has 0 override(s) in child classes
[27Aug2026 01:38:52.033] [pool-19-thread-1/DEBUG] [mixin/]: ferritecore.blockstatecache.mixin.json:BlockStateBaseMixin from mod ferritecore->@Inject::cacheStateTail(Lorg/spongepowered/asm/mixin/injection/callback/CallbackInfo;)V won't be passed a CallbackInfo as a result
[27Aug2026 01:38:52.034] [pool-19-thread-1/DEBUG] [mixin/]: Mixing FastMapStateHolderMixin from ferritecore.fastmap.mixin.json into net.minecraft.world.level.block.state.StateHolder
[27Aug2026 01:38:52.035] [pool-19-thread-1/DEBUG] [mixin/]: ferritecore.fastmap.mixin.json:FastMapStateHolderMixin from mod ferritecore: Class version 65 required is higher than the class version supported by the current version of Mixin (JAVA_17 supports class version 61)
[27Aug2026 01:38:52.045] [pool-19-thread-1/DEBUG] [mixin/]: Mixing BlockViewMixin from fabric-block-view-api-v2.mixins.json into net.minecraft.world.level.BlockGetter
[27Aug2026 01:38:52.045] [pool-19-thread-1/DEBUG] [mixin/]: fabric-block-view-api-v2.mixins.json:BlockViewMixin from mod fabric_block_view_api_v2: Class version 65 required is higher than the class version supported by the current version of Mixin (JAVA_17 supports class version 61)
[27Aug2026 01:38:52.049] [pool-19-thread-1/DEBUG] [mixin/]: Mixing WorldViewMixin from fabric-rendering-data-attachment-v1.mixins.json into net.minecraft.world.level.LevelReader
[27Aug2026 01:38:52.049] [pool-19-thread-1/DEBUG] [mixin/]: fabric-rendering-data-attachment-v1.mixins.json:WorldViewMixin from mod fabric_rendering_data_attachment_v1: Class version 65 required is higher than the class version supported by the current version of Mixin (JAVA_17 supports class version 61)
[27Aug2026 01:38:52.092] [pool-19-thread-1/DEBUG] [mixin/]: Mixing features.render.immediate.DirectionMixin from sodium-common.mixins.json into net.minecraft.core.Direction
[27Aug2026 01:38:52.131] [pool-19-thread-1/DEBUG] [mixin/]: Mixing VoxelShapeAccess from ferritecore.accessors.mixin.json into net.minecraft.world.phys.shapes.VoxelShape
[27Aug2026 01:38:52.131] [pool-19-thread-1/DEBUG] [mixin/]: ferritecore.accessors.mixin.json:VoxelShapeAccess from mod ferritecore: Class version 65 required is higher than the class version supported by the current version of Mixin (JAVA_17 supports class version 61)
[27Aug2026 01:38:52.133] [pool-19-thread-1/DEBUG] [mixin/]: Mixing SliceShapeAccess from ferritecore.accessors.mixin.json into net.minecraft.world.phys.shapes.SliceShape
[27Aug2026 01:38:52.133] [pool-19-thread-1/DEBUG] [mixin/]: ferritecore.accessors.mixin.json:SliceShapeAccess from mod ferritecore: Class version 65 required is higher than the class version supported by the current version of Mixin (JAVA_17 supports class version 61)
[27Aug2026 01:38:52.134] [pool-19-thread-1/DEBUG] [mixin/]: Mixing DiscreteVSAccess from ferritecore.accessors.mixin.json into net.minecraft.world.phys.shapes.DiscreteVoxelShape
[27Aug2026 01:38:52.134] [pool-19-thread-1/DEBUG] [mixin/]: ferritecore.accessors.mixin.json:DiscreteVSAccess from mod ferritecore: Class version 65 required is higher than the class version supported by the current version of Mixin (JAVA_17 supports class version 61)
[27Aug2026 01:38:52.135] [pool-19-thread-1/DEBUG] [mixin/]: Mixing BitSetDVSAccess from ferritecore.accessors.mixin.json into net.minecraft.world.phys.shapes.BitSetDiscreteVoxelShape
[27Aug2026 01:38:52.135] [pool-19-thread-1/DEBUG] [mixin/]: ferritecore.accessors.mixin.json:BitSetDVSAccess from mod ferritecore: Class version 65 required is higher than the class version supported by the current version of Mixin (JAVA_17 supports class version 61)
[27Aug2026 01:38:52.137] [pool-19-thread-1/DEBUG] [mixin/]: Mixing ArrayVSAccess from ferritecore.accessors.mixin.json into net.minecraft.world.phys.shapes.ArrayVoxelShape
[27Aug2026 01:38:52.137] [pool-19-thread-1/DEBUG] [mixin/]: ferritecore.accessors.mixin.json:ArrayVSAccess from mod ferritecore: Class version 65 required is higher than the class version supported by the current version of Mixin (JAVA_17 supports class version 61)
[27Aug2026 01:38:52.222] [pool-19-thread-1/DEBUG] [mixin/]: Mixing features.options.render_layers.LeavesBlockMixin from sodium-common.mixins.json into net.minecraft.world.level.block.LeavesBlock
[27Aug2026 01:38:52.413] [pool-19-thread-1/DEBUG] [mixin/]: Mixing BlockEntityMixin from fabric-rendering-data-attachment-v1.mixins.json into net.minecraft.world.level.block.entity.BlockEntity
[27Aug2026 01:38:52.413] [pool-19-thread-1/DEBUG] [mixin/]: fabric-rendering-data-attachment-v1.mixins.json:BlockEntityMixin from mod fabric_rendering_data_attachment_v1: Class version 65 required is higher than the class version supported by the current version of Mixin (JAVA_17 supports class version 61)
[27Aug2026 01:38:52.414] [pool-19-thread-1/DEBUG] [mixin/]: Mixing BlockEntityMixin from fabric-block-view-api-v2.mixins.json into net.minecraft.world.level.block.entity.BlockEntity
[27Aug2026 01:38:52.414] [pool-19-thread-1/DEBUG] [mixin/]: fabric-block-view-api-v2.mixins.json:BlockEntityMixin from mod fabric_block_view_api_v2: Class version 65 required is higher than the class version supported by the current version of Mixin (JAVA_17 supports class version 61)
[27Aug2026 01:38:52.525] [pool-19-thread-1/DEBUG] [mixin/]: Mixing core.render.BlockEntityTypeMixin from sodium-common.mixins.json into net.minecraft.world.level.block.entity.BlockEntityType
[27Aug2026 01:38:52.528] [pool-19-thread-1/DEBUG] [mixin/]: Mixing BlockEntityTypeAccessor from neoforge.mixins.json into net.minecraft.world.level.block.entity.BlockEntityType
[27Aug2026 01:38:52.689] [pool-19-thread-1/DEBUG] [mixin/]: Mixing MixinBiome from mixins.iris.json into net.minecraft.world.level.biome.Biome
[27Aug2026 01:38:52.689] [pool-19-thread-1/DEBUG] [mixin/]: mixins.iris.json:MixinBiome from mod iris: Class version 65 required is higher than the class version supported by the current version of Mixin (JAVA_8 supports class version 52)
[27Aug2026 01:38:52.690] [pool-19-thread-1/DEBUG] [mixin/]: Mixing features.world.biome.BiomeMixin from sodium-neoforge.mixins.json into net.minecraft.world.level.biome.Biome
[27Aug2026 01:38:52.696] [pool-19-thread-1/DEBUG] [mixin/]: sodium-neoforge.mixins.json:features.world.biome.BiomeMixin from mod sodium->@Inject::onInit(Lorg/spongepowered/asm/mixin/injection/callback/CallbackInfo;)V doesn't use it's CallbackInfo
[27Aug2026 01:38:53.077] [pool-19-thread-1/DEBUG] [mixin/]: Mixing BlockStateCacheMixin from ferritecore.blockstatecache.mixin.json into net.minecraft.world.level.block.state.BlockBehaviour$BlockStateBase$Cache
[27Aug2026 01:38:53.077] [pool-19-thread-1/DEBUG] [mixin/]: ferritecore.blockstatecache.mixin.json:BlockStateCacheMixin from mod ferritecore: Class version 65 required is higher than the class version supported by the current version of Mixin (JAVA_17 supports class version 61)
[27Aug2026 01:38:53.084] [pool-19-thread-1/DEBUG] [mixin/]: Mixing platform.neoforge.AuxiliaryLightManagerMixin from sodium-neoforge.mixins.json into net.neoforged.neoforge.common.world.AuxiliaryLightManager
[27Aug2026 01:38:53.116] [pool-19-thread-1/DEBUG] [mixin/]: Mixing PatchedDataComponentMapMixin from ferritecore.datacomponents.mixin.json into net.minecraft.core.component.PatchedDataComponentMap
[27Aug2026 01:38:53.116] [pool-19-thread-1/DEBUG] [mixin/]: ferritecore.datacomponents.mixin.json:PatchedDataComponentMapMixin from mod ferritecore: Class version 65 required is higher than the class version supported by the current version of Mixin (JAVA_17 supports class version 61)
[27Aug2026 01:38:53.120] [pool-19-thread-1/DEBUG] [mixin/]: ferritecore.datacomponents.mixin.json:PatchedDataComponentMapMixin from mod ferritecore->@Inject::saveMemoryIfEmpty(Lorg/spongepowered/asm/mixin/injection/callback/CallbackInfo;)V doesn't use it's CallbackInfo
[27Aug2026 01:38:53.120] [pool-19-thread-1/DEBUG] [mixin/]: ferritecore.datacomponents.mixin.json:PatchedDataComponentMapMixin from mod ferritecore->@Inject::saveMemoryIfEmpty(Lorg/spongepowered/asm/mixin/injection/callback/CallbackInfo;)V doesn't use it's CallbackInfo
[27Aug2026 01:38:53.120] [pool-19-thread-1/DEBUG] [mixin/]: ferritecore.datacomponents.mixin.json:PatchedDataComponentMapMixin from mod ferritecore->@Inject::saveMemoryIfEmptyWithReturn(Lorg/spongepowered/asm/mixin/injection/callback/CallbackInfoReturnable;)V does use it's CallbackInfoReturnable
[27Aug2026 01:38:53.120] [pool-19-thread-1/DEBUG] [mixin/]: ferritecore.datacomponents.mixin.json:PatchedDataComponentMapMixin from mod ferritecore->@Inject::saveMemoryIfEmptyWithReturn(Lorg/spongepowered/asm/mixin/injection/callback/CallbackInfoReturnable;)V does use it's CallbackInfoReturnable
[27Aug2026 01:38:53.220] [pool-19-thread-1/DEBUG] [mixin/]: Mixing SubShapeAccess from ferritecore.accessors.mixin.json into net.minecraft.world.phys.shapes.SubShape
[27Aug2026 01:38:53.221] [pool-19-thread-1/DEBUG] [mixin/]: ferritecore.accessors.mixin.json:SubShapeAccess from mod ferritecore: Class version 65 required is higher than the class version supported by the current version of Mixin (JAVA_17 supports class version 61)
[27Aug2026 01:38:53.672] [pool-19-thread-1/DEBUG] [mixin/]: Mixing MixinItem from mixins.iris.json into net.minecraft.world.item.Item
[27Aug2026 01:38:53.672] [pool-19-thread-1/DEBUG] [mixin/]: mixins.iris.json:MixinItem from mod iris: Class version 65 required is higher than the class version supported by the current version of Mixin (JAVA_8 supports class version 52)
[27Aug2026 01:38:53.756] [pool-19-thread-1/DEBUG] [io.netty.util.internal.PlatformDependent0/]: -Dio.netty.noUnsafe: false
[27Aug2026 01:38:53.756] [pool-19-thread-1/DEBUG] [io.netty.util.internal.PlatformDependent0/]: Java version: 21
[27Aug2026 01:38:53.756] [pool-19-thread-1/DEBUG] [io.netty.util.internal.PlatformDependent0/]: sun.misc.Unsafe.theUnsafe: available
[27Aug2026 01:38:53.756] [pool-19-thread-1/DEBUG] [io.netty.util.internal.PlatformDependent0/]: sun.misc.Unsafe.copyMemory: available
[27Aug2026 01:38:53.757] [pool-19-thread-1/DEBUG] [io.netty.util.internal.PlatformDependent0/]: sun.misc.Unsafe.storeFence: available
[27Aug2026 01:38:53.757] [pool-19-thread-1/DEBUG] [io.netty.util.internal.PlatformDependent0/]: java.nio.Buffer.address: available
[27Aug2026 01:38:53.758] [pool-19-thread-1/DEBUG] [io.netty.util.internal.PlatformDependent0/]: java.nio.Bits.unaligned: available, true
[27Aug2026 01:38:53.759] [pool-19-thread-1/DEBUG] [io.netty.util.internal.PlatformDependent0/]: java.nio.DirectByteBuffer.<init>(long, {int,long}): unavailable
[27Aug2026 01:38:53.759] [pool-19-thread-1/DEBUG] [io.netty.util.internal.PlatformDependent/]: sun.misc.Unsafe: available
[27Aug2026 01:38:53.760] [pool-19-thread-1/DEBUG] [io.netty.util.internal.PlatformDependent/]: maxDirectMemory: 10485760000 bytes (maybe)
[27Aug2026 01:38:53.761] [pool-19-thread-1/DEBUG] [io.netty.util.internal.PlatformDependent/]: -Dio.netty.tmpdir: C:\Users\tigan\AppData\Local\Temp (java.io.tmpdir)
[27Aug2026 01:38:53.761] [pool-19-thread-1/DEBUG] [io.netty.util.internal.PlatformDependent/]: -Dio.netty.bitMode: 64 (sun.arch.data.model)
[27Aug2026 01:38:53.761] [pool-19-thread-1/DEBUG] [io.netty.util.internal.PlatformDependent/]: Platform: Windows
[27Aug2026 01:38:53.761] [pool-19-thread-1/DEBUG] [io.netty.util.internal.PlatformDependent/]: -Dio.netty.maxDirectMemory: -1 bytes
[27Aug2026 01:38:53.761] [pool-19-thread-1/DEBUG] [io.netty.util.internal.PlatformDependent/]: -Dio.netty.uninitializedArrayAllocationThreshold: -1
[27Aug2026 01:38:53.762] [pool-19-thread-1/DEBUG] [io.netty.util.internal.CleanerJava9/]: java.nio.ByteBuffer.cleaner(): available
[27Aug2026 01:38:53.762] [pool-19-thread-1/DEBUG] [io.netty.util.internal.PlatformDependent/]: -Dio.netty.noPreferDirect: false
[27Aug2026 01:38:54.633] [pool-19-thread-1/DEBUG] [mixin/]: Mixing MixinBiomes from mixins.iris.json into net.minecraft.world.level.biome.Biomes
[27Aug2026 01:38:54.633] [pool-19-thread-1/DEBUG] [mixin/]: mixins.iris.json:MixinBiomes from mod iris: Class version 65 required is higher than the class version supported by the current version of Mixin (JAVA_8 supports class version 52)
[27Aug2026 01:38:54.635] [pool-19-thread-1/DEBUG] [mixin/]: mixins.iris.json:MixinBiomes from mod iris->@Inject::iris$registerBiome(Ljava/lang/String;Lorg/spongepowered/asm/mixin/injection/callback/CallbackInfoReturnable;)V does use it's CallbackInfoReturnable
[27Aug2026 01:38:54.807] [pool-19-thread-1/DEBUG] [mixin/]: Mixing DimensionTypeAccessor from mixins.iris.json into net.minecraft.world.level.dimension.DimensionType
[27Aug2026 01:38:54.808] [pool-19-thread-1/DEBUG] [mixin/]: mixins.iris.json:DimensionTypeAccessor from mod iris: Class version 65 required is higher than the class version supported by the current version of Mixin (JAVA_8 supports class version 52)
[27Aug2026 01:38:55.319] [main/INFO] [net.minecraft.client.main.Main/]: Completely ignored arguments: [, , ]
[27Aug2026 01:38:55.330] [Render thread/DEBUG] [mixin/]: Mixing MixinGlStateManager from mixins.iris.json into com.mojang.blaze3d.systems.RenderSystem
[27Aug2026 01:38:55.330] [Render thread/DEBUG] [mixin/]: mixins.iris.json:MixinGlStateManager from mod iris: Class version 65 required is higher than the class version supported by the current version of Mixin (JAVA_8 supports class version 52)
[27Aug2026 01:38:55.330] [Render thread/DEBUG] [mixin/]: Mixing MixinRenderSystem from mixins.iris.json into com.mojang.blaze3d.systems.RenderSystem
[27Aug2026 01:38:55.330] [Render thread/DEBUG] [mixin/]: mixins.iris.json:MixinRenderSystem from mod iris: Class version 65 required is higher than the class version supported by the current version of Mixin (JAVA_8 supports class version 52)
[27Aug2026 01:38:55.332] [Render thread/DEBUG] [mixin/]: Mixing statelisteners.MixinRenderSystem from mixins.iris.json into com.mojang.blaze3d.systems.RenderSystem
[27Aug2026 01:38:55.332] [Render thread/DEBUG] [mixin/]: mixins.iris.json:statelisteners.MixinRenderSystem from mod iris: Class version 65 required is higher than the class version supported by the current version of Mixin (JAVA_8 supports class version 52)
[27Aug2026 01:38:55.332] [Render thread/DEBUG] [mixin/]: Renaming synthetic method lambda$static$1(Ljava/lang/Runnable;)V to mda2c3ce$iris$lambda$static$1$0 in mixins.iris.json:statelisteners.MixinRenderSystem from mod iris
[27Aug2026 01:38:55.332] [Render thread/DEBUG] [mixin/]: Renaming synthetic method lambda$static$0(Ljava/lang/Runnable;)V to mda2c3ce$iris$lambda$static$0$1 in mixins.iris.json:statelisteners.MixinRenderSystem from mod iris
[27Aug2026 01:38:55.333] [Render thread/DEBUG] [mixin/]: Mixing workarounds.event_loop.RenderSystemMixin from sodium-common.mixins.json into com.mojang.blaze3d.systems.RenderSystem
[27Aug2026 01:38:55.351] [Render thread/DEBUG] [mixin/]: mixins.iris.json:MixinRenderSystem from mod iris->@Inject::iris$onRendererInit(IZLorg/spongepowered/asm/mixin/injection/callback/CallbackInfo;)V doesn't use it's CallbackInfo
[27Aug2026 01:38:55.352] [Render thread/DEBUG] [mixin/]: mixins.iris.json:MixinRenderSystem from mod iris->@Inject::_setShaderTexture(ILnet/minecraft/resources/ResourceLocation;Lorg/spongepowered/asm/mixin/injection/callback/CallbackInfo;)V doesn't use it's CallbackInfo
[27Aug2026 01:38:55.352] [Render thread/DEBUG] [mixin/]: mixins.iris.json:MixinRenderSystem from mod iris->@Inject::_setShaderTexture(IILorg/spongepowered/asm/mixin/injection/callback/CallbackInfo;)V doesn't use it's CallbackInfo
[27Aug2026 01:38:55.353] [Render thread/DEBUG] [mixin/]: mixins.iris.json:statelisteners.MixinRenderSystem from mod iris->@Inject::iris$onFogStart(FLorg/spongepowered/asm/mixin/injection/callback/CallbackInfo;)V doesn't use it's CallbackInfo
[27Aug2026 01:38:55.353] [Render thread/DEBUG] [mixin/]: mixins.iris.json:statelisteners.MixinRenderSystem from mod iris->@Inject::iris$onFogEnd(FLorg/spongepowered/asm/mixin/injection/callback/CallbackInfo;)V doesn't use it's CallbackInfo
[27Aug2026 01:38:55.358] [Render thread/DEBUG] [mixin/]: Mixing MixinByteBufferBuilder from mixins.iris.json into com.mojang.blaze3d.vertex.ByteBufferBuilder
[27Aug2026 01:38:55.358] [Render thread/DEBUG] [mixin/]: mixins.iris.json:MixinByteBufferBuilder from mod iris: Class version 65 required is higher than the class version supported by the current version of Mixin (JAVA_8 supports class version 52)
[27Aug2026 01:38:55.359] [Render thread/DEBUG] [mixin/]: Mixing MixinByteBufferBuilder from iris-batched-entity-rendering.mixins.json into com.mojang.blaze3d.vertex.ByteBufferBuilder
[27Aug2026 01:38:55.360] [Render thread/DEBUG] [mixin/]: iris-batched-entity-rendering.mixins.json:MixinByteBufferBuilder from mod iris: Class version 65 required is higher than the class version supported by the current version of Mixin (JAVA_8 supports class version 52)
[27Aug2026 01:38:55.365] [Render thread/DEBUG] [mixin/]: Mixing features.render.immediate.buffer_builder.sorting.VertexSortingMixin from sodium-common.mixins.json into com.mojang.blaze3d.vertex.VertexSorting
[27Aug2026 01:38:55.377] [Render thread/DEBUG] [mixin/]: Mixing MixinTitleScreen from mixins.iris.json into net.minecraft.client.gui.screens.TitleScreen
[27Aug2026 01:38:55.377] [Render thread/DEBUG] [mixin/]: mixins.iris.json:MixinTitleScreen from mod iris: Class version 65 required is higher than the class version supported by the current version of Mixin (JAVA_8 supports class version 52)
[27Aug2026 01:38:55.380] [Render thread/DEBUG] [mixin/]: mixins.iris.json:MixinTitleScreen from mod iris->@Inject::iris$firstInit(Lorg/spongepowered/asm/mixin/injection/callback/CallbackInfo;)V doesn't use it's CallbackInfo
[27Aug2026 01:38:55.380] [Render thread/DEBUG] [mixin/]: mixins.iris.json:MixinTitleScreen from mod iris->@Inject::iris$firstInit(Lorg/spongepowered/asm/mixin/injection/callback/CallbackInfo;)V has 0 override(s) in child classes
[27Aug2026 01:38:55.380] [Render thread/DEBUG] [mixin/]: mixins.iris.json:MixinTitleScreen from mod iris->@Inject::iris$firstInit(Lorg/spongepowered/asm/mixin/injection/callback/CallbackInfo;)V won't be passed a CallbackInfo as a result
[27Aug2026 01:38:55.387] [Render thread/DEBUG] [mixin/]: Mixing MixinLocalPlayer from mixins.iris.json into net.minecraft.client.player.LocalPlayer
[27Aug2026 01:38:55.400] [Render thread/DEBUG] [mixin/]: mixins.iris.json:MixinLocalPlayer from mod iris: Class version 65 required is higher than the class version supported by the current version of Mixin (JAVA_8 supports class version 52)
[27Aug2026 01:38:55.412] [Render thread/DEBUG] [mixin/]: Mixing AbstractContainerScreenMixin from jei_plus_plus.mixins.json into net.minecraft.client.gui.screens.inventory.AbstractContainerScreen
[27Aug2026 01:38:55.413] [Render thread/DEBUG] [mixin/]: jei_plus_plus.mixins.json:AbstractContainerScreenMixin from mod jei_plus_plus: Class version 65 required is higher than the class version supported by the current version of Mixin (JAVA_17 supports class version 61)
[27Aug2026 01:38:55.423] [Render thread/DEBUG] [mixin/]: jei_plus_plus.mixins.json:AbstractContainerScreenMixin from mod jei_plus_plus->@Inject::jeiPlusPlus$updateRecipeTreeCrafting(Lnet/minecraft/client/gui/GuiGraphics;IIFLorg/spongepowered/asm/mixin/injection/callback/CallbackInfo;)V doesn't use it's CallbackInfo
[27Aug2026 01:38:55.423] [Render thread/DEBUG] [mixin/]: jei_plus_plus.mixins.json:AbstractContainerScreenMixin from mod jei_plus_plus->@Inject::jeiPlusPlus$updateRecipeTreeCrafting(Lnet/minecraft/client/gui/GuiGraphics;IIFLorg/spongepowered/asm/mixin/injection/callback/CallbackInfo;)V has 0 override(s) in child classes
[27Aug2026 01:38:55.424] [Render thread/DEBUG] [mixin/]: jei_plus_plus.mixins.json:AbstractContainerScreenMixin from mod jei_plus_plus->@Inject::jeiPlusPlus$updateRecipeTreeCrafting(Lnet/minecraft/client/gui/GuiGraphics;IIFLorg/spongepowered/asm/mixin/injection/callback/CallbackInfo;)V won't be passed a CallbackInfo as a result
[27Aug2026 01:38:55.424] [Render thread/DEBUG] [mixin/]: jei_plus_plus.mixins.json:AbstractContainerScreenMixin from mod jei_plus_plus->@Inject::jeiPlusPlus$highlightRequiredInventoryStack(Lnet/minecraft/client/gui/GuiGraphics;Lnet/minecraft/world/inventory/Slot;Lorg/spongepowered/asm/mixin/injection/callback/CallbackInfo;)V doesn't use it's CallbackInfo
[27Aug2026 01:38:55.424] [Render thread/DEBUG] [mixin/]: jei_plus_plus.mixins.json:AbstractContainerScreenMixin from mod jei_plus_plus->@Inject::jeiPlusPlus$highlightRequiredInventoryStack(Lnet/minecraft/client/gui/GuiGraphics;Lnet/minecraft/world/inventory/Slot;Lorg/spongepowered/asm/mixin/injection/callback/CallbackInfo;)V has 0 override(s) in child classes
[27Aug2026 01:38:55.424] [Render thread/DEBUG] [mixin/]: jei_plus_plus.mixins.json:AbstractContainerScreenMixin from mod jei_plus_plus->@Inject::jeiPlusPlus$highlightRequiredInventoryStack(Lnet/minecraft/client/gui/GuiGraphics;Lnet/minecraft/world/inventory/Slot;Lorg/spongepowered/asm/mixin/injection/callback/CallbackInfo;)V won't be passed a CallbackInfo as a result
[27Aug2026 01:38:55.424] [Render thread/DEBUG] [mixin/]: jei_plus_plus.mixins.json:AbstractContainerScreenMixin from mod jei_plus_plus->@Inject::jeiPlusPlus$highlightNetworkStorage(Lnet/minecraft/client/gui/GuiGraphics;IIFLorg/spongepowered/asm/mixin/injection/callback/CallbackInfo;)V doesn't use it's CallbackInfo
[27Aug2026 01:38:55.424] [Render thread/DEBUG] [mixin/]: jei_plus_plus.mixins.json:AbstractContainerScreenMixin from mod jei_plus_plus->@Inject::jeiPlusPlus$highlightNetworkStorage(Lnet/minecraft/client/gui/GuiGraphics;IIFLorg/spongepowered/asm/mixin/injection/callback/CallbackInfo;)V has 0 override(s) in child classes
[27Aug2026 01:38:55.424] [Render thread/DEBUG] [mixin/]: jei_plus_plus.mixins.json:AbstractContainerScreenMixin from mod jei_plus_plus->@Inject::jeiPlusPlus$highlightNetworkStorage(Lnet/minecraft/client/gui/GuiGraphics;IIFLorg/spongepowered/asm/mixin/injection/callback/CallbackInfo;)V won't be passed a CallbackInfo as a result
[27Aug2026 01:38:55.430] [Render thread/DEBUG] [mixin/]: Mixing features.gui.screen.LevelLoadingScreenMixin from sodium-common.mixins.json into net.minecraft.client.gui.screens.LevelLoadingScreen
[27Aug2026 01:38:55.430] [Render thread/DEBUG] [mixin/]: Renaming synthetic method lambda$sodium$drawChunkMap$0(Lit/unimi/dsi/fastutil/objects/Object2IntMap$Entry;)V to mda2c3ce$sodium$lambda$sodium$drawChunkMap$0$0 in sodium-common.mixins.json:features.gui.screen.LevelLoadingScreenMixin from mod sodium
[27Aug2026 01:38:55.440] [Render thread/DEBUG] [mixin/]: Mixing MixinRenderTarget from mixins.iris.json into com.mojang.blaze3d.pipeline.RenderTarget
[27Aug2026 01:38:55.440] [Render thread/DEBUG] [mixin/]: mixins.iris.json:MixinRenderTarget from mod iris: Class version 65 required is higher than the class version supported by the current version of Mixin (JAVA_8 supports class version 52)
[27Aug2026 01:38:55.440] [Render thread/DEBUG] [mixin/]: Mixing state_tracking.MixinRenderTarget from mixins.iris.json into com.mojang.blaze3d.pipeline.RenderTarget
[27Aug2026 01:38:55.441] [Render thread/DEBUG] [mixin/]: mixins.iris.json:state_tracking.MixinRenderTarget from mod iris: Class version 65 required is higher than the class version supported by the current version of Mixin (JAVA_8 supports class version 52)
[27Aug2026 01:38:55.441] [Render thread/DEBUG] [mixin/]: Renaming synthetic method lambda$iris$onBindFramebuffer$0(ZLnet/irisshaders/iris/pipeline/WorldRenderingPipeline;)V to mda2c3ce$iris$lambda$iris$onBindFramebuffer$0$0 in mixins.iris.json:state_tracking.MixinRenderTarget from mod iris
[27Aug2026 01:38:55.441] [Render thread/DEBUG] [mixin/]: Mixing RenderTargetMixin from gnetum.mixins.json into com.mojang.blaze3d.pipeline.RenderTarget
[27Aug2026 01:38:55.441] [Render thread/DEBUG] [mixin/]: gnetum.mixins.json:RenderTargetMixin from mod gnetum: Class version 65 required is higher than the class version supported by the current version of Mixin (JAVA_17 supports class version 61)
[27Aug2026 01:38:55.442] [Render thread/DEBUG] [mixin/]: Mixing features.render.compositing.RenderTargetMixin from sodium-common.mixins.json into com.mojang.blaze3d.pipeline.RenderTarget
[27Aug2026 01:38:55.448] [Render thread/DEBUG] [mixin/]: mixins.iris.json:MixinRenderTarget from mod iris->@Inject::iris$onDestroyBuffers(Lorg/spongepowered/asm/mixin/injection/callback/CallbackInfo;)V doesn't use it's CallbackInfo
[27Aug2026 01:38:55.448] [Render thread/DEBUG] [mixin/]: mixins.iris.json:MixinRenderTarget from mod iris->@Inject::iris$onDestroyBuffers(Lorg/spongepowered/asm/mixin/injection/callback/CallbackInfo;)V has 0 override(s) in child classes
[27Aug2026 01:38:55.448] [Render thread/DEBUG] [mixin/]: mixins.iris.json:MixinRenderTarget from mod iris->@Inject::iris$onDestroyBuffers(Lorg/spongepowered/asm/mixin/injection/callback/CallbackInfo;)V won't be passed a CallbackInfo as a result
[27Aug2026 01:38:55.448] [Render thread/DEBUG] [mixin/]: mixins.iris.json:MixinRenderTarget from mod iris->@Inject::nameDepthBuffer(IIZLorg/spongepowered/asm/mixin/injection/callback/CallbackInfo;)V doesn't use it's CallbackInfo
[27Aug2026 01:38:55.448] [Render thread/DEBUG] [mixin/]: mixins.iris.json:MixinRenderTarget from mod iris->@Inject::nameDepthBuffer(IIZLorg/spongepowered/asm/mixin/injection/callback/CallbackInfo;)V has 0 override(s) in child classes
[27Aug2026 01:38:55.448] [Render thread/DEBUG] [mixin/]: mixins.iris.json:MixinRenderTarget from mod iris->@Inject::nameDepthBuffer(IIZLorg/spongepowered/asm/mixin/injection/callback/CallbackInfo;)V won't be passed a CallbackInfo as a result
[27Aug2026 01:38:55.448] [Render thread/DEBUG] [mixin/]: mixins.iris.json:state_tracking.MixinRenderTarget from mod iris->@Inject::iris$onBindFramebuffer(ZLorg/spongepowered/asm/mixin/injection/callback/CallbackInfo;)V doesn't use it's CallbackInfo
[27Aug2026 01:38:55.448] [Render thread/DEBUG] [mixin/]: mixins.iris.json:state_tracking.MixinRenderTarget from mod iris->@Inject::iris$onBindFramebuffer(ZLorg/spongepowered/asm/mixin/injection/callback/CallbackInfo;)V has 0 override(s) in child classes
[27Aug2026 01:38:55.448] [Render thread/DEBUG] [mixin/]: mixins.iris.json:state_tracking.MixinRenderTarget from mod iris->@Inject::iris$onBindFramebuffer(ZLorg/spongepowered/asm/mixin/injection/callback/CallbackInfo;)V won't be passed a CallbackInfo as a result
[27Aug2026 01:38:55.448] [Render thread/DEBUG] [mixin/]: gnetum.mixins.json:RenderTargetMixin from mod gnetum->@Inject::gnetum$bindWrite(ZLorg/spongepowered/asm/mixin/injection/callback/CallbackInfo;)V does use it's CallbackInfo
[27Aug2026 01:38:55.448] [Render thread/DEBUG] [mixin/]: sodium-common.mixins.json:features.render.compositing.RenderTargetMixin from mod sodium->@Inject::blitToScreen(IIZLorg/spongepowered/asm/mixin/injection/callback/CallbackInfo;)V does use it's CallbackInfo
[27Aug2026 01:38:55.450] [Render thread/DEBUG] [mixin/]: Mixing block_rendering.MixinClientLevel from mixins.iris.vertexformat.json into net.minecraft.client.multiplayer.ClientLevel
[27Aug2026 01:38:55.451] [Render thread/DEBUG] [mixin/]: mixins.iris.vertexformat.json:block_rendering.MixinClientLevel from mod iris: Class version 65 required is higher than the class version supported by the current version of Mixin (JAVA_8 supports class version 52)
[27Aug2026 01:38:55.453] [Render thread/DEBUG] [mixin/]: Mixing core.world.biome.ClientLevelMixin from sodium-common.mixins.json into net.minecraft.client.multiplayer.ClientLevel
[27Aug2026 01:38:55.453] [Render thread/DEBUG] [mixin/]: Mixing core.world.map.ClientLevelMixin from sodium-common.mixins.json into net.minecraft.client.multiplayer.ClientLevel
[27Aug2026 01:38:55.476] [Render thread/DEBUG] [mixin/]: sodium-common.mixins.json:core.world.biome.ClientLevelMixin from mod sodium->@Inject::captureSeed(Lnet/minecraft/client/multiplayer/ClientPacketListener;Lnet/minecraft/client/multiplayer/ClientLevel$ClientLevelData;Lnet/minecraft/resources/ResourceKey;Lnet/minecraft/core/Holder;IILjava/util/function/Supplier;Lnet/minecraft/client/renderer/LevelRenderer;ZJLorg/spongepowered/asm/mixin/injection/callback/CallbackInfo;)V doesn't use it's CallbackInfo
[27Aug2026 01:38:55.476] [Render thread/DEBUG] [mixin/]: sodium-common.mixins.json:core.world.biome.ClientLevelMixin from mod sodium->@Inject::captureSeed(Lnet/minecraft/client/multiplayer/ClientPacketListener;Lnet/minecraft/client/multiplayer/ClientLevel$ClientLevelData;Lnet/minecraft/resources/ResourceKey;Lnet/minecraft/core/Holder;IILjava/util/function/Supplier;Lnet/minecraft/client/renderer/LevelRenderer;ZJLorg/spongepowered/asm/mixin/injection/callback/CallbackInfo;)V has 0 override(s) in child classes
[27Aug2026 01:38:55.476] [Render thread/DEBUG] [mixin/]: sodium-common.mixins.json:core.world.biome.ClientLevelMixin from mod sodium->@Inject::captureSeed(Lnet/minecraft/client/multiplayer/ClientPacketListener;Lnet/minecraft/client/multiplayer/ClientLevel$ClientLevelData;Lnet/minecraft/resources/ResourceKey;Lnet/minecraft/core/Holder;IILjava/util/function/Supplier;Lnet/minecraft/client/renderer/LevelRenderer;ZJLorg/spongepowered/asm/mixin/injection/callback/CallbackInfo;)V won't be passed a CallbackInfo as a result
[27Aug2026 01:38:55.476] [Render thread/DEBUG] [mixin/]: sodium-common.mixins.json:core.world.map.ClientLevelMixin from mod sodium->@Inject::sodium$trackChunkUnload(Lnet/minecraft/world/level/chunk/LevelChunk;Lorg/spongepowered/asm/mixin/injection/callback/CallbackInfo;)V doesn't use it's CallbackInfo
[27Aug2026 01:38:55.477] [Render thread/DEBUG] [mixin/]: sodium-common.mixins.json:core.world.map.ClientLevelMixin from mod sodium->@Inject::sodium$trackChunkUnload(Lnet/minecraft/world/level/chunk/LevelChunk;Lorg/spongepowered/asm/mixin/injection/callback/CallbackInfo;)V has 0 override(s) in child classes
[27Aug2026 01:38:55.477] [Render thread/DEBUG] [mixin/]: sodium-common.mixins.json:core.world.map.ClientLevelMixin from mod sodium->@Inject::sodium$trackChunkUnload(Lnet/minecraft/world/level/chunk/LevelChunk;Lorg/spongepowered/asm/mixin/injection/callback/CallbackInfo;)V won't be passed a CallbackInfo as a result
[27Aug2026 01:38:55.485] [Render thread/DEBUG] [mixin/]: Mixing DeltaTrackerMixin from gnetum.mixins.json into net.minecraft.client.DeltaTracker$Timer
[27Aug2026 01:38:55.485] [Render thread/DEBUG] [mixin/]: gnetum.mixins.json:DeltaTrackerMixin from mod gnetum: Class version 65 required is higher than the class version supported by the current version of Mixin (JAVA_17 supports class version 61)
[27Aug2026 01:38:55.549] [Render thread/WARN] [net.minecraft.server.packs.VanillaPackResourcesBuilder/]: Assets URL 'union:/C:/Users/tigan/curseforge/minecraft/Install/libraries/net/minecraft/client/1.21.1-20240808.144430/client-1.21.1-20240808.144430-srg.jar%23199!/assets/.mcassetsroot' uses unexpected schema
[27Aug2026 01:38:55.550] [Render thread/WARN] [net.minecraft.server.packs.VanillaPackResourcesBuilder/]: Assets URL 'union:/C:/Users/tigan/curseforge/minecraft/Install/libraries/net/minecraft/client/1.21.1-20240808.144430/client-1.21.1-20240808.144430-srg.jar%23199!/data/.mcassetsroot' uses unexpected schema
[27Aug2026 01:38:55.596] [Render thread/INFO] [com.mojang.authlib.yggdrasil.YggdrasilAuthenticationService/]: Environment: Environment[sessionHost=https://sessionserver.mojang.com, servicesHost=https://api.minecraftservices.com, name=PROD]
[27Aug2026 01:38:55.607] [Render thread/INFO] [net.minecraft.client.Minecraft/]: Setting user: mrKahi
[27Aug2026 01:38:55.607] [Render thread/DEBUG] [mixin/]: Mixing AccessKeyMapping from controlling.mixins.json into net.minecraft.client.KeyMapping
[27Aug2026 01:38:55.607] [Render thread/DEBUG] [mixin/]: controlling.mixins.json:AccessKeyMapping from mod controlling: Class version 65 required is higher than the class version supported by the current version of Mixin (JAVA_17 supports class version 61)
[27Aug2026 01:38:55.612] [Render thread/DEBUG] [mixin/]: Mixing MixinOptions_Entrypoint from mixins.iris.json into net.minecraft.client.Options
[27Aug2026 01:38:55.612] [Render thread/DEBUG] [mixin/]: mixins.iris.json:MixinOptions_Entrypoint from mod iris: Class version 65 required is higher than the class version supported by the current version of Mixin (JAVA_8 supports class version 52)
[27Aug2026 01:38:55.613] [Render thread/DEBUG] [mixin/]: Mixing sky.MixinOptions_CloudsOverride from mixins.iris.json into net.minecraft.client.Options
[27Aug2026 01:38:55.613] [Render thread/DEBUG] [mixin/]: mixins.iris.json:sky.MixinOptions_CloudsOverride from mod iris: Class version 65 required is higher than the class version supported by the current version of Mixin (JAVA_8 supports class version 52)
[27Aug2026 01:38:55.613] [Render thread/DEBUG] [mixin/]: Renaming synthetic method lambda$iris$overrideCloudsType$0(Lorg/spongepowered/asm/mixin/injection/callback/CallbackInfoReturnable;Lnet/irisshaders/iris/pipeline/WorldRenderingPipeline;)V to mda2c3ce$iris$lambda$iris$overrideCloudsType$0$0 in mixins.iris.json:sky.MixinOptions_CloudsOverride from mod iris
[27Aug2026 01:38:55.616] [Render thread/DEBUG] [mixin/]: mixins.iris.json:MixinOptions_Entrypoint from mod iris->@Inject::iris$beforeLoadOptions(Lorg/spongepowered/asm/mixin/injection/callback/CallbackInfo;)V doesn't use it's CallbackInfo
[27Aug2026 01:38:55.616] [Render thread/DEBUG] [mixin/]: mixins.iris.json:MixinOptions_Entrypoint from mod iris->@Inject::iris$beforeLoadOptions(Lorg/spongepowered/asm/mixin/injection/callback/CallbackInfo;)V has 0 override(s) in child classes
[27Aug2026 01:38:55.616] [Render thread/DEBUG] [mixin/]: mixins.iris.json:MixinOptions_Entrypoint from mod iris->@Inject::iris$beforeLoadOptions(Lorg/spongepowered/asm/mixin/injection/callback/CallbackInfo;)V won't be passed a CallbackInfo as a result
[27Aug2026 01:38:55.616] [Render thread/DEBUG] [mixin/]: mixins.iris.json:sky.MixinOptions_CloudsOverride from mod iris->@Inject::iris$overrideCloudsType(Lorg/spongepowered/asm/mixin/injection/callback/CallbackInfoReturnable;)V does use it's CallbackInfoReturnable
[27Aug2026 01:38:55.670] [Render thread/DEBUG] [mixin/]: Mixing AccessInputConstantsKey from controlling.mixins.json into com.mojang.blaze3d.platform.InputConstants$Key
[27Aug2026 01:38:55.671] [Render thread/DEBUG] [mixin/]: controlling.mixins.json:AccessInputConstantsKey from mod controlling: Class version 65 required is higher than the class version supported by the current version of Mixin (JAVA_17 supports class version 61)
[27Aug2026 01:38:55.671] [Render thread/DEBUG] [mixin/]: Renaming @Accessor method controlling$getNAME_MAP()Ljava/util/Map; to getNAME_MAP$controlling_$md$a2c3ce$0 in controlling.mixins.json:AccessInputConstantsKey from mod controlling
[27Aug2026 01:38:55.754] [Render thread/INFO] [net.minecraft.client.Minecraft/]: Backend library: LWJGL version 3.3.3+5
[27Aug2026 01:38:55.755] [Render thread/DEBUG] [mixin/]: Mixing core.WindowMixin from sodium-common.mixins.json into com.mojang.blaze3d.platform.Window
[27Aug2026 01:38:55.758] [Render thread/DEBUG] [mixin/]: Mixing workarounds.context_creation.WindowMixin from sodium-common.mixins.json into com.mojang.blaze3d.platform.Window
[27Aug2026 01:38:55.763] [Render thread/DEBUG] [mixin/]: Mixing MixinWindow from mixins.iris.json into com.mojang.blaze3d.platform.Window
[27Aug2026 01:38:55.763] [Render thread/DEBUG] [mixin/]: mixins.iris.json:MixinWindow from mod iris: Class version 65 required is higher than the class version supported by the current version of Mixin (JAVA_8 supports class version 52)
[27Aug2026 01:38:55.769] [Render thread/DEBUG] [mixin/]: sodium-common.mixins.json:workarounds.context_creation.WindowMixin from mod sodium->@Inject::postContextReady(Lcom/mojang/blaze3d/platform/WindowEventHandler;Lcom/mojang/blaze3d/platform/ScreenManager;Lcom/mojang/blaze3d/platform/DisplayData;Ljava/lang/String;Ljava/lang/String;Lorg/spongepowered/asm/mixin/injection/callback/CallbackInfo;)V doesn't use it's CallbackInfo
[27Aug2026 01:38:55.769] [Render thread/DEBUG] [mixin/]: sodium-common.mixins.json:workarounds.context_creation.WindowMixin from mod sodium->@Inject::preSwapBuffers(Lorg/spongepowered/asm/mixin/injection/callback/CallbackInfo;)V doesn't use it's CallbackInfo
[27Aug2026 01:38:55.769] [Render thread/DEBUG] [mixin/]: mixins.iris.json:MixinWindow from mod iris->@Inject::iris$enableDebugContext(Lcom/mojang/blaze3d/platform/WindowEventHandler;Lcom/mojang/blaze3d/platform/ScreenManager;Lcom/mojang/blaze3d/platform/DisplayData;Ljava/lang/String;Ljava/lang/String;Lorg/spongepowered/asm/mixin/injection/callback/CallbackInfo;)V doesn't use it's CallbackInfo
[27Aug2026 01:38:55.824] [Render thread/INFO] [com.mojang.blaze3d.platform.Window/]: OpenGL Vendor: NVIDIA Corporation
[27Aug2026 01:38:55.824] [Render thread/INFO] [com.mojang.blaze3d.platform.Window/]: OpenGL Renderer: NVIDIA GeForce RTX 3060/PCIe/SSE2
[27Aug2026 01:38:55.824] [Render thread/INFO] [com.mojang.blaze3d.platform.Window/]: OpenGL Version: 4.6.0 NVIDIA 610.88
[27Aug2026 01:38:55.826] [Render thread/INFO] [Sodium-NvidiaWorkarounds/]: Modifying OpenGL context to apply workarounds for the NVIDIA graphics driver...
[27Aug2026 01:38:55.827] [Render thread/INFO] [Sodium-NvidiaWorkarounds/]: Enabling GL_DEBUG_OUTPUT_SYNCHRONOUS to force the NVIDIA driver to disable threaded command submission
[27Aug2026 01:38:55.855] [Render thread/DEBUG] [mixin/]: Mixing GlStateManagerAccessor from mixins.iris.json into com.mojang.blaze3d.platform.GlStateManager
[27Aug2026 01:38:55.855] [Render thread/DEBUG] [mixin/]: mixins.iris.json:GlStateManagerAccessor from mod iris: Class version 65 required is higher than the class version supported by the current version of Mixin (JAVA_8 supports class version 52)
[27Aug2026 01:38:55.856] [Render thread/DEBUG] [mixin/]: Renaming @Accessor method getBLEND()Lcom/mojang/blaze3d/platform/GlStateManager$BlendState; to getBLEND$iris_$md$a2c3ce$0 in mixins.iris.json:GlStateManagerAccessor from mod iris
[27Aug2026 01:38:55.856] [Render thread/DEBUG] [mixin/]: Renaming @Accessor method getCOLOR_MASK()Lcom/mojang/blaze3d/platform/GlStateManager$ColorMask; to getCOLOR_MASK$iris_$md$a2c3ce$1 in mixins.iris.json:GlStateManagerAccessor from mod iris
[27Aug2026 01:38:55.856] [Render thread/DEBUG] [mixin/]: Renaming @Accessor method getDEPTH()Lcom/mojang/blaze3d/platform/GlStateManager$DepthState; to getDEPTH$iris_$md$a2c3ce$2 in mixins.iris.json:GlStateManagerAccessor from mod iris
[27Aug2026 01:38:55.856] [Render thread/DEBUG] [mixin/]: Renaming @Accessor method getActiveTexture()I to getActiveTexture$iris_$md$a2c3ce$3 in mixins.iris.json:GlStateManagerAccessor from mod iris
[27Aug2026 01:38:55.856] [Render thread/DEBUG] [mixin/]: Renaming @Accessor method getTEXTURES()[Lcom/mojang/blaze3d/platform/GlStateManager$TextureState; to getTEXTURES$iris_$md$a2c3ce$4 in mixins.iris.json:GlStateManagerAccessor from mod iris
[27Aug2026 01:38:55.856] [Render thread/DEBUG] [mixin/]: Mixing MixinGlStateManager from mixins.iris.json into com.mojang.blaze3d.platform.GlStateManager
[27Aug2026 01:38:55.856] [Render thread/DEBUG] [mixin/]: mixins.iris.json:MixinGlStateManager from mod iris: Class version 65 required is higher than the class version supported by the current version of Mixin (JAVA_8 supports class version 52)
[27Aug2026 01:38:55.856] [Render thread/DEBUG] [mixin/]: Mixing MixinGlStateManager_BlendOverride from mixins.iris.json into com.mojang.blaze3d.platform.GlStateManager
[27Aug2026 01:38:55.857] [Render thread/DEBUG] [mixin/]: mixins.iris.json:MixinGlStateManager_BlendOverride from mod iris: Class version 65 required is higher than the class version supported by the current version of Mixin (JAVA_8 supports class version 52)
[27Aug2026 01:38:55.857] [Render thread/DEBUG] [mixin/]: Mixing MixinGlStateManager_DepthColorOverride from mixins.iris.json into com.mojang.blaze3d.platform.GlStateManager
[27Aug2026 01:38:55.857] [Render thread/DEBUG] [mixin/]: mixins.iris.json:MixinGlStateManager_DepthColorOverride from mod iris: Class version 65 required is higher than the class version supported by the current version of Mixin (JAVA_8 supports class version 52)
[27Aug2026 01:38:55.864] [Render thread/DEBUG] [mixin/]: Mixing MixinGlStateManager_FramebufferBinding from mixins.iris.json into com.mojang.blaze3d.platform.GlStateManager
[27Aug2026 01:38:55.864] [Render thread/DEBUG] [mixin/]: mixins.iris.json:MixinGlStateManager_FramebufferBinding from mod iris: Class version 65 required is higher than the class version supported by the current version of Mixin (JAVA_8 supports class version 52)
[27Aug2026 01:38:55.865] [Render thread/DEBUG] [mixin/]: Mixing statelisteners.MixinGlStateManager from mixins.iris.json into com.mojang.blaze3d.platform.GlStateManager
[27Aug2026 01:38:55.865] [Render thread/DEBUG] [mixin/]: mixins.iris.json:statelisteners.MixinGlStateManager from mod iris: Class version 65 required is higher than the class version supported by the current version of Mixin (JAVA_8 supports class version 52)
[27Aug2026 01:38:55.865] [Render thread/DEBUG] [mixin/]: Renaming synthetic method lambda$static$0(Ljava/lang/Runnable;)V to mda2c3ce$iris$lambda$static$0$5 in mixins.iris.json:statelisteners.MixinGlStateManager from mod iris
[27Aug2026 01:38:55.865] [Render thread/DEBUG] [mixin/]: Mixing texture.MixinGlStateManager from mixins.iris.json into com.mojang.blaze3d.platform.GlStateManager
[27Aug2026 01:38:55.865] [Render thread/DEBUG] [mixin/]: mixins.iris.json:texture.MixinGlStateManager from mod iris: Class version 65 required is higher than the class version supported by the current version of Mixin (JAVA_8 supports class version 52)
[27Aug2026 01:38:55.866] [Render thread/DEBUG] [mixin/]: Mixing GlStateManagerMixin from gnetum.mixins.json into com.mojang.blaze3d.platform.GlStateManager
[27Aug2026 01:38:55.866] [Render thread/DEBUG] [mixin/]: gnetum.mixins.json:GlStateManagerMixin from mod gnetum: Class version 65 required is higher than the class version supported by the current version of Mixin (JAVA_17 supports class version 61)
[27Aug2026 01:38:55.868] [Render thread/DEBUG] [mixin/]: Mixing features.render.viewport.GlStateManagerMixin from sodium-common.mixins.json into com.mojang.blaze3d.platform.GlStateManager
[27Aug2026 01:38:55.874] [Render thread/DEBUG] [mixin/]: mixins.iris.json:MixinGlStateManager_BlendOverride from mod iris->@Inject::iris$blendDisableLock(Lorg/spongepowered/asm/mixin/injection/callback/CallbackInfo;)V does use it's CallbackInfo
[27Aug2026 01:38:55.874] [Render thread/DEBUG] [mixin/]: mixins.iris.json:MixinGlStateManager_BlendOverride from mod iris->@Inject::iris$blendEnableLock(Lorg/spongepowered/asm/mixin/injection/callback/CallbackInfo;)V does use it's CallbackInfo
[27Aug2026 01:38:55.874] [Render thread/DEBUG] [mixin/]: mixins.iris.json:MixinGlStateManager_BlendOverride from mod iris->@Inject::iris$blendFuncLock(IILorg/spongepowered/asm/mixin/injection/callback/CallbackInfo;)V does use it's CallbackInfo
[27Aug2026 01:38:55.874] [Render thread/DEBUG] [mixin/]: mixins.iris.json:MixinGlStateManager_BlendOverride from mod iris->@Inject::iris$blendFuncSeparateLock(IIIILorg/spongepowered/asm/mixin/injection/callback/CallbackInfo;)V does use it's CallbackInfo
[27Aug2026 01:38:55.874] [Render thread/DEBUG] [mixin/]: mixins.iris.json:MixinGlStateManager_DepthColorOverride from mod iris->@Inject::iris$colorMaskLock(ZZZZLorg/spongepowered/asm/mixin/injection/callback/CallbackInfo;)V does use it's CallbackInfo
[27Aug2026 01:38:55.875] [Render thread/DEBUG] [mixin/]: mixins.iris.json:MixinGlStateManager_DepthColorOverride from mod iris->@Inject::iris$depthMaskLock(ZLorg/spongepowered/asm/mixin/injection/callback/CallbackInfo;)V does use it's CallbackInfo
[27Aug2026 01:38:55.875] [Render thread/DEBUG] [mixin/]: mixins.iris.json:MixinGlStateManager_DepthColorOverride from mod iris->@Inject::iris$resetTessellation(ILorg/spongepowered/asm/mixin/injection/callback/CallbackInfo;)V doesn't use it's CallbackInfo
[27Aug2026 01:38:55.875] [Render thread/DEBUG] [mixin/]: mixins.iris.json:MixinGlStateManager_FramebufferBinding from mod iris->@Inject::iris$avoidRedundantBind(IILorg/spongepowered/asm/mixin/injection/callback/CallbackInfo;)V does use it's CallbackInfo
[27Aug2026 01:38:55.875] [Render thread/DEBUG] [mixin/]: mixins.iris.json:MixinGlStateManager_FramebufferBinding from mod iris->@Inject::iris$avoidRedundantBind2(ILorg/spongepowered/asm/mixin/injection/callback/CallbackInfo;)V does use it's CallbackInfo
[27Aug2026 01:38:55.875] [Render thread/DEBUG] [mixin/]: mixins.iris.json:MixinGlStateManager_FramebufferBinding from mod iris->@Inject::iris$trackFramebufferDelete(ILorg/spongepowered/asm/mixin/injection/callback/CallbackInfo;)V doesn't use it's CallbackInfo
[27Aug2026 01:38:55.875] [Render thread/DEBUG] [mixin/]: mixins.iris.json:statelisteners.MixinGlStateManager from mod iris->@Inject::iris$onBlendFunc(IILorg/spongepowered/asm/mixin/injection/callback/CallbackInfo;)V doesn't use it's CallbackInfo
[27Aug2026 01:38:55.875] [Render thread/DEBUG] [mixin/]: mixins.iris.json:statelisteners.MixinGlStateManager from mod iris->@Inject::iris$onBlendFuncSeparate(IIIILorg/spongepowered/asm/mixin/injection/callback/CallbackInfo;)V doesn't use it's CallbackInfo
[27Aug2026 01:38:55.875] [Render thread/DEBUG] [mixin/]: mixins.iris.json:texture.MixinGlStateManager from mod iris->@Inject::iris$onTexImage2D(IIIIIIIILjava/nio/IntBuffer;Lorg/spongepowered/asm/mixin/injection/callback/CallbackInfo;)V doesn't use it's CallbackInfo
[27Aug2026 01:38:55.875] [Render thread/DEBUG] [mixin/]: mixins.iris.json:texture.MixinGlStateManager from mod iris->@Inject::iris$onDeleteTexture(ILorg/spongepowered/asm/mixin/injection/callback/CallbackInfo;)V doesn't use it's CallbackInfo
[27Aug2026 01:38:55.875] [Render thread/DEBUG] [mixin/]: mixins.iris.json:texture.MixinGlStateManager from mod iris->@Inject::iris$onDeleteTextures([ILorg/spongepowered/asm/mixin/injection/callback/CallbackInfo;)V doesn't use it's CallbackInfo
[27Aug2026 01:38:55.875] [Render thread/DEBUG] [mixin/]: gnetum.mixins.json:GlStateManagerMixin from mod gnetum->@Inject::gnetum$bindFramebuffer(IILorg/spongepowered/asm/mixin/injection/callback/CallbackInfo;)V doesn't use it's CallbackInfo
[27Aug2026 01:38:55.875] [Render thread/DEBUG] [mixin/]: gnetum.mixins.json:GlStateManagerMixin from mod gnetum->@Inject::gnetum$blendFunc(IILorg/spongepowered/asm/mixin/injection/callback/CallbackInfo;)V does use it's CallbackInfo
[27Aug2026 01:38:55.876] [Render thread/DEBUG] [mixin/]: gnetum.mixins.json:GlStateManagerMixin from mod gnetum->@Inject::gnetum$blendFuncSeparate(IIIILorg/spongepowered/asm/mixin/injection/callback/CallbackInfo;)V does use it's CallbackInfo
[27Aug2026 01:38:55.890] [Render thread/DEBUG] [mixin/]: Mixing MixinBooleanState from mixins.iris.json into com.mojang.blaze3d.platform.GlStateManager$BooleanState
[27Aug2026 01:38:55.890] [Render thread/DEBUG] [mixin/]: mixins.iris.json:MixinBooleanState from mod iris: Class version 65 required is higher than the class version supported by the current version of Mixin (JAVA_8 supports class version 52)
[27Aug2026 01:38:55.893] [Render thread/DEBUG] [mixin/]: Mixing statelisteners.BooleanStateAccessor from mixins.iris.json into com.mojang.blaze3d.platform.GlStateManager$BooleanState
[27Aug2026 01:38:55.893] [Render thread/DEBUG] [mixin/]: mixins.iris.json:statelisteners.BooleanStateAccessor from mod iris: Class version 65 required is higher than the class version supported by the current version of Mixin (JAVA_8 supports class version 52)
[27Aug2026 01:38:55.894] [Render thread/DEBUG] [mixin/]: mixins.iris.json:MixinBooleanState from mod iris->@Inject::iris$setUnknownState(ZLorg/spongepowered/asm/mixin/injection/callback/CallbackInfo;)V does use it's CallbackInfo
[27Aug2026 01:38:55.922] [Render thread/DEBUG] [mixin/]: Mixing features.textures.NativeImageAccessor from sodium-common.mixins.json into com.mojang.blaze3d.platform.NativeImage
[27Aug2026 01:38:56.053] [Render thread/INFO] [Iris/]: Debug functionality is disabled.
[27Aug2026 01:38:56.066] [Render thread/INFO] [Iris/]: OpenGL 4.5 detected, enabling DSA.
[27Aug2026 01:38:56.085] [Render thread/DEBUG] [mixin/]: Mixing MixinVertexFormat from mixins.iris.vertexformat.json into com.mojang.blaze3d.vertex.VertexFormat
[27Aug2026 01:38:56.086] [Render thread/DEBUG] [mixin/]: mixins.iris.vertexformat.json:MixinVertexFormat from mod iris: Class version 65 required is higher than the class version supported by the current version of Mixin (JAVA_8 supports class version 52)
[27Aug2026 01:38:56.087] [Render thread/DEBUG] [mixin/]: Mixing core.render.VertexFormatMixin from sodium-common.mixins.json into com.mojang.blaze3d.vertex.VertexFormat
[27Aug2026 01:38:56.089] [Render thread/DEBUG] [mixin/]: mixins.iris.vertexformat.json:MixinVertexFormat from mod iris->@Inject::iris$onSetupBufferState(Lorg/spongepowered/asm/mixin/injection/callback/CallbackInfo;)V does use it's CallbackInfo
[27Aug2026 01:38:56.089] [Render thread/DEBUG] [mixin/]: mixins.iris.vertexformat.json:MixinVertexFormat from mod iris->@Inject::iris$onClearBufferState(Lorg/spongepowered/asm/mixin/injection/callback/CallbackInfo;)V does use it's CallbackInfo
[27Aug2026 01:38:56.089] [Render thread/DEBUG] [mixin/]: sodium-common.mixins.json:core.render.VertexFormatMixin from mod sodium->@Inject::afterInit(Ljava/util/List;Ljava/util/List;Lit/unimi/dsi/fastutil/ints/IntList;ILorg/spongepowered/asm/mixin/injection/callback/CallbackInfo;)V doesn't use it's CallbackInfo
[27Aug2026 01:38:56.089] [Render thread/DEBUG] [mixin/]: sodium-common.mixins.json:core.render.VertexFormatMixin from mod sodium->@Inject::afterInit(Ljava/util/List;Ljava/util/List;Lit/unimi/dsi/fastutil/ints/IntList;ILorg/spongepowered/asm/mixin/injection/callback/CallbackInfo;)V has 0 override(s) in child classes
[27Aug2026 01:38:56.089] [Render thread/DEBUG] [mixin/]: sodium-common.mixins.json:core.render.VertexFormatMixin from mod sodium->@Inject::afterInit(Ljava/util/List;Ljava/util/List;Lit/unimi/dsi/fastutil/ints/IntList;ILorg/spongepowered/asm/mixin/injection/callback/CallbackInfo;)V won't be passed a CallbackInfo as a result
[27Aug2026 01:38:56.093] [Render thread/DEBUG] [mixin/]: Mixing MixinVertexFormatElement from mixins.iris.vertexformat.json into com.mojang.blaze3d.vertex.VertexFormatElement
[27Aug2026 01:38:56.093] [Render thread/DEBUG] [mixin/]: mixins.iris.vertexformat.json:MixinVertexFormatElement from mod iris: Class version 65 required is higher than the class version supported by the current version of Mixin (JAVA_8 supports class version 52)
[27Aug2026 01:38:56.094] [Render thread/DEBUG] [mixin/]: mixins.iris.vertexformat.json:MixinVertexFormatElement from mod iris->@Inject::iris$fixGenericAttributes(ILcom/mojang/blaze3d/vertex/VertexFormatElement$Usage;Lorg/spongepowered/asm/mixin/injection/callback/CallbackInfoReturnable;)V does use it's CallbackInfoReturnable
[27Aug2026 01:38:56.111] [Render thread/INFO] [Iris/]: Shaders are disabled because no valid shaderpack is selected
[27Aug2026 01:38:56.143] [ForkJoinPool.commonPool-worker-13/WARN] [Iris/]: [Iris Update Check] This version doesn't have an update index, skipping.
[27Aug2026 01:38:56.154] [Render thread/DEBUG] [net.neoforged.fml.ModWorkManager/LOADING]: Using 16 threads for parallel mod-loading
[27Aug2026 01:38:56.184] [Render thread/DEBUG] [net.neoforged.fml.javafmlmod.FMLModContainer/LOADING]: Creating FMLModContainer instance for [net.irisshaders.iris.platform.IrisForgeMod]
[27Aug2026 01:38:56.194] [Render thread/DEBUG] [net.neoforged.fml.javafmlmod.FMLModContainer/LOADING]: Creating FMLModContainer instance for [org.sinytra.fabric.api_base.generated.GeneratedEntryPoint]
[27Aug2026 01:38:56.194] [Render thread/DEBUG] [net.neoforged.fml.javafmlmod.FMLModContainer/LOADING]: Creating FMLModContainer instance for [org.sinytra.fabric.renderer_api.generated.GeneratedEntryPoint]
[27Aug2026 01:38:56.194] [Render thread/DEBUG] [net.neoforged.fml.javafmlmod.FMLModContainer/LOADING]: Creating FMLModContainer instance for [malte0811.ferritecore.ModMainForge]
[27Aug2026 01:38:56.196] [Render thread/DEBUG] [net.neoforged.fml.javafmlmod.FMLModContainer/LOADING]: Creating FMLModContainer instance for [me.decce.gnetum.Gnetum]
[27Aug2026 01:38:56.196] [Render thread/DEBUG] [net.neoforged.fml.javafmlmod.FMLModContainer/LOADING]: Creating FMLModContainer instance for [mezz.jei.neoforge.JustEnoughItems]
[27Aug2026 01:38:56.196] [Render thread/DEBUG] [net.neoforged.fml.javafmlmod.FMLModContainer/LOADING]: Creating FMLModContainer instance for [org.sinytra.fabric.rendering_data_attachment_v1.generated.GeneratedEntryPoint]
[27Aug2026 01:38:56.196] [Render thread/DEBUG] [net.neoforged.fml.javafmlmod.FMLModContainer/LOADING]: Creating FMLModContainer instance for [net.caffeinemc.mods.sodium.neoforge.SodiumForgeMod]
[27Aug2026 01:38:56.197] [Render thread/DEBUG] [net.neoforged.fml.javafmlmod.FMLModContainer/LOADING]: Creating FMLModContainer instance for [com.lingmu0.JeiPlusPlusMod.JeiPlusPlus]
[27Aug2026 01:38:56.197] [Render thread/DEBUG] [net.neoforged.fml.javafmlmod.FMLModContainer/LOADING]: Creating FMLModContainer instance for [fuzs.bettermodsbutton.neoforge.BetterModsButtonNeoForge, fuzs.bettermodsbutton.neoforge.client.BetterModsButtonNeoForgeClient]
[27Aug2026 01:38:56.198] [Render thread/DEBUG] [net.neoforged.fml.javafmlmod.FMLModContainer/LOADING]: Creating FMLModContainer instance for [com.blamejared.controlling.Controlling]
[27Aug2026 01:38:56.199] [Render thread/DEBUG] [net.neoforged.fml.javafmlmod.FMLModContainer/LOADING]: Creating FMLModContainer instance for [net.neoforged.neoforge.common.NeoForgeMod, net.neoforged.neoforge.client.ClientNeoForgeMod]
[27Aug2026 01:38:56.202] [Render thread/DEBUG] [net.neoforged.fml.javafmlmod.FMLModContainer/LOADING]: Creating FMLModContainer instance for [com.blamejared.searchables.SearchablesNeoForge]
[27Aug2026 01:38:56.202] [Render thread/DEBUG] [net.neoforged.fml.javafmlmod.FMLModContainer/LOADING]: Creating FMLModContainer instance for [dev.tigan.naniteevolution.NaniteEvolution]
[27Aug2026 01:38:56.202] [Render thread/DEBUG] [net.neoforged.fml.javafmlmod.FMLModContainer/LOADING]: Creating FMLModContainer instance for [org.sinytra.fabric.block_view_api.generated.GeneratedEntryPoint]
[27Aug2026 01:38:56.208] [modloading-worker-0/DEBUG] [net.neoforged.fml.javafmlmod.AutomaticEventSubscriber/LOADING]: Attempting to inject @EventBusSubscriber classes into the eventbus for fabric_api_base
[27Aug2026 01:38:56.208] [modloading-worker-0/DEBUG] [net.neoforged.fml.javafmlmod.AutomaticEventSubscriber/LOADING]: Attempting to inject @EventBusSubscriber classes into the eventbus for fabric_renderer_api_v1
[27Aug2026 01:38:56.208] [modloading-worker-0/DEBUG] [net.neoforged.fml.javafmlmod.AutomaticEventSubscriber/LOADING]: Attempting to inject @EventBusSubscriber classes into the eventbus for ferritecore
[27Aug2026 01:38:56.209] [modloading-worker-0/DEBUG] [net.neoforged.fml.javafmlmod.AutomaticEventSubscriber/LOADING]: Scanning class malte0811.ferritecore.ModClientForge for @SubscribeEvent-annotated methods
[27Aug2026 01:38:56.210] [modloading-worker-0/DEBUG] [net.neoforged.fml.javafmlmod.AutomaticEventSubscriber/LOADING]: Attempting to inject @EventBusSubscriber classes into the eventbus for fabric_rendering_data_attachment_v1
[27Aug2026 01:38:56.212] [modloading-worker-0/DEBUG] [net.neoforged.fml.javafmlmod.AutomaticEventSubscriber/LOADING]: Attempting to inject @EventBusSubscriber classes into the eventbus for searchables
[27Aug2026 01:38:56.212] [modloading-worker-0/DEBUG] [net.neoforged.fml.javafmlmod.AutomaticEventSubscriber/]: Subscribing @EventBusSubscriber class Lmalte0811/ferritecore/ModClientForge; to the mod event bus of mod ferritecore
[27Aug2026 01:38:56.213] [modloading-worker-0/DEBUG] [net.neoforged.fml.javafmlmod.AutomaticEventSubscriber/LOADING]: Attempting to inject @EventBusSubscriber classes into the eventbus for fabric_block_view_api_v2
[27Aug2026 01:38:56.229] [modloading-worker-0/DEBUG] [mixin/]: Mixing MixinRenderType from mixins.iris.json into net.minecraft.client.renderer.RenderType
[27Aug2026 01:38:56.229] [modloading-worker-0/DEBUG] [mixin/]: mixins.iris.json:MixinRenderType from mod iris: Class version 65 required is higher than the class version supported by the current version of Mixin (JAVA_8 supports class version 52)
[27Aug2026 01:38:56.229] [modloading-worker-0/DEBUG] [mixin/]: Mixing rendertype.RenderTypeAccessor from mixins.iris.json into net.minecraft.client.renderer.RenderType
[27Aug2026 01:38:56.229] [modloading-worker-0/DEBUG] [mixin/]: mixins.iris.json:rendertype.RenderTypeAccessor from mod iris: Class version 65 required is higher than the class version supported by the current version of Mixin (JAVA_8 supports class version 52)
[27Aug2026 01:38:56.229] [modloading-worker-0/DEBUG] [mixin/]: Mixing MixinRenderType from iris-batched-entity-rendering.mixins.json into net.minecraft.client.renderer.RenderType
[27Aug2026 01:38:56.229] [modloading-worker-0/DEBUG] [mixin/]: iris-batched-entity-rendering.mixins.json:MixinRenderType from mod iris: Class version 65 required is higher than the class version supported by the current version of Mixin (JAVA_8 supports class version 52)
[27Aug2026 01:38:56.230] [modloading-worker-0/DEBUG] [net.neoforged.fml.javafmlmod.AutomaticEventSubscriber/LOADING]: Attempting to inject @EventBusSubscriber classes into the eventbus for controlling
[27Aug2026 01:38:56.230] [modloading-worker-0/DEBUG] [mixin/]: Mixing RenderTypeAccessor from iris-batched-entity-rendering.mixins.json into net.minecraft.client.renderer.RenderType
[27Aug2026 01:38:56.230] [modloading-worker-0/DEBUG] [mixin/]: iris-batched-entity-rendering.mixins.json:RenderTypeAccessor from mod iris: Class version 65 required is higher than the class version supported by the current version of Mixin (JAVA_8 supports class version 52)
[27Aug2026 01:38:56.230] [modloading-worker-0/DEBUG] [net.neoforged.fml.javafmlmod.AutomaticEventSubscriber/LOADING]: Attempting to inject @EventBusSubscriber classes into the eventbus for iris
[27Aug2026 01:38:56.232] [modloading-worker-0/DEBUG] [mixin/]: Unexpected: Registered method shouldSortOnUpload()Z in net.minecraft.client.renderer.RenderType was not merged
[27Aug2026 01:38:56.235] [modloading-worker-0/DEBUG] [mixin/]: Mixing rendertype.RenderStateShardAccessor from mixins.iris.json into net.minecraft.client.renderer.RenderStateShard
[27Aug2026 01:38:56.235] [modloading-worker-0/DEBUG] [mixin/]: mixins.iris.json:rendertype.RenderStateShardAccessor from mod iris: Class version 65 required is higher than the class version supported by the current version of Mixin (JAVA_8 supports class version 52)
[27Aug2026 01:38:56.235] [modloading-worker-0/DEBUG] [mixin/]: Renaming @Accessor method getTranslucentTransparency()Lnet/minecraft/client/renderer/RenderStateShard$TransparencyStateShard; to getTranslucentTransparency$iris_$md$a2c3ce$0 in mixins.iris.json:rendertype.RenderStateShardAccessor from mod iris
[27Aug2026 01:38:56.235] [modloading-worker-0/DEBUG] [mixin/]: Mixing RenderStateShardAccessor from iris-batched-entity-rendering.mixins.json into net.minecraft.client.renderer.RenderStateShard
[27Aug2026 01:38:56.235] [modloading-worker-0/DEBUG] [mixin/]: iris-batched-entity-rendering.mixins.json:RenderStateShardAccessor from mod iris: Class version 65 required is higher than the class version supported by the current version of Mixin (JAVA_8 supports class version 52)
[27Aug2026 01:38:56.235] [modloading-worker-0/DEBUG] [mixin/]: Renaming @Accessor method getNO_TRANSPARENCY()Lnet/minecraft/client/renderer/RenderStateShard$TransparencyStateShard; to getNO_TRANSPARENCY$iris_$md$a2c3ce$1 in iris-batched-entity-rendering.mixins.json:RenderStateShardAccessor from mod iris
[27Aug2026 01:38:56.235] [modloading-worker-0/DEBUG] [mixin/]: Renaming @Accessor method getGLINT_TRANSPARENCY()Lnet/minecraft/client/renderer/RenderStateShard$TransparencyStateShard; to getGLINT_TRANSPARENCY$iris_$md$a2c3ce$2 in iris-batched-entity-rendering.mixins.json:RenderStateShardAccessor from mod iris
[27Aug2026 01:38:56.235] [modloading-worker-0/DEBUG] [mixin/]: Renaming @Accessor method getCRUMBLING_TRANSPARENCY()Lnet/minecraft/client/renderer/RenderStateShard$TransparencyStateShard; to getCRUMBLING_TRANSPARENCY$iris_$md$a2c3ce$3 in iris-batched-entity-rendering.mixins.json:RenderStateShardAccessor from mod iris
[27Aug2026 01:38:56.238] [modloading-worker-0/DEBUG] [net.neoforged.fml.javafmlmod.AutomaticEventSubscriber/LOADING]: Attempting to inject @EventBusSubscriber classes into the eventbus for gnetum
[27Aug2026 01:38:56.239] [modloading-worker-0/DEBUG] [mixin/]: Mixing MixinCompositeRenderType from iris-batched-entity-rendering.mixins.json into net.minecraft.client.renderer.RenderType$CompositeRenderType
[27Aug2026 01:38:56.239] [modloading-worker-0/DEBUG] [mixin/]: iris-batched-entity-rendering.mixins.json:MixinCompositeRenderType from mod iris: Class version 65 required is higher than the class version supported by the current version of Mixin (JAVA_8 supports class version 52)
[27Aug2026 01:38:56.241] [modloading-worker-0/DEBUG] [mixin/]: iris-batched-entity-rendering.mixins.json:MixinCompositeRenderType from mod iris->@Inject::batchedentityrendering$onCompositeInit(Ljava/lang/String;Lcom/mojang/blaze3d/vertex/VertexFormat;Lcom/mojang/blaze3d/vertex/VertexFormat$Mode;IZZLnet/minecraft/client/renderer/RenderType$CompositeState;Lorg/spongepowered/asm/mixin/injection/callback/CallbackInfo;)V doesn't use it's CallbackInfo
[27Aug2026 01:38:56.248] [modloading-worker-0/INFO] [nanite_evolution/]: GregTech CEu Modern not detected; running standalone
[27Aug2026 01:38:56.249] [modloading-worker-0/INFO] [nanite_evolution/]: Nanite Evolution initialized on NeoForge
[27Aug2026 01:38:56.249] [modloading-worker-0/DEBUG] [net.neoforged.fml.javafmlmod.AutomaticEventSubscriber/LOADING]: Attempting to inject @EventBusSubscriber classes into the eventbus for nanite_evolution
[27Aug2026 01:38:56.249] [modloading-worker-0/DEBUG] [net.neoforged.fml.javafmlmod.AutomaticEventSubscriber/LOADING]: Scanning class dev.tigan.naniteevolution.client.NaniteClientModEvents for @SubscribeEvent-annotated methods
[27Aug2026 01:38:56.250] [modloading-worker-0/DEBUG] [net.neoforged.fml.javafmlmod.AutomaticEventSubscriber/]: Subscribing @EventBusSubscriber class Ldev/tigan/naniteevolution/client/NaniteClientModEvents; to the mod event bus of mod nanite_evolution
[27Aug2026 01:38:56.250] [modloading-worker-0/DEBUG] [mixin/]: Mixing GameRendererAccessor from mixins.iris.json into net.minecraft.client.renderer.GameRenderer
[27Aug2026 01:38:56.251] [modloading-worker-0/DEBUG] [mixin/]: mixins.iris.json:GameRendererAccessor from mod iris: Class version 65 required is higher than the class version supported by the current version of Mixin (JAVA_8 supports class version 52)
[27Aug2026 01:38:56.251] [modloading-worker-0/DEBUG] [net.neoforged.fml.javafmlmod.AutomaticEventSubscriber/LOADING]: Scanning class dev.tigan.naniteevolution.client.NaniteClientGameEvents for @SubscribeEvent-annotated methods
[27Aug2026 01:38:56.252] [modloading-worker-0/DEBUG] [mixin/]: Mixing MixinGameRenderer from mixins.iris.json into net.minecraft.client.renderer.GameRenderer
[27Aug2026 01:38:56.253] [modloading-worker-0/DEBUG] [mixin/]: mixins.iris.json:MixinGameRenderer from mod iris: Class version 65 required is higher than the class version supported by the current version of Mixin (JAVA_8 supports class version 52)
[27Aug2026 01:38:56.253] [modloading-worker-0/DEBUG] [net.neoforged.fml.config.ConfigTracker/CONFIG]: Config file bettermodsbutton-client.toml for bettermodsbutton tracking
[27Aug2026 01:38:56.253] [modloading-worker-0/DEBUG] [net.neoforged.fml.config.ConfigTracker/CONFIG]: Config file jei-server.toml for jei tracking
[27Aug2026 01:38:56.263] [modloading-worker-0/DEBUG] [mixin/]: Mixing MixinModelViewBobbing from mixins.iris.json into net.minecraft.client.renderer.GameRenderer
[27Aug2026 01:38:56.263] [modloading-worker-0/DEBUG] [mixin/]: mixins.iris.json:MixinModelViewBobbing from mod iris: Class version 65 required is higher than the class version supported by the current version of Mixin (JAVA_8 supports class version 52)
[27Aug2026 01:38:56.267] [modloading-worker-0/DEBUG] [mixin/]: Mixing features.gui.hooks.console.GameRendererMixin from sodium-common.mixins.json into net.minecraft.client.renderer.GameRenderer
[27Aug2026 01:38:56.268] [modloading-worker-0/DEBUG] [mixin/]: Mixing MixinGameRenderer_NightVisionCompat from mixins.iris.json into net.minecraft.client.renderer.GameRenderer
[27Aug2026 01:38:56.268] [modloading-worker-0/DEBUG] [mixin/]: mixins.iris.json:MixinGameRenderer_NightVisionCompat from mod iris: Class version 65 required is higher than the class version supported by the current version of Mixin (JAVA_8 supports class version 52)
[27Aug2026 01:38:56.268] [modloading-worker-0/DEBUG] [mixin/]: Mixing GameRendererMixin from gnetum.mixins.json into net.minecraft.client.renderer.GameRenderer
[27Aug2026 01:38:56.268] [modloading-worker-0/DEBUG] [mixin/]: gnetum.mixins.json:GameRendererMixin from mod gnetum: Class version 65 required is higher than the class version supported by the current version of Mixin (JAVA_17 supports class version 61)
[27Aug2026 01:38:56.268] [modloading-worker-0/DEBUG] [mixin/]: Renaming synthetic method lambda$gnetum$wrapGuiRender$5(Lnet/minecraft/client/gui/GuiGraphics;Lnet/minecraft/client/DeltaTracker;)V to mda2c3ce$gnetum$lambda$gnetum$wrapGuiRender$5$0 in gnetum.mixins.json:GameRendererMixin from mod gnetum
[27Aug2026 01:38:56.268] [modloading-worker-0/DEBUG] [mixin/]: Renaming synthetic method lambda$gnetum$wrapGuiRender$4(Ljava/lang/String;)Z to mda2c3ce$gnetum$lambda$gnetum$wrapGuiRender$4$1 in gnetum.mixins.json:GameRendererMixin from mod gnetum
[27Aug2026 01:38:56.268] [modloading-worker-0/DEBUG] [mixin/]: Renaming synthetic method lambda$gnetum$wrapGuiRender$3(Ljava/lang/String;)Z to mda2c3ce$gnetum$lambda$gnetum$wrapGuiRender$3$2 in gnetum.mixins.json:GameRendererMixin from mod gnetum
[27Aug2026 01:38:56.268] [modloading-worker-0/DEBUG] [mixin/]: Renaming synthetic method lambda$gnetum$wrapGuiRender$2(Lnet/minecraft/client/gui/GuiGraphics;Lnet/minecraft/client/DeltaTracker;)V to mda2c3ce$gnetum$lambda$gnetum$wrapGuiRender$2$3 in gnetum.mixins.json:GameRendererMixin from mod gnetum
[27Aug2026 01:38:56.268] [modloading-worker-0/DEBUG] [mixin/]: Renaming synthetic method lambda$gnetum$wrapGuiRender$1(Ljava/lang/String;)Z to mda2c3ce$gnetum$lambda$gnetum$wrapGuiRender$1$4 in gnetum.mixins.json:GameRendererMixin from mod gnetum
[27Aug2026 01:38:56.268] [modloading-worker-0/DEBUG] [mixin/]: Renaming synthetic method lambda$gnetum$wrapGuiRender$0(Ljava/lang/String;)Z to mda2c3ce$gnetum$lambda$gnetum$wrapGuiRender$0$5 in gnetum.mixins.json:GameRendererMixin from mod gnetum
[27Aug2026 01:38:56.313] [modloading-worker-0/DEBUG] [mixin/]: mixins.iris.json:MixinGameRenderer from mod iris->@Inject::iris$overridePositionShader(Lorg/spongepowered/asm/mixin/injection/callback/CallbackInfoReturnable;)V does use it's CallbackInfoReturnable
[27Aug2026 01:38:56.313] [modloading-worker-0/DEBUG] [mixin/]: mixins.iris.json:MixinGameRenderer from mod iris->@Inject::iris$overridePositionColorShader(Lorg/spongepowered/asm/mixin/injection/callback/CallbackInfoReturnable;)V does use it's CallbackInfoReturnable
[27Aug2026 01:38:56.313] [modloading-worker-0/DEBUG] [mixin/]: mixins.iris.json:MixinGameRenderer from mod iris->@Inject::iris$overridePositionTexShader(Lorg/spongepowered/asm/mixin/injection/callback/CallbackInfoReturnable;)V does use it's CallbackInfoReturnable
[27Aug2026 01:38:56.313] [modloading-worker-0/DEBUG] [mixin/]: mixins.iris.json:MixinGameRenderer from mod iris->@Inject::iris$overridePositionTexColorShader(Lorg/spongepowered/asm/mixin/injection/callback/CallbackInfoReturnable;)V does use it's CallbackInfoReturnable
[27Aug2026 01:38:56.313] [modloading-worker-0/DEBUG] [mixin/]: mixins.iris.json:MixinGameRenderer from mod iris->@Inject::iris$overrideParticleShader(Lorg/spongepowered/asm/mixin/injection/callback/CallbackInfoReturnable;)V does use it's CallbackInfoReturnable
[27Aug2026 01:38:56.313] [modloading-worker-0/DEBUG] [mixin/]: mixins.iris.json:MixinGameRenderer from mod iris->@Inject::iris$overridePositionTexColorNormalShader(Lorg/spongepowered/asm/mixin/injection/callback/CallbackInfoReturnable;)V does use it's CallbackInfoReturnable
[27Aug2026 01:38:56.313] [modloading-worker-0/DEBUG] [mixin/]: mixins.iris.json:MixinGameRenderer from mod iris->@Inject::iris$overrideSolidShader(Lorg/spongepowered/asm/mixin/injection/callback/CallbackInfoReturnable;)V does use it's CallbackInfoReturnable
[27Aug2026 01:38:56.313] [modloading-worker-0/DEBUG] [mixin/]: mixins.iris.json:MixinGameRenderer from mod iris->@Inject::iris$overrideCutoutShader(Lorg/spongepowered/asm/mixin/injection/callback/CallbackInfoReturnable;)V does use it's CallbackInfoReturnable
[27Aug2026 01:38:56.313] [modloading-worker-0/DEBUG] [mixin/]: mixins.iris.json:MixinGameRenderer from mod iris->@Inject::iris$overrideCutoutShader(Lorg/spongepowered/asm/mixin/injection/callback/CallbackInfoReturnable;)V does use it's CallbackInfoReturnable
[27Aug2026 01:38:56.313] [modloading-worker-0/DEBUG] [mixin/]: mixins.iris.json:MixinGameRenderer from mod iris->@Inject::iris$overrideTranslucentShader(Lorg/spongepowered/asm/mixin/injection/callback/CallbackInfoReturnable;)V does use it's CallbackInfoReturnable
[27Aug2026 01:38:56.313] [modloading-worker-0/DEBUG] [mixin/]: mixins.iris.json:MixinGameRenderer from mod iris->@Inject::iris$overrideTranslucentShader(Lorg/spongepowered/asm/mixin/injection/callback/CallbackInfoReturnable;)V does use it's CallbackInfoReturnable
[27Aug2026 01:38:56.313] [modloading-worker-0/DEBUG] [mixin/]: mixins.iris.json:MixinGameRenderer from mod iris->@Inject::iris$overrideTranslucentShader(Lorg/spongepowered/asm/mixin/injection/callback/CallbackInfoReturnable;)V does use it's CallbackInfoReturnable
[27Aug2026 01:38:56.313] [modloading-worker-0/DEBUG] [mixin/]: mixins.iris.json:MixinGameRenderer from mod iris->@Inject::iris$overrideEntityCutoutShader(Lorg/spongepowered/asm/mixin/injection/callback/CallbackInfoReturnable;)V does use it's CallbackInfoReturnable
[27Aug2026 01:38:56.313] [modloading-worker-0/DEBUG] [mixin/]: mixins.iris.json:MixinGameRenderer from mod iris->@Inject::iris$overrideEntityCutoutShader(Lorg/spongepowered/asm/mixin/injection/callback/CallbackInfoReturnable;)V does use it's CallbackInfoReturnable
[27Aug2026 01:38:56.313] [modloading-worker-0/DEBUG] [mixin/]: mixins.iris.json:MixinGameRenderer from mod iris->@Inject::iris$overrideEntityCutoutShader(Lorg/spongepowered/asm/mixin/injection/callback/CallbackInfoReturnable;)V does use it's CallbackInfoReturnable
[27Aug2026 01:38:56.313] [modloading-worker-0/DEBUG] [mixin/]: mixins.iris.json:MixinGameRenderer from mod iris->@Inject::iris$overrideEntityCutoutShader(Lorg/spongepowered/asm/mixin/injection/callback/CallbackInfoReturnable;)V does use it's CallbackInfoReturnable
[27Aug2026 01:38:56.313] [modloading-worker-0/DEBUG] [mixin/]: mixins.iris.json:MixinGameRenderer from mod iris->@Inject::iris$overrideEntityCutoutShader(Lorg/spongepowered/asm/mixin/injection/callback/CallbackInfoReturnable;)V does use it's CallbackInfoReturnable
[27Aug2026 01:38:56.313] [modloading-worker-0/DEBUG] [mixin/]: mixins.iris.json:MixinGameRenderer from mod iris->@Inject::iris$overrideEntityCutoutShader(Lorg/spongepowered/asm/mixin/injection/callback/CallbackInfoReturnable;)V does use it's CallbackInfoReturnable
[27Aug2026 01:38:56.313] [modloading-worker-0/DEBUG] [mixin/]: mixins.iris.json:MixinGameRenderer from mod iris->@Inject::iris$overrideEntityTranslucentShader(Lorg/spongepowered/asm/mixin/injection/callback/CallbackInfoReturnable;)V does use it's CallbackInfoReturnable
[27Aug2026 01:38:56.313] [modloading-worker-0/DEBUG] [mixin/]: mixins.iris.json:MixinGameRenderer from mod iris->@Inject::iris$overrideEntityTranslucentShader(Lorg/spongepowered/asm/mixin/injection/callback/CallbackInfoReturnable;)V does use it's CallbackInfoReturnable
[27Aug2026 01:38:56.313] [modloading-worker-0/DEBUG] [mixin/]: mixins.iris.json:MixinGameRenderer from mod iris->@Inject::iris$overrideEntityTranslucentShader(Lorg/spongepowered/asm/mixin/injection/callback/CallbackInfoReturnable;)V does use it's CallbackInfoReturnable
[27Aug2026 01:38:56.313] [modloading-worker-0/DEBUG] [mixin/]: mixins.iris.json:MixinGameRenderer from mod iris->@Inject::iris$overrideEntityTranslucentShader(Lorg/spongepowered/asm/mixin/injection/callback/CallbackInfoReturnable;)V does use it's CallbackInfoReturnable
[27Aug2026 01:38:56.314] [modloading-worker-0/DEBUG] [mixin/]: mixins.iris.json:MixinGameRenderer from mod iris->@Inject::iris$overrideEntityTranslucentShader(Lorg/spongepowered/asm/mixin/injection/callback/CallbackInfoReturnable;)V does use it's CallbackInfoReturnable
[27Aug2026 01:38:56.314] [modloading-worker-0/DEBUG] [mixin/]: mixins.iris.json:MixinGameRenderer from mod iris->@Inject::iris$overrideEnergySwirlShadowShader(Lorg/spongepowered/asm/mixin/injection/callback/CallbackInfoReturnable;)V does use it's CallbackInfoReturnable
[27Aug2026 01:38:56.314] [modloading-worker-0/DEBUG] [mixin/]: mixins.iris.json:MixinGameRenderer from mod iris->@Inject::iris$overrideEnergySwirlShadowShader(Lorg/spongepowered/asm/mixin/injection/callback/CallbackInfoReturnable;)V does use it's CallbackInfoReturnable
[27Aug2026 01:38:56.314] [modloading-worker-0/DEBUG] [mixin/]: mixins.iris.json:MixinGameRenderer from mod iris->@Inject::iris$overrideGlintShader(Lorg/spongepowered/asm/mixin/injection/callback/CallbackInfoReturnable;)V does use it's CallbackInfoReturnable
[27Aug2026 01:38:56.314] [modloading-worker-0/DEBUG] [mixin/]: mixins.iris.json:MixinGameRenderer from mod iris->@Inject::iris$overrideGlintShader(Lorg/spongepowered/asm/mixin/injection/callback/CallbackInfoReturnable;)V does use it's CallbackInfoReturnable
[27Aug2026 01:38:56.314] [modloading-worker-0/DEBUG] [mixin/]: mixins.iris.json:MixinGameRenderer from mod iris->@Inject::iris$overrideGlintShader(Lorg/spongepowered/asm/mixin/injection/callback/CallbackInfoReturnable;)V does use it's CallbackInfoReturnable
[27Aug2026 01:38:56.314] [modloading-worker-0/DEBUG] [mixin/]: mixins.iris.json:MixinGameRenderer from mod iris->@Inject::iris$overrideGlintShader(Lorg/spongepowered/asm/mixin/injection/callback/CallbackInfoReturnable;)V does use it's CallbackInfoReturnable
[27Aug2026 01:38:56.314] [modloading-worker-0/DEBUG] [mixin/]: mixins.iris.json:MixinGameRenderer from mod iris->@Inject::iris$overrideGlintShader(Lorg/spongepowered/asm/mixin/injection/callback/CallbackInfoReturnable;)V does use it's CallbackInfoReturnable
[27Aug2026 01:38:56.314] [modloading-worker-0/DEBUG] [mixin/]: mixins.iris.json:MixinGameRenderer from mod iris->@Inject::iris$overrideGlintShader(Lorg/spongepowered/asm/mixin/injection/callback/CallbackInfoReturnable;)V does use it's CallbackInfoReturnable
[27Aug2026 01:38:56.314] [modloading-worker-0/DEBUG] [mixin/]: mixins.iris.json:MixinGameRenderer from mod iris->@Inject::iris$overrideGlintShader(Lorg/spongepowered/asm/mixin/injection/callback/CallbackInfoReturnable;)V does use it's CallbackInfoReturnable
[27Aug2026 01:38:56.314] [modloading-worker-0/DEBUG] [mixin/]: mixins.iris.json:MixinGameRenderer from mod iris->@Inject::iris$overrideEntitySolidDiffuseShader(Lorg/spongepowered/asm/mixin/injection/callback/CallbackInfoReturnable;)V does use it's CallbackInfoReturnable
[27Aug2026 01:38:56.314] [modloading-worker-0/DEBUG] [mixin/]: mixins.iris.json:MixinGameRenderer from mod iris->@Inject::iris$overrideEntitySolidShader(Lorg/spongepowered/asm/mixin/injection/callback/CallbackInfoReturnable;)V does use it's CallbackInfoReturnable
[27Aug2026 01:38:56.314] [modloading-worker-0/DEBUG] [mixin/]: mixins.iris.json:MixinGameRenderer from mod iris->@Inject::iris$overrideBeaconBeamShader(Lorg/spongepowered/asm/mixin/injection/callback/CallbackInfoReturnable;)V does use it's CallbackInfoReturnable
[27Aug2026 01:38:56.314] [modloading-worker-0/DEBUG] [mixin/]: mixins.iris.json:MixinGameRenderer from mod iris->@Inject::iris$overrideEntityAlphaShader(Lorg/spongepowered/asm/mixin/injection/callback/CallbackInfoReturnable;)V does use it's CallbackInfoReturnable
[27Aug2026 01:38:56.314] [modloading-worker-0/DEBUG] [mixin/]: mixins.iris.json:MixinGameRenderer from mod iris->@Inject::iris$overrideEntityEyesShader(Lorg/spongepowered/asm/mixin/injection/callback/CallbackInfoReturnable;)V does use it's CallbackInfoReturnable
[27Aug2026 01:38:56.314] [modloading-worker-0/DEBUG] [mixin/]: mixins.iris.json:MixinGameRenderer from mod iris->@Inject::iris$overrideEntityTranslucentEmissiveShader(Lorg/spongepowered/asm/mixin/injection/callback/CallbackInfoReturnable;)V does use it's CallbackInfoReturnable
[27Aug2026 01:38:56.314] [modloading-worker-0/DEBUG] [mixin/]: mixins.iris.json:MixinGameRenderer from mod iris->@Inject::iris$overrideLeashShader(Lorg/spongepowered/asm/mixin/injection/callback/CallbackInfoReturnable;)V does use it's CallbackInfoReturnable
[27Aug2026 01:38:56.314] [modloading-worker-0/DEBUG] [mixin/]: mixins.iris.json:MixinGameRenderer from mod iris->@Inject::iris$overrideLightningShader(Lorg/spongepowered/asm/mixin/injection/callback/CallbackInfoReturnable;)V does use it's CallbackInfoReturnable
[27Aug2026 01:38:56.314] [modloading-worker-0/DEBUG] [mixin/]: mixins.iris.json:MixinGameRenderer from mod iris->@Inject::iris$overrideCrumblingShader(Lorg/spongepowered/asm/mixin/injection/callback/CallbackInfoReturnable;)V does use it's CallbackInfoReturnable
[27Aug2026 01:38:56.314] [modloading-worker-0/DEBUG] [mixin/]: mixins.iris.json:MixinGameRenderer from mod iris->@Inject::iris$overrideTextShader(Lorg/spongepowered/asm/mixin/injection/callback/CallbackInfoReturnable;)V does use it's CallbackInfoReturnable
[27Aug2026 01:38:56.314] [modloading-worker-0/DEBUG] [mixin/]: mixins.iris.json:MixinGameRenderer from mod iris->@Inject::iris$overrideTextShader(Lorg/spongepowered/asm/mixin/injection/callback/CallbackInfoReturnable;)V does use it's CallbackInfoReturnable
[27Aug2026 01:38:56.314] [modloading-worker-0/DEBUG] [mixin/]: mixins.iris.json:MixinGameRenderer from mod iris->@Inject::iris$overrideTextShader(Lorg/spongepowered/asm/mixin/injection/callback/CallbackInfoReturnable;)V does use it's CallbackInfoReturnable
[27Aug2026 01:38:56.314] [modloading-worker-0/DEBUG] [mixin/]: mixins.iris.json:MixinGameRenderer from mod iris->@Inject::iris$overrideTextBackgroundShader(Lorg/spongepowered/asm/mixin/injection/callback/CallbackInfoReturnable;)V does use it's CallbackInfoReturnable
[27Aug2026 01:38:56.314] [modloading-worker-0/DEBUG] [mixin/]: mixins.iris.json:MixinGameRenderer from mod iris->@Inject::iris$overrideTextBackgroundShader(Lorg/spongepowered/asm/mixin/injection/callback/CallbackInfoReturnable;)V does use it's CallbackInfoReturnable
[27Aug2026 01:38:56.314] [modloading-worker-0/DEBUG] [mixin/]: mixins.iris.json:MixinGameRenderer from mod iris->@Inject::iris$overrideTextIntensityShader(Lorg/spongepowered/asm/mixin/injection/callback/CallbackInfoReturnable;)V does use it's CallbackInfoReturnable
[27Aug2026 01:38:56.314] [modloading-worker-0/DEBUG] [mixin/]: mixins.iris.json:MixinGameRenderer from mod iris->@Inject::iris$overrideTextIntensityShader(Lorg/spongepowered/asm/mixin/injection/callback/CallbackInfoReturnable;)V does use it's CallbackInfoReturnable
[27Aug2026 01:38:56.314] [modloading-worker-0/DEBUG] [mixin/]: mixins.iris.json:MixinGameRenderer from mod iris->@Inject::iris$overrideLinesShader(Lorg/spongepowered/asm/mixin/injection/callback/CallbackInfoReturnable;)V does use it's CallbackInfoReturnable
[27Aug2026 01:38:56.314] [modloading-worker-0/DEBUG] [mixin/]: mixins.iris.json:MixinGameRenderer from mod iris->@Inject::iris$startFrame(Lnet/minecraft/client/DeltaTracker;ZLorg/spongepowered/asm/mixin/injection/callback/CallbackInfo;)V doesn't use it's CallbackInfo
[27Aug2026 01:38:56.314] [modloading-worker-0/DEBUG] [mixin/]: mixins.iris.json:MixinGameRenderer from mod iris->@Inject::iris$startFrame(Lnet/minecraft/client/DeltaTracker;ZLorg/spongepowered/asm/mixin/injection/callback/CallbackInfo;)V has 0 override(s) in child classes
[27Aug2026 01:38:56.314] [modloading-worker-0/DEBUG] [mixin/]: mixins.iris.json:MixinGameRenderer from mod iris->@Inject::iris$startFrame(Lnet/minecraft/client/DeltaTracker;ZLorg/spongepowered/asm/mixin/injection/callback/CallbackInfo;)V won't be passed a CallbackInfo as a result
[27Aug2026 01:38:56.314] [modloading-worker-0/DEBUG] [mixin/]: mixins.iris.json:MixinGameRenderer from mod iris->@Inject::iris$logSystem(Lnet/minecraft/client/Minecraft;Lnet/minecraft/client/renderer/ItemInHandRenderer;Lnet/minecraft/server/packs/resources/ResourceManager;Lnet/minecraft/client/renderer/RenderBuffers;Lorg/spongepowered/asm/mixin/injection/callback/CallbackInfo;)V doesn't use it's CallbackInfo
[27Aug2026 01:38:56.314] [modloading-worker-0/DEBUG] [mixin/]: mixins.iris.json:MixinGameRenderer from mod iris->@Inject::iris$logSystem(Lnet/minecraft/client/Minecraft;Lnet/minecraft/client/renderer/ItemInHandRenderer;Lnet/minecraft/server/packs/resources/ResourceManager;Lnet/minecraft/client/renderer/RenderBuffers;Lorg/spongepowered/asm/mixin/injection/callback/CallbackInfo;)V has 0 override(s) in child classes
[27Aug2026 01:38:56.316] [modloading-worker-0/DEBUG] [mixin/]: mixins.iris.json:MixinGameRenderer from mod iris->@Inject::iris$logSystem(Lnet/minecraft/client/Minecraft;Lnet/minecraft/client/renderer/ItemInHandRenderer;Lnet/minecraft/server/packs/resources/ResourceManager;Lnet/minecraft/client/renderer/RenderBuffers;Lorg/spongepowered/asm/mixin/injection/callback/CallbackInfo;)V won't be passed a CallbackInfo as a result
[27Aug2026 01:38:56.316] [modloading-worker-0/DEBUG] [mixin/]: mixins.iris.json:MixinGameRenderer from mod iris->@Inject::iris$runColorSpace(Lnet/minecraft/client/DeltaTracker;Lorg/spongepowered/asm/mixin/injection/callback/CallbackInfo;)V doesn't use it's CallbackInfo
[27Aug2026 01:38:56.316] [modloading-worker-0/DEBUG] [mixin/]: mixins.iris.json:MixinGameRenderer from mod iris->@Inject::iris$runColorSpace(Lnet/minecraft/client/DeltaTracker;Lorg/spongepowered/asm/mixin/injection/callback/CallbackInfo;)V has 0 override(s) in child classes
[27Aug2026 01:38:56.316] [modloading-worker-0/DEBUG] [mixin/]: mixins.iris.json:MixinGameRenderer from mod iris->@Inject::iris$runColorSpace(Lnet/minecraft/client/DeltaTracker;Lorg/spongepowered/asm/mixin/injection/callback/CallbackInfo;)V won't be passed a CallbackInfo as a result
[27Aug2026 01:38:56.316] [modloading-worker-0/DEBUG] [mixin/]: mixins.iris.json:MixinModelViewBobbing from mod iris->@Inject::iris$saveShadersOn(Lnet/minecraft/client/DeltaTracker;Lorg/spongepowered/asm/mixin/injection/callback/CallbackInfo;)V doesn't use it's CallbackInfo
[27Aug2026 01:38:56.316] [modloading-worker-0/DEBUG] [mixin/]: mixins.iris.json:MixinModelViewBobbing from mod iris->@Inject::iris$saveShadersOn(Lnet/minecraft/client/DeltaTracker;Lorg/spongepowered/asm/mixin/injection/callback/CallbackInfo;)V has 0 override(s) in child classes
[27Aug2026 01:38:56.316] [modloading-worker-0/DEBUG] [mixin/]: mixins.iris.json:MixinModelViewBobbing from mod iris->@Inject::iris$saveShadersOn(Lnet/minecraft/client/DeltaTracker;Lorg/spongepowered/asm/mixin/injection/callback/CallbackInfo;)V won't be passed a CallbackInfo as a result
[27Aug2026 01:38:56.317] [modloading-worker-0/DEBUG] [mixin/]: sodium-common.mixins.json:features.gui.hooks.console.GameRendererMixin from mod sodium->@Inject::onRender(Lnet/minecraft/client/DeltaTracker;ZLorg/spongepowered/asm/mixin/injection/callback/CallbackInfo;)V doesn't use it's CallbackInfo
[27Aug2026 01:38:56.317] [modloading-worker-0/DEBUG] [mixin/]: sodium-common.mixins.json:features.gui.hooks.console.GameRendererMixin from mod sodium->@Inject::onRender(Lnet/minecraft/client/DeltaTracker;ZLorg/spongepowered/asm/mixin/injection/callback/CallbackInfo;)V has 0 override(s) in child classes
[27Aug2026 01:38:56.317] [modloading-worker-0/DEBUG] [mixin/]: sodium-common.mixins.json:features.gui.hooks.console.GameRendererMixin from mod sodium->@Inject::onRender(Lnet/minecraft/client/DeltaTracker;ZLorg/spongepowered/asm/mixin/injection/callback/CallbackInfo;)V won't be passed a CallbackInfo as a result
[27Aug2026 01:38:56.317] [modloading-worker-0/DEBUG] [mixin/]: mixins.iris.json:MixinGameRenderer_NightVisionCompat from mod iris->@Inject::iris$safecheckNightvisionStrength(Lnet/minecraft/world/entity/LivingEntity;FLorg/spongepowered/asm/mixin/injection/callback/CallbackInfoReturnable;)V does use it's CallbackInfoReturnable
[27Aug2026 01:38:56.317] [modloading-worker-0/DEBUG] [mixin/]: gnetum.mixins.json:GameRendererMixin from mod gnetum->@Inject::gnetum$preRenderItemInHand(Lnet/minecraft/client/Camera;FLorg/joml/Matrix4f;Lorg/spongepowered/asm/mixin/injection/callback/CallbackInfo;)V does use it's CallbackInfo
[27Aug2026 01:38:56.317] [modloading-worker-0/DEBUG] [mixin/]: gnetum.mixins.json:GameRendererMixin from mod gnetum->@Inject::gnetum$postRenderItemInHand(Lnet/minecraft/client/Camera;FLorg/joml/Matrix4f;Lorg/spongepowered/asm/mixin/injection/callback/CallbackInfo;)V doesn't use it's CallbackInfo
[27Aug2026 01:38:56.317] [modloading-worker-0/DEBUG] [mixin/]: gnetum.mixins.json:GameRendererMixin from mod gnetum->@Inject::gnetum$postRenderItemInHand(Lnet/minecraft/client/Camera;FLorg/joml/Matrix4f;Lorg/spongepowered/asm/mixin/injection/callback/CallbackInfo;)V has 0 override(s) in child classes
[27Aug2026 01:38:56.317] [modloading-worker-0/DEBUG] [mixin/]: gnetum.mixins.json:GameRendererMixin from mod gnetum->@Inject::gnetum$postRenderItemInHand(Lnet/minecraft/client/Camera;FLorg/joml/Matrix4f;Lorg/spongepowered/asm/mixin/injection/callback/CallbackInfo;)V won't be passed a CallbackInfo as a result
[27Aug2026 01:38:56.319] [modloading-worker-0/DEBUG] [mixin/]: Mixing AccessOptionsSubScreen from controlling.mixins.json into net.minecraft.client.gui.screens.options.OptionsSubScreen
[27Aug2026 01:38:56.319] [modloading-worker-0/DEBUG] [mixin/]: controlling.mixins.json:AccessOptionsSubScreen from mod controlling: Class version 65 required is higher than the class version supported by the current version of Mixin (JAVA_17 supports class version 61)
[27Aug2026 01:38:56.320] [modloading-worker-0/DEBUG] [net.neoforged.fml.javafmlmod.AutomaticEventSubscriber/]: Subscribing @EventBusSubscriber class Ldev/tigan/naniteevolution/client/NaniteClientGameEvents; to the game event bus
[27Aug2026 01:38:56.329] [modloading-worker-0/DEBUG] [net.neoforged.neoforge.internal.versions.neoforge.NeoForgeVersion/CORE]: Found NeoForge version 21.1.248
[27Aug2026 01:38:56.329] [modloading-worker-0/DEBUG] [net.neoforged.neoforge.internal.versions.neoforge.NeoForgeVersion/CORE]: Found FML version 4.0.43
[27Aug2026 01:38:56.330] [modloading-worker-0/INFO] [net.neoforged.neoforge.common.NeoForgeMod/NEOFORGE-MOD]: NeoForge mod loading, version 21.1.248, for MC 1.21.1
[27Aug2026 01:38:56.338] [modloading-worker-0/DEBUG] [mixin/]: Mixing MixinShaderInstance from mixins.iris.json into net.minecraft.client.renderer.ShaderInstance
[27Aug2026 01:38:56.338] [modloading-worker-0/DEBUG] [mixin/]: mixins.iris.json:MixinShaderInstance from mod iris: Class version 65 required is higher than the class version supported by the current version of Mixin (JAVA_8 supports class version 52)
[27Aug2026 01:38:56.338] [modloading-worker-0/DEBUG] [mixin/]: Renaming synthetic method lambda$iris$storeSkipFabric$0(Ljava/lang/Class;)Ljava/lang/invoke/MethodHandle; to mda2c3ce$iris$lambda$iris$storeSkipFabric$0$0 in mixins.iris.json:MixinShaderInstance from mod iris
[27Aug2026 01:38:56.344] [modloading-worker-0/DEBUG] [mixin/]: Mixing MixinShaderInstance from mixins.iris.forge.json into net.minecraft.client.renderer.ShaderInstance
[27Aug2026 01:38:56.344] [modloading-worker-0/DEBUG] [mixin/]: mixins.iris.forge.json:MixinShaderInstance from mod iris: Class version 65 required is higher than the class version supported by the current version of Mixin (JAVA_8 supports class version 52)
[27Aug2026 01:38:56.344] [modloading-worker-0/DEBUG] [mixin/]: Renaming synthetic method lambda$iriss$storeSkipNeo$0(Ljava/lang/Class;)Ljava/lang/invoke/MethodHandle; to mda2c3ce$iris$lambda$iriss$storeSkipNeo$0$1 in mixins.iris.forge.json:MixinShaderInstance from mod iris
[27Aug2026 01:38:56.345] [modloading-worker-0/DEBUG] [mixin/]: Mixing features.shader.uniform.ShaderInstanceMixin from sodium-common.mixins.json into net.minecraft.client.renderer.ShaderInstance
[27Aug2026 01:38:56.352] [modloading-worker-0/DEBUG] [mixin/]: mixins.iris.json:MixinShaderInstance from mod iris->@Inject::name(Lnet/minecraft/server/packs/resources/ResourceProvider;Ljava/lang/String;Lcom/mojang/blaze3d/vertex/VertexFormat;Lorg/spongepowered/asm/mixin/injection/callback/CallbackInfo;)V doesn't use it's CallbackInfo
[27Aug2026 01:38:56.352] [modloading-worker-0/DEBUG] [mixin/]: mixins.iris.json:MixinShaderInstance from mod iris->@Inject::name(Lnet/minecraft/server/packs/resources/ResourceProvider;Ljava/lang/String;Lcom/mojang/blaze3d/vertex/VertexFormat;Lorg/spongepowered/asm/mixin/injection/callback/CallbackInfo;)V has 0 override(s) in child classes
[27Aug2026 01:38:56.352] [modloading-worker-0/DEBUG] [mixin/]: mixins.iris.json:MixinShaderInstance from mod iris->@Inject::name(Lnet/minecraft/server/packs/resources/ResourceProvider;Ljava/lang/String;Lcom/mojang/blaze3d/vertex/VertexFormat;Lorg/spongepowered/asm/mixin/injection/callback/CallbackInfo;)V won't be passed a CallbackInfo as a result
[27Aug2026 01:38:56.352] [modloading-worker-0/DEBUG] [mixin/]: mixins.iris.json:MixinShaderInstance from mod iris->@Inject::iris$lockDepthColorState(Lorg/spongepowered/asm/mixin/injection/callback/CallbackInfo;)V doesn't use it's CallbackInfo
[27Aug2026 01:38:56.352] [modloading-worker-0/DEBUG] [mixin/]: mixins.iris.json:MixinShaderInstance from mod iris->@Inject::iris$lockDepthColorState(Lorg/spongepowered/asm/mixin/injection/callback/CallbackInfo;)V has 0 override(s) in child classes
[27Aug2026 01:38:56.352] [modloading-worker-0/DEBUG] [mixin/]: mixins.iris.json:MixinShaderInstance from mod iris->@Inject::iris$lockDepthColorState(Lorg/spongepowered/asm/mixin/injection/callback/CallbackInfo;)V won't be passed a CallbackInfo as a result
[27Aug2026 01:38:56.352] [modloading-worker-0/DEBUG] [mixin/]: mixins.iris.json:MixinShaderInstance from mod iris->@Inject::onTail(Lorg/spongepowered/asm/mixin/injection/callback/CallbackInfo;)V doesn't use it's CallbackInfo
[27Aug2026 01:38:56.352] [modloading-worker-0/DEBUG] [mixin/]: mixins.iris.json:MixinShaderInstance from mod iris->@Inject::onTail(Lorg/spongepowered/asm/mixin/injection/callback/CallbackInfo;)V has 0 override(s) in child classes
[27Aug2026 01:38:56.352] [modloading-worker-0/DEBUG] [mixin/]: mixins.iris.json:MixinShaderInstance from mod iris->@Inject::onTail(Lorg/spongepowered/asm/mixin/injection/callback/CallbackInfo;)V won't be passed a CallbackInfo as a result
[27Aug2026 01:38:56.352] [modloading-worker-0/DEBUG] [mixin/]: mixins.iris.json:MixinShaderInstance from mod iris->@Inject::iris$unlockDepthColorState(Lorg/spongepowered/asm/mixin/injection/callback/CallbackInfo;)V doesn't use it's CallbackInfo
[27Aug2026 01:38:56.352] [modloading-worker-0/DEBUG] [mixin/]: mixins.iris.json:MixinShaderInstance from mod iris->@Inject::iris$unlockDepthColorState(Lorg/spongepowered/asm/mixin/injection/callback/CallbackInfo;)V has 0 override(s) in child classes
[27Aug2026 01:38:56.353] [modloading-worker-0/DEBUG] [mixin/]: mixins.iris.json:MixinShaderInstance from mod iris->@Inject::iris$unlockDepthColorState(Lorg/spongepowered/asm/mixin/injection/callback/CallbackInfo;)V won't be passed a CallbackInfo as a result
[27Aug2026 01:38:56.353] [modloading-worker-0/DEBUG] [mixin/]: mixins.iris.forge.json:MixinShaderInstance from mod iris->@Inject::iris$setupGeometryShader(Lnet/minecraft/server/packs/resources/ResourceProvider;Lnet/minecraft/resources/ResourceLocation;Lcom/mojang/blaze3d/vertex/VertexFormat;Lorg/spongepowered/asm/mixin/injection/callback/CallbackInfo;)V doesn't use it's CallbackInfo
[27Aug2026 01:38:56.353] [modloading-worker-0/DEBUG] [mixin/]: mixins.iris.forge.json:MixinShaderInstance from mod iris->@Inject::iris$setupGeometryShader(Lnet/minecraft/server/packs/resources/ResourceProvider;Lnet/minecraft/resources/ResourceLocation;Lcom/mojang/blaze3d/vertex/VertexFormat;Lorg/spongepowered/asm/mixin/injection/callback/CallbackInfo;)V has 0 override(s) in child classes
[27Aug2026 01:38:56.353] [modloading-worker-0/DEBUG] [mixin/]: mixins.iris.forge.json:MixinShaderInstance from mod iris->@Inject::iris$setupGeometryShader(Lnet/minecraft/server/packs/resources/ResourceProvider;Lnet/minecraft/resources/ResourceLocation;Lcom/mojang/blaze3d/vertex/VertexFormat;Lorg/spongepowered/asm/mixin/injection/callback/CallbackInfo;)V won't be passed a CallbackInfo as a result
[27Aug2026 01:38:56.353] [modloading-worker-0/DEBUG] [mixin/]: mixins.iris.forge.json:MixinShaderInstance from mod iris->@Inject::iriss$storeSkipNeo(Lnet/minecraft/server/packs/resources/ResourceProvider;Lnet/minecraft/resources/ResourceLocation;Lcom/mojang/blaze3d/vertex/VertexFormat;Lorg/spongepowered/asm/mixin/injection/callback/CallbackInfo;)V doesn't use it's CallbackInfo
[27Aug2026 01:38:56.353] [modloading-worker-0/DEBUG] [mixin/]: mixins.iris.forge.json:MixinShaderInstance from mod iris->@Inject::iriss$storeSkipNeo(Lnet/minecraft/server/packs/resources/ResourceProvider;Lnet/minecraft/resources/ResourceLocation;Lcom/mojang/blaze3d/vertex/VertexFormat;Lorg/spongepowered/asm/mixin/injection/callback/CallbackInfo;)V has 0 override(s) in child classes
[27Aug2026 01:38:56.353] [modloading-worker-0/DEBUG] [mixin/]: mixins.iris.forge.json:MixinShaderInstance from mod iris->@Inject::iriss$storeSkipNeo(Lnet/minecraft/server/packs/resources/ResourceProvider;Lnet/minecraft/resources/ResourceLocation;Lcom/mojang/blaze3d/vertex/VertexFormat;Lorg/spongepowered/asm/mixin/injection/callback/CallbackInfo;)V won't be passed a CallbackInfo as a result
[27Aug2026 01:38:56.353] [modloading-worker-0/DEBUG] [mixin/]: sodium-common.mixins.json:features.shader.uniform.ShaderInstanceMixin from mod sodium->@Inject::initCache(Lorg/spongepowered/asm/mixin/injection/callback/CallbackInfo;)V doesn't use it's CallbackInfo
[27Aug2026 01:38:56.353] [modloading-worker-0/DEBUG] [mixin/]: sodium-common.mixins.json:features.shader.uniform.ShaderInstanceMixin from mod sodium->@Inject::initCache(Lorg/spongepowered/asm/mixin/injection/callback/CallbackInfo;)V has 0 override(s) in child classes
[27Aug2026 01:38:56.353] [modloading-worker-0/DEBUG] [mixin/]: sodium-common.mixins.json:features.shader.uniform.ShaderInstanceMixin from mod sodium->@Inject::initCache(Lorg/spongepowered/asm/mixin/injection/callback/CallbackInfo;)V won't be passed a CallbackInfo as a result
[27Aug2026 01:38:56.355] [modloading-worker-0/DEBUG] [net.neoforged.fml.javafmlmod.AutomaticEventSubscriber/LOADING]: Attempting to inject @EventBusSubscriber classes into the eventbus for bettermodsbutton
[27Aug2026 01:38:56.360] [modloading-worker-0/DEBUG] [net.neoforged.fml.config.ConfigTracker/CONFIG]: Config file neoforge-client.toml for neoforge tracking
[27Aug2026 01:38:56.361] [modloading-worker-0/DEBUG] [net.neoforged.fml.config.ConfigTracker/CONFIG]: Config file neoforge-server.toml for neoforge tracking
[27Aug2026 01:38:56.361] [modloading-worker-0/DEBUG] [net.neoforged.fml.config.ConfigTracker/CONFIG]: Config file neoforge-common.toml for neoforge tracking
[27Aug2026 01:38:56.378] [modloading-worker-0/DEBUG] [mixin/]: Mixing texture.TextureAtlasAccessor from mixins.iris.json into net.minecraft.client.renderer.texture.TextureAtlas
[27Aug2026 01:38:56.378] [modloading-worker-0/DEBUG] [mixin/]: mixins.iris.json:texture.TextureAtlasAccessor from mod iris: Class version 65 required is higher than the class version supported by the current version of Mixin (JAVA_8 supports class version 52)
[27Aug2026 01:38:56.379] [modloading-worker-0/DEBUG] [mixin/]: Mixing texture.pbr.MixinTextureAtlas from mixins.iris.json into net.minecraft.client.renderer.texture.TextureAtlas
[27Aug2026 01:38:56.379] [modloading-worker-0/DEBUG] [mixin/]: mixins.iris.json:texture.pbr.MixinTextureAtlas from mod iris: Class version 65 required is higher than the class version supported by the current version of Mixin (JAVA_8 supports class version 52)
[27Aug2026 01:38:56.379] [modloading-worker-0/DEBUG] [mixin/]: Mixing client.SpriteAtlasTextureMixin from fabric-renderer-api-v1.mixins.json into net.minecraft.client.renderer.texture.TextureAtlas
[27Aug2026 01:38:56.380] [modloading-worker-0/DEBUG] [mixin/]: Mixing core.render.TextureAtlasMixin from sodium-common.mixins.json into net.minecraft.client.renderer.texture.TextureAtlas
[27Aug2026 01:38:56.380] [modloading-worker-0/DEBUG] [mixin/]: Mixing core.render.texture.TextureAtlasAccessor from sodium-common.mixins.json into net.minecraft.client.renderer.texture.TextureAtlas
[27Aug2026 01:38:56.380] [modloading-worker-0/DEBUG] [mixin/]: Mixing features.textures.animations.tracking.TextureAtlasMixin from sodium-common.mixins.json into net.minecraft.client.renderer.texture.TextureAtlas
[27Aug2026 01:38:56.382] [modloading-worker-0/DEBUG] [mixin/]: mixins.iris.json:texture.pbr.MixinTextureAtlas from mod iris->@Inject::iris$onTailCycleAnimationFrames(Lorg/spongepowered/asm/mixin/injection/callback/CallbackInfo;)V doesn't use it's CallbackInfo
[27Aug2026 01:38:56.382] [modloading-worker-0/DEBUG] [mixin/]: mixins.iris.json:texture.pbr.MixinTextureAtlas from mod iris->@Inject::iris$onTailCycleAnimationFrames(Lorg/spongepowered/asm/mixin/injection/callback/CallbackInfo;)V has 0 override(s) in child classes
[27Aug2026 01:38:56.382] [modloading-worker-0/DEBUG] [mixin/]: mixins.iris.json:texture.pbr.MixinTextureAtlas from mod iris->@Inject::iris$onTailCycleAnimationFrames(Lorg/spongepowered/asm/mixin/injection/callback/CallbackInfo;)V won't be passed a CallbackInfo as a result
[27Aug2026 01:38:56.382] [modloading-worker-0/DEBUG] [mixin/]: fabric-renderer-api-v1.mixins.json:client.SpriteAtlasTextureMixin from mod fabric_renderer_api_v1->@Inject::uploadHook(Lnet/minecraft/client/renderer/texture/SpriteLoader$Preparations;Lorg/spongepowered/asm/mixin/injection/callback/CallbackInfo;)V doesn't use it's CallbackInfo
[27Aug2026 01:38:56.382] [modloading-worker-0/DEBUG] [mixin/]: fabric-renderer-api-v1.mixins.json:client.SpriteAtlasTextureMixin from mod fabric_renderer_api_v1->@Inject::uploadHook(Lnet/minecraft/client/renderer/texture/SpriteLoader$Preparations;Lorg/spongepowered/asm/mixin/injection/callback/CallbackInfo;)V has 0 override(s) in child classes
[27Aug2026 01:38:56.382] [modloading-worker-0/DEBUG] [mixin/]: fabric-renderer-api-v1.mixins.json:client.SpriteAtlasTextureMixin from mod fabric_renderer_api_v1->@Inject::uploadHook(Lnet/minecraft/client/renderer/texture/SpriteLoader$Preparations;Lorg/spongepowered/asm/mixin/injection/callback/CallbackInfo;)V won't be passed a CallbackInfo as a result
[27Aug2026 01:38:56.382] [modloading-worker-0/DEBUG] [mixin/]: sodium-common.mixins.json:core.render.TextureAtlasMixin from mod sodium->@Inject::sodium$deleteSpriteFinder(Lnet/minecraft/client/renderer/texture/SpriteLoader$Preparations;Lorg/spongepowered/asm/mixin/injection/callback/CallbackInfo;)V doesn't use it's CallbackInfo
[27Aug2026 01:38:56.382] [modloading-worker-0/DEBUG] [mixin/]: sodium-common.mixins.json:core.render.TextureAtlasMixin from mod sodium->@Inject::sodium$deleteSpriteFinder(Lnet/minecraft/client/renderer/texture/SpriteLoader$Preparations;Lorg/spongepowered/asm/mixin/injection/callback/CallbackInfo;)V has 0 override(s) in child classes
[27Aug2026 01:38:56.382] [modloading-worker-0/DEBUG] [mixin/]: sodium-common.mixins.json:core.render.TextureAtlasMixin from mod sodium->@Inject::sodium$deleteSpriteFinder(Lnet/minecraft/client/renderer/texture/SpriteLoader$Preparations;Lorg/spongepowered/asm/mixin/injection/callback/CallbackInfo;)V won't be passed a CallbackInfo as a result
[27Aug2026 01:38:56.382] [modloading-worker-0/DEBUG] [mixin/]: sodium-common.mixins.json:features.textures.animations.tracking.TextureAtlasMixin from mod sodium->@Inject::preReturnSprite(Lorg/spongepowered/asm/mixin/injection/callback/CallbackInfoReturnable;)V does use it's CallbackInfoReturnable
[27Aug2026 01:38:56.392] [modloading-worker-0/DEBUG] [mezz.jei.common.platform.Services/]: Loaded mezz.jei.neoforge.platform.PlatformHelper@380aae6d for service interface mezz.jei.common.platform.IPlatformHelper
[27Aug2026 01:38:56.397] [modloading-worker-0/DEBUG] [mixin/]: Mixing CompositeStateAccessor from iris-batched-entity-rendering.mixins.json into net.minecraft.client.renderer.RenderType$CompositeState
[27Aug2026 01:38:56.398] [modloading-worker-0/DEBUG] [mixin/]: iris-batched-entity-rendering.mixins.json:CompositeStateAccessor from mod iris: Class version 65 required is higher than the class version supported by the current version of Mixin (JAVA_8 supports class version 52)
[27Aug2026 01:38:56.399] [modloading-worker-0/DEBUG] [mezz.jei.common.config.file.ConfigSerializer/]: Loading config file: C:\Users\tigan\curseforge\minecraft\Instances\OrderWorld\config\jei\jei-debug.ini
[27Aug2026 01:38:56.402] [modloading-worker-0/DEBUG] [mixin/]: Mixing features.render.frapi.ItemRendererAccessor from sodium-common.mixins.json into net.minecraft.client.renderer.entity.ItemRenderer
[27Aug2026 01:38:56.402] [modloading-worker-0/DEBUG] [mixin/]: Renaming @Invoker method sodium$hasAnimatedTexture(Lnet/minecraft/world/item/ItemStack;)Z to hasAnimatedTexture$sodium_$md$a2c3ce$0 in sodium-common.mixins.json:features.render.frapi.ItemRendererAccessor from mod sodium
[27Aug2026 01:38:56.402] [modloading-worker-0/DEBUG] [mixin/]: Mixing features.render.frapi.ItemRendererMixin from sodium-common.mixins.json into net.minecraft.client.renderer.entity.ItemRenderer
[27Aug2026 01:38:56.403] [modloading-worker-0/DEBUG] [mixin/]: Renaming synthetic method lambda$new$0()Lnet/caffeinemc/mods/sodium/client/render/frapi/render/ItemRenderContext; to mda2c3ce$sodium$lambda$new$0$1 in sodium-common.mixins.json:features.render.frapi.ItemRendererMixin from mod sodium
[27Aug2026 01:38:56.404] [modloading-worker-0/DEBUG] [mixin/]: Mixing features.render.model.item.ItemRendererMixin from sodium-common.mixins.json into net.minecraft.client.renderer.entity.ItemRenderer
[27Aug2026 01:38:56.405] [modloading-worker-0/DEBUG] [mixin/]: Mixing entity_render_context.MixinItemRenderer from mixins.iris.json into net.minecraft.client.renderer.entity.ItemRenderer
[27Aug2026 01:38:56.405] [modloading-worker-0/DEBUG] [mixin/]: mixins.iris.json:entity_render_context.MixinItemRenderer from mod iris: Class version 65 required is higher than the class version supported by the current version of Mixin (JAVA_8 supports class version 52)
[27Aug2026 01:38:56.407] [modloading-worker-0/DEBUG] [mixin/]: Mixing compat.ItemRendererMixin from gnetum.mixins.json into net.minecraft.client.renderer.entity.ItemRenderer
[27Aug2026 01:38:56.407] [modloading-worker-0/DEBUG] [mixin/]: gnetum.mixins.json:compat.ItemRendererMixin from mod gnetum: Class version 65 required is higher than the class version supported by the current version of Mixin (JAVA_17 supports class version 61)
[27Aug2026 01:38:56.411] [modloading-worker-0/DEBUG] [mixin/]: sodium-common.mixins.json:features.render.frapi.ItemRendererMixin from mod sodium->@Inject::beforeRenderItem(Lnet/minecraft/world/item/ItemStack;Lnet/minecraft/world/item/ItemDisplayContext;ZLcom/mojang/blaze3d/vertex/PoseStack;Lnet/minecraft/client/renderer/MultiBufferSource;IILnet/minecraft/client/resources/model/BakedModel;Lorg/spongepowered/asm/mixin/injection/callback/CallbackInfo;)V does use it's CallbackInfo
[27Aug2026 01:38:56.411] [modloading-worker-0/DEBUG] [mixin/]: mixins.iris.json:entity_render_context.MixinItemRenderer from mod iris->@Inject::changeId(Lnet/minecraft/world/item/ItemStack;Lnet/minecraft/world/item/ItemDisplayContext;ZLcom/mojang/blaze3d/vertex/PoseStack;Lnet/minecraft/client/renderer/MultiBufferSource;IILnet/minecraft/client/resources/model/BakedModel;Lorg/spongepowered/asm/mixin/injection/callback/CallbackInfo;)V doesn't use it's CallbackInfo
[27Aug2026 01:38:56.413] [modloading-worker-0/DEBUG] [mixin/]: mixins.iris.json:entity_render_context.MixinItemRenderer from mod iris->@Inject::changeId(Lnet/minecraft/world/item/ItemStack;Lnet/minecraft/world/item/ItemDisplayContext;ZLcom/mojang/blaze3d/vertex/PoseStack;Lnet/minecraft/client/renderer/MultiBufferSource;IILnet/minecraft/client/resources/model/BakedModel;Lorg/spongepowered/asm/mixin/injection/callback/CallbackInfo;)V has 0 override(s) in child classes
[27Aug2026 01:38:56.413] [modloading-worker-0/DEBUG] [mixin/]: mixins.iris.json:entity_render_context.MixinItemRenderer from mod iris->@Inject::changeId(Lnet/minecraft/world/item/ItemStack;Lnet/minecraft/world/item/ItemDisplayContext;ZLcom/mojang/blaze3d/vertex/PoseStack;Lnet/minecraft/client/renderer/MultiBufferSource;IILnet/minecraft/client/resources/model/BakedModel;Lorg/spongepowered/asm/mixin/injection/callback/CallbackInfo;)V won't be passed a CallbackInfo as a result
[27Aug2026 01:38:56.413] [modloading-worker-0/DEBUG] [mixin/]: mixins.iris.json:entity_render_context.MixinItemRenderer from mod iris->@Inject::changeId3(Lorg/spongepowered/asm/mixin/injection/callback/CallbackInfo;)V doesn't use it's CallbackInfo
[27Aug2026 01:38:56.413] [modloading-worker-0/DEBUG] [mixin/]: mixins.iris.json:entity_render_context.MixinItemRenderer from mod iris->@Inject::changeId3(Lorg/spongepowered/asm/mixin/injection/callback/CallbackInfo;)V has 0 override(s) in child classes
[27Aug2026 01:38:56.413] [modloading-worker-0/DEBUG] [mixin/]: mixins.iris.json:entity_render_context.MixinItemRenderer from mod iris->@Inject::changeId3(Lorg/spongepowered/asm/mixin/injection/callback/CallbackInfo;)V won't be passed a CallbackInfo as a result
[27Aug2026 01:38:56.413] [modloading-worker-0/DEBUG] [mezz.jei.common.config.file.ConfigSchema/]: Localization has not loaded yet, waiting to save the config file until JEI starts.
[27Aug2026 01:38:56.415] [modloading-worker-0/DEBUG] [mezz.jei.common.config.file.ConfigSerializer/]: Loading config file: C:\Users\tigan\curseforge\minecraft\Instances\OrderWorld\config\jei\jei-mod-id-format.ini
[27Aug2026 01:38:56.415] [modloading-worker-0/DEBUG] [mixin/]: Mixing ModelResourceLocationMixin from ferritecore.mrl.mixin.json into net.minecraft.client.resources.model.ModelResourceLocation
[27Aug2026 01:38:56.415] [modloading-worker-0/DEBUG] [mixin/]: ferritecore.mrl.mixin.json:ModelResourceLocationMixin from mod ferritecore: Class version 65 required is higher than the class version supported by the current version of Mixin (JAVA_17 supports class version 61)
[27Aug2026 01:38:56.417] [modloading-worker-0/DEBUG] [mixin/]: ferritecore.mrl.mixin.json:ModelResourceLocationMixin from mod ferritecore->@Inject::constructTail(Lnet/minecraft/resources/ResourceLocation;Ljava/lang/String;Lorg/spongepowered/asm/mixin/injection/callback/CallbackInfo;)V doesn't use it's CallbackInfo
[27Aug2026 01:38:56.421] [modloading-worker-0/DEBUG] [mixin/]: Mixing MixinTheEndPortalRenderer from mixins.iris.json into net.minecraft.client.renderer.blockentity.TheEndPortalRenderer
[27Aug2026 01:38:56.421] [modloading-worker-0/DEBUG] [mixin/]: mixins.iris.json:MixinTheEndPortalRenderer from mod iris: Class version 65 required is higher than the class version supported by the current version of Mixin (JAVA_8 supports class version 52)
[27Aug2026 01:38:56.424] [modloading-worker-0/DEBUG] [mixin/]: mixins.iris.json:MixinTheEndPortalRenderer from mod iris->@Inject::iris$onRender(Lnet/minecraft/world/level/block/entity/TheEndPortalBlockEntity;FLcom/mojang/blaze3d/vertex/PoseStack;Lnet/minecraft/client/renderer/MultiBufferSource;IILorg/spongepowered/asm/mixin/injection/callback/CallbackInfo;)V does use it's CallbackInfo
[27Aug2026 01:38:56.424] [modloading-worker-0/DEBUG] [mezz.jei.common.config.file.ConfigSchema/]: Localization has not loaded yet, waiting to save the config file until JEI starts.
[27Aug2026 01:38:56.427] [modloading-worker-0/DEBUG] [mezz.jei.common.config.file.ConfigSerializer/]: Loading config file: C:\Users\tigan\curseforge\minecraft\Instances\OrderWorld\config\jei\jei-colors.ini
[27Aug2026 01:38:56.428] [modloading-worker-0/DEBUG] [net.neoforged.fml.javafmlmod.AutomaticEventSubscriber/LOADING]: Attempting to inject @EventBusSubscriber classes into the eventbus for neoforge
[27Aug2026 01:38:56.428] [modloading-worker-0/DEBUG] [net.neoforged.fml.javafmlmod.AutomaticEventSubscriber/LOADING]: Scanning class net.neoforged.neoforge.server.command.ConfigCommand for @SubscribeEvent-annotated methods
[27Aug2026 01:38:56.429] [modloading-worker-0/DEBUG] [mixin/]: Mixing immediate.MixinLevelRenderer from mixins.iris.vertexformat.json into net.minecraft.client.renderer.LevelRenderer
[27Aug2026 01:38:56.429] [modloading-worker-0/DEBUG] [mixin/]: mixins.iris.vertexformat.json:immediate.MixinLevelRenderer from mod iris: Class version 65 required is higher than the class version supported by the current version of Mixin (JAVA_8 supports class version 52)
[27Aug2026 01:38:56.429] [modloading-worker-0/DEBUG] [mixin/]: Mixing MixinLevelRenderer from iris-batched-entity-rendering.mixins.json into net.minecraft.client.renderer.LevelRenderer
[27Aug2026 01:38:56.429] [modloading-worker-0/DEBUG] [mixin/]: iris-batched-entity-rendering.mixins.json:MixinLevelRenderer from mod iris: Class version 65 required is higher than the class version supported by the current version of Mixin (JAVA_8 supports class version 52)
[27Aug2026 01:38:56.429] [modloading-worker-0/DEBUG] [net.neoforged.fml.javafmlmod.AutomaticEventSubscriber/]: Subscribing @EventBusSubscriber class Lnet/neoforged/neoforge/server/command/ConfigCommand; to the game event bus
[27Aug2026 01:38:56.429] [modloading-worker-0/DEBUG] [net.neoforged.fml.javafmlmod.AutomaticEventSubscriber/LOADING]: Scanning class net.neoforged.neoforge.network.filters.GenericPacketSplitter for @SubscribeEvent-annotated methods
[27Aug2026 01:38:56.431] [modloading-worker-0/DEBUG] [mixin/]: Mixing MixinLevelRenderer_EntityListSorting from iris-batched-entity-rendering.mixins.json into net.minecraft.client.renderer.LevelRenderer
[27Aug2026 01:38:56.431] [modloading-worker-0/DEBUG] [mixin/]: iris-batched-entity-rendering.mixins.json:MixinLevelRenderer_EntityListSorting from mod iris: Class version 65 required is higher than the class version supported by the current version of Mixin (JAVA_8 supports class version 52)
[27Aug2026 01:38:56.431] [modloading-worker-0/DEBUG] [mixin/]: Renaming synthetic method lambda$batchedentityrendering$sortEntityList$1(Ljava/util/Map;Lnet/minecraft/world/entity/Entity;)V to mda2c3ce$iris$lambda$batchedentityrendering$sortEntityList$1$0 in iris-batched-entity-rendering.mixins.json:MixinLevelRenderer_EntityListSorting from mod iris
[27Aug2026 01:38:56.431] [modloading-worker-0/DEBUG] [mixin/]: Renaming synthetic method lambda$batchedentityrendering$sortEntityList$0(Lnet/minecraft/world/entity/EntityType;)Ljava/util/List; to mda2c3ce$iris$lambda$batchedentityrendering$sortEntityList$0$1 in iris-batched-entity-rendering.mixins.json:MixinLevelRenderer_EntityListSorting from mod iris
[27Aug2026 01:38:56.432] [modloading-worker-0/DEBUG] [mixin/]: Mixing LevelRendererAccessor from mixins.iris.json into net.minecraft.client.renderer.LevelRenderer
[27Aug2026 01:38:56.432] [modloading-worker-0/DEBUG] [mixin/]: mixins.iris.json:LevelRendererAccessor from mod iris: Class version 65 required is higher than the class version supported by the current version of Mixin (JAVA_8 supports class version 52)
[27Aug2026 01:38:56.433] [modloading-worker-0/DEBUG] [mixin/]: Mixing MixinLevelRenderer from mixins.iris.json into net.minecraft.client.renderer.LevelRenderer
[27Aug2026 01:38:56.433] [modloading-worker-0/DEBUG] [mixin/]: mixins.iris.json:MixinLevelRenderer from mod iris: Class version 65 required is higher than the class version supported by the current version of Mixin (JAVA_8 supports class version 52)
[27Aug2026 01:38:56.433] [modloading-worker-0/DEBUG] [mixin/]: Renaming synthetic method lambda$iris$endLevelRender$0(Lnet/irisshaders/iris/UpdateChecker$BetaInfo;)V to mda2c3ce$iris$lambda$iris$endLevelRender$0$2 in mixins.iris.json:MixinLevelRenderer from mod iris
[27Aug2026 01:38:56.434] [modloading-worker-0/DEBUG] [mezz.jei.common.config.file.ConfigSchema/]: Localization has not loaded yet, waiting to save the config file until JEI starts.
[27Aug2026 01:38:56.437] [modloading-worker-0/DEBUG] [mixin/]: Mixing MixinLevelRenderer_SkipRendering from mixins.iris.json into net.minecraft.client.renderer.LevelRenderer
[27Aug2026 01:38:56.438] [modloading-worker-0/DEBUG] [mixin/]: mixins.iris.json:MixinLevelRenderer_SkipRendering from mod iris: Class version 65 required is higher than the class version supported by the current version of Mixin (JAVA_8 supports class version 52)
[27Aug2026 01:38:56.439] [modloading-worker-0/DEBUG] [mixin/]: Mixing MixinLevelRenderer_Sky from mixins.iris.json into net.minecraft.client.renderer.LevelRenderer
[27Aug2026 01:38:56.439] [modloading-worker-0/DEBUG] [mixin/]: mixins.iris.json:MixinLevelRenderer_Sky from mod iris: Class version 65 required is higher than the class version supported by the current version of Mixin (JAVA_8 supports class version 52)
[27Aug2026 01:38:56.440] [modloading-worker-0/DEBUG] [mixin/]: Mixing fabulous.MixinDisableFabulousGraphics from mixins.iris.json into net.minecraft.client.renderer.LevelRenderer
[27Aug2026 01:38:56.440] [modloading-worker-0/DEBUG] [mixin/]: mixins.iris.json:fabulous.MixinDisableFabulousGraphics from mod iris: Class version 65 required is higher than the class version supported by the current version of Mixin (JAVA_8 supports class version 52)
[27Aug2026 01:38:56.441] [modloading-worker-0/DEBUG] [mixin/]: Mixing shadows.MixinLevelRenderer from mixins.iris.json into net.minecraft.client.renderer.LevelRenderer
[27Aug2026 01:38:56.441] [modloading-worker-0/DEBUG] [mixin/]: mixins.iris.json:shadows.MixinLevelRenderer from mod iris: Class version 65 required is higher than the class version supported by the current version of Mixin (JAVA_8 supports class version 52)
[27Aug2026 01:38:56.441] [modloading-worker-0/DEBUG] [mixin/]: Mixing sky.MixinLevelRenderer_SunMoonToggle from mixins.iris.json into net.minecraft.client.renderer.LevelRenderer
[27Aug2026 01:38:56.441] [modloading-worker-0/DEBUG] [mixin/]: mixins.iris.json:sky.MixinLevelRenderer_SunMoonToggle from mod iris: Class version 65 required is higher than the class version supported by the current version of Mixin (JAVA_8 supports class version 52)
[27Aug2026 01:38:56.444] [modloading-worker-0/DEBUG] [mixin/]: Mixing core.render.world.LevelRendererMixin from sodium-common.mixins.json into net.minecraft.client.renderer.LevelRenderer
[27Aug2026 01:38:56.447] [modloading-worker-0/DEBUG] [mixin/]: Mixing features.options.weather.LevelRendererMixin from sodium-common.mixins.json into net.minecraft.client.renderer.LevelRenderer
[27Aug2026 01:38:56.447] [modloading-worker-0/DEBUG] [mixin/]: Mixing features.render.gui.outlines.LevelRendererMixin from sodium-common.mixins.json into net.minecraft.client.renderer.LevelRenderer
[27Aug2026 01:38:56.453] [modloading-worker-0/DEBUG] [mixin/]: Mixing features.render.world.clouds.LevelRendererMixin from sodium-common.mixins.json into net.minecraft.client.renderer.LevelRenderer
[27Aug2026 01:38:56.454] [modloading-worker-0/DEBUG] [mixin/]: Mixing shadows.MixinPreventRebuildNearInShadowPass from mixins.iris.json into net.minecraft.client.renderer.LevelRenderer
[27Aug2026 01:38:56.454] [modloading-worker-0/DEBUG] [mixin/]: mixins.iris.json:shadows.MixinPreventRebuildNearInShadowPass from mod iris: Class version 65 required is higher than the class version supported by the current version of Mixin (JAVA_8 supports class version 52)
[27Aug2026 01:38:56.535] [modloading-worker-0/DEBUG] [mixin/]: mixins.iris.vertexformat.json:immediate.MixinLevelRenderer from mod iris->@Inject::iris$immediateStateBeginLevelRender(Lnet/minecraft/client/DeltaTracker;ZLnet/minecraft/client/Camera;Lnet/minecraft/client/renderer/GameRenderer;Lnet/minecraft/client/renderer/LightTexture;Lorg/joml/Matrix4f;Lorg/joml/Matrix4f;Lorg/spongepowered/asm/mixin/injection/callback/CallbackInfo;)V doesn't use it's CallbackInfo
[27Aug2026 01:38:56.536] [modloading-worker-0/DEBUG] [mixin/]: mixins.iris.vertexformat.json:immediate.MixinLevelRenderer from mod iris->@Inject::iris$immediateStateBeginLevelRender(Lnet/minecraft/client/DeltaTracker;ZLnet/minecraft/client/Camera;Lnet/minecraft/client/renderer/GameRenderer;Lnet/minecraft/client/renderer/LightTexture;Lorg/joml/Matrix4f;Lorg/joml/Matrix4f;Lorg/spongepowered/asm/mixin/injection/callback/CallbackInfo;)V has 0 override(s) in child classes
[27Aug2026 01:38:56.536] [modloading-worker-0/DEBUG] [mixin/]: mixins.iris.vertexformat.json:immediate.MixinLevelRenderer from mod iris->@Inject::iris$immediateStateBeginLevelRender(Lnet/minecraft/client/DeltaTracker;ZLnet/minecraft/client/Camera;Lnet/minecraft/client/renderer/GameRenderer;Lnet/minecraft/client/renderer/LightTexture;Lorg/joml/Matrix4f;Lorg/joml/Matrix4f;Lorg/spongepowered/asm/mixin/injection/callback/CallbackInfo;)V won't be passed a CallbackInfo as a result
[27Aug2026 01:38:56.536] [modloading-worker-0/DEBUG] [mixin/]: mixins.iris.vertexformat.json:immediate.MixinLevelRenderer from mod iris->@Inject::iris$immediateStateEndLevelRender(Lnet/minecraft/client/DeltaTracker;ZLnet/minecraft/client/Camera;Lnet/minecraft/client/renderer/GameRenderer;Lnet/minecraft/client/renderer/LightTexture;Lorg/joml/Matrix4f;Lorg/joml/Matrix4f;Lorg/spongepowered/asm/mixin/injection/callback/CallbackInfo;)V doesn't use it's CallbackInfo
[27Aug2026 01:38:56.536] [modloading-worker-0/DEBUG] [mixin/]: mixins.iris.vertexformat.json:immediate.MixinLevelRenderer from mod iris->@Inject::iris$immediateStateEndLevelRender(Lnet/minecraft/client/DeltaTracker;ZLnet/minecraft/client/Camera;Lnet/minecraft/client/renderer/GameRenderer;Lnet/minecraft/client/renderer/LightTexture;Lorg/joml/Matrix4f;Lorg/joml/Matrix4f;Lorg/spongepowered/asm/mixin/injection/callback/CallbackInfo;)V has 0 override(s) in child classes
[27Aug2026 01:38:56.536] [modloading-worker-0/DEBUG] [mixin/]: mixins.iris.vertexformat.json:immediate.MixinLevelRenderer from mod iris->@Inject::iris$immediateStateEndLevelRender(Lnet/minecraft/client/DeltaTracker;ZLnet/minecraft/client/Camera;Lnet/minecraft/client/renderer/GameRenderer;Lnet/minecraft/client/renderer/LightTexture;Lorg/joml/Matrix4f;Lorg/joml/Matrix4f;Lorg/spongepowered/asm/mixin/injection/callback/CallbackInfo;)V won't be passed a CallbackInfo as a result
[27Aug2026 01:38:56.536] [modloading-worker-0/DEBUG] [mixin/]: iris-batched-entity-rendering.mixins.json:MixinLevelRenderer from mod iris->@Inject::batchedentityrendering$beginLevelRender(Lnet/minecraft/client/DeltaTracker;ZLnet/minecraft/client/Camera;Lnet/minecraft/client/renderer/GameRenderer;Lnet/minecraft/client/renderer/LightTexture;Lorg/joml/Matrix4f;Lorg/joml/Matrix4f;Lorg/spongepowered/asm/mixin/injection/callback/CallbackInfo;)V doesn't use it's CallbackInfo
[27Aug2026 01:38:56.536] [modloading-worker-0/DEBUG] [mixin/]: iris-batched-entity-rendering.mixins.json:MixinLevelRenderer from mod iris->@Inject::batchedentityrendering$beginLevelRender(Lnet/minecraft/client/DeltaTracker;ZLnet/minecraft/client/Camera;Lnet/minecraft/client/renderer/GameRenderer;Lnet/minecraft/client/renderer/LightTexture;Lorg/joml/Matrix4f;Lorg/joml/Matrix4f;Lorg/spongepowered/asm/mixin/injection/callback/CallbackInfo;)V has 0 override(s) in child classes
[27Aug2026 01:38:56.536] [modloading-worker-0/DEBUG] [mixin/]: iris-batched-entity-rendering.mixins.json:MixinLevelRenderer from mod iris->@Inject::batchedentityrendering$beginLevelRender(Lnet/minecraft/client/DeltaTracker;ZLnet/minecraft/client/Camera;Lnet/minecraft/client/renderer/GameRenderer;Lnet/minecraft/client/renderer/LightTexture;Lorg/joml/Matrix4f;Lorg/joml/Matrix4f;Lorg/spongepowered/asm/mixin/injection/callback/CallbackInfo;)V won't be passed a CallbackInfo as a result
[27Aug2026 01:38:56.536] [modloading-worker-0/DEBUG] [mixin/]: iris-batched-entity-rendering.mixins.json:MixinLevelRenderer from mod iris->@Inject::batchedentityrendering$preRenderEntity(Lnet/minecraft/client/DeltaTracker;ZLnet/minecraft/client/Camera;Lnet/minecraft/client/renderer/GameRenderer;Lnet/minecraft/client/renderer/LightTexture;Lorg/joml/Matrix4f;Lorg/joml/Matrix4f;Lorg/spongepowered/asm/mixin/injection/callback/CallbackInfo;)V doesn't use it's CallbackInfo
[27Aug2026 01:38:56.536] [modloading-worker-0/DEBUG] [mixin/]: iris-batched-entity-rendering.mixins.json:MixinLevelRenderer from mod iris->@Inject::batchedentityrendering$preRenderEntity(Lnet/minecraft/client/DeltaTracker;ZLnet/minecraft/client/Camera;Lnet/minecraft/client/renderer/GameRenderer;Lnet/minecraft/client/renderer/LightTexture;Lorg/joml/Matrix4f;Lorg/joml/Matrix4f;Lorg/spongepowered/asm/mixin/injection/callback/CallbackInfo;)V has 0 override(s) in child classes
[27Aug2026 01:38:56.536] [modloading-worker-0/DEBUG] [mixin/]: iris-batched-entity-rendering.mixins.json:MixinLevelRenderer from mod iris->@Inject::batchedentityrendering$preRenderEntity(Lnet/minecraft/client/DeltaTracker;ZLnet/minecraft/client/Camera;Lnet/minecraft/client/renderer/GameRenderer;Lnet/minecraft/client/renderer/LightTexture;Lorg/joml/Matrix4f;Lorg/joml/Matrix4f;Lorg/spongepowered/asm/mixin/injection/callback/CallbackInfo;)V won't be passed a CallbackInfo as a result
[27Aug2026 01:38:56.536] [modloading-worker-0/DEBUG] [mixin/]: iris-batched-entity-rendering.mixins.json:MixinLevelRenderer from mod iris->@Inject::batchedentityrendering$postRenderEntity(Lnet/minecraft/client/DeltaTracker;ZLnet/minecraft/client/Camera;Lnet/minecraft/client/renderer/GameRenderer;Lnet/minecraft/client/renderer/LightTexture;Lorg/joml/Matrix4f;Lorg/joml/Matrix4f;Lorg/spongepowered/asm/mixin/injection/callback/CallbackInfo;)V doesn't use it's CallbackInfo
[27Aug2026 01:38:56.536] [modloading-worker-0/DEBUG] [mixin/]: iris-batched-entity-rendering.mixins.json:MixinLevelRenderer from mod iris->@Inject::batchedentityrendering$postRenderEntity(Lnet/minecraft/client/DeltaTracker;ZLnet/minecraft/client/Camera;Lnet/minecraft/client/renderer/GameRenderer;Lnet/minecraft/client/renderer/LightTexture;Lorg/joml/Matrix4f;Lorg/joml/Matrix4f;Lorg/spongepowered/asm/mixin/injection/callback/CallbackInfo;)V has 0 override(s) in child classes
[27Aug2026 01:38:56.536] [modloading-worker-0/DEBUG] [mixin/]: iris-batched-entity-rendering.mixins.json:MixinLevelRenderer from mod iris->@Inject::batchedentityrendering$postRenderEntity(Lnet/minecraft/client/DeltaTracker;ZLnet/minecraft/client/Camera;Lnet/minecraft/client/renderer/GameRenderer;Lnet/minecraft/client/renderer/LightTexture;Lorg/joml/Matrix4f;Lorg/joml/Matrix4f;Lorg/spongepowered/asm/mixin/injection/callback/CallbackInfo;)V won't be passed a CallbackInfo as a result
[27Aug2026 01:38:56.536] [modloading-worker-0/DEBUG] [mixin/]: iris-batched-entity-rendering.mixins.json:MixinLevelRenderer from mod iris->@Inject::batchedentityrendering$beginTranslucents(Lnet/minecraft/client/DeltaTracker;ZLnet/minecraft/client/Camera;Lnet/minecraft/client/renderer/GameRenderer;Lnet/minecraft/client/renderer/LightTexture;Lorg/joml/Matrix4f;Lorg/joml/Matrix4f;Lorg/spongepowered/asm/mixin/injection/callback/CallbackInfo;)V doesn't use it's CallbackInfo
[27Aug2026 01:38:56.536] [modloading-worker-0/DEBUG] [mixin/]: iris-batched-entity-rendering.mixins.json:MixinLevelRenderer from mod iris->@Inject::batchedentityrendering$beginTranslucents(Lnet/minecraft/client/DeltaTracker;ZLnet/minecraft/client/Camera;Lnet/minecraft/client/renderer/GameRenderer;Lnet/minecraft/client/renderer/LightTexture;Lorg/joml/Matrix4f;Lorg/joml/Matrix4f;Lorg/spongepowered/asm/mixin/injection/callback/CallbackInfo;)V has 0 override(s) in child classes
[27Aug2026 01:38:56.536] [modloading-worker-0/DEBUG] [mixin/]: iris-batched-entity-rendering.mixins.json:MixinLevelRenderer from mod iris->@Inject::batchedentityrendering$beginTranslucents(Lnet/minecraft/client/DeltaTracker;ZLnet/minecraft/client/Camera;Lnet/minecraft/client/renderer/GameRenderer;Lnet/minecraft/client/renderer/LightTexture;Lorg/joml/Matrix4f;Lorg/joml/Matrix4f;Lorg/spongepowered/asm/mixin/injection/callback/CallbackInfo;)V won't be passed a CallbackInfo as a result
[27Aug2026 01:38:56.536] [modloading-worker-0/DEBUG] [mixin/]: iris-batched-entity-rendering.mixins.json:MixinLevelRenderer from mod iris->@Inject::batchedentityrendering$beginTranslucents(Lnet/minecraft/client/DeltaTracker;ZLnet/minecraft/client/Camera;Lnet/minecraft/client/renderer/GameRenderer;Lnet/minecraft/client/renderer/LightTexture;Lorg/joml/Matrix4f;Lorg/joml/Matrix4f;Lorg/spongepowered/asm/mixin/injection/callback/CallbackInfo;)V doesn't use it's CallbackInfo
[27Aug2026 01:38:56.536] [modloading-worker-0/DEBUG] [mixin/]: iris-batched-entity-rendering.mixins.json:MixinLevelRenderer from mod iris->@Inject::batchedentityrendering$beginTranslucents(Lnet/minecraft/client/DeltaTracker;ZLnet/minecraft/client/Camera;Lnet/minecraft/client/renderer/GameRenderer;Lnet/minecraft/client/renderer/LightTexture;Lorg/joml/Matrix4f;Lorg/joml/Matrix4f;Lorg/spongepowered/asm/mixin/injection/callback/CallbackInfo;)V has 0 override(s) in child classes
[27Aug2026 01:38:56.536] [modloading-worker-0/DEBUG] [mixin/]: iris-batched-entity-rendering.mixins.json:MixinLevelRenderer from mod iris->@Inject::batchedentityrendering$beginTranslucents(Lnet/minecraft/client/DeltaTracker;ZLnet/minecraft/client/Camera;Lnet/minecraft/client/renderer/GameRenderer;Lnet/minecraft/client/renderer/LightTexture;Lorg/joml/Matrix4f;Lorg/joml/Matrix4f;Lorg/spongepowered/asm/mixin/injection/callback/CallbackInfo;)V won't be passed a CallbackInfo as a result
[27Aug2026 01:38:56.536] [modloading-worker-0/DEBUG] [mixin/]: iris-batched-entity-rendering.mixins.json:MixinLevelRenderer from mod iris->@Inject::batchedentityrendering$endTranslucents(Lnet/minecraft/client/DeltaTracker;ZLnet/minecraft/client/Camera;Lnet/minecraft/client/renderer/GameRenderer;Lnet/minecraft/client/renderer/LightTexture;Lorg/joml/Matrix4f;Lorg/joml/Matrix4f;Lorg/spongepowered/asm/mixin/injection/callback/CallbackInfo;)V doesn't use it's CallbackInfo
[27Aug2026 01:38:56.536] [modloading-worker-0/DEBUG] [mixin/]: iris-batched-entity-rendering.mixins.json:MixinLevelRenderer from mod iris->@Inject::batchedentityrendering$endTranslucents(Lnet/minecraft/client/DeltaTracker;ZLnet/minecraft/client/Camera;Lnet/minecraft/client/renderer/GameRenderer;Lnet/minecraft/client/renderer/LightTexture;Lorg/joml/Matrix4f;Lorg/joml/Matrix4f;Lorg/spongepowered/asm/mixin/injection/callback/CallbackInfo;)V has 0 override(s) in child classes
[27Aug2026 01:38:56.536] [modloading-worker-0/DEBUG] [mixin/]: iris-batched-entity-rendering.mixins.json:MixinLevelRenderer from mod iris->@Inject::batchedentityrendering$endTranslucents(Lnet/minecraft/client/DeltaTracker;ZLnet/minecraft/client/Camera;Lnet/minecraft/client/renderer/GameRenderer;Lnet/minecraft/client/renderer/LightTexture;Lorg/joml/Matrix4f;Lorg/joml/Matrix4f;Lorg/spongepowered/asm/mixin/injection/callback/CallbackInfo;)V won't be passed a CallbackInfo as a result
[27Aug2026 01:38:56.536] [modloading-worker-0/DEBUG] [mixin/]: iris-batched-entity-rendering.mixins.json:MixinLevelRenderer from mod iris->@Inject::batchedentityrendering$endTranslucents(Lnet/minecraft/client/DeltaTracker;ZLnet/minecraft/client/Camera;Lnet/minecraft/client/renderer/GameRenderer;Lnet/minecraft/client/renderer/LightTexture;Lorg/joml/Matrix4f;Lorg/joml/Matrix4f;Lorg/spongepowered/asm/mixin/injection/callback/CallbackInfo;)V doesn't use it's CallbackInfo
[27Aug2026 01:38:56.536] [modloading-worker-0/DEBUG] [mixin/]: iris-batched-entity-rendering.mixins.json:MixinLevelRenderer from mod iris->@Inject::batchedentityrendering$endTranslucents(Lnet/minecraft/client/DeltaTracker;ZLnet/minecraft/client/Camera;Lnet/minecraft/client/renderer/GameRenderer;Lnet/minecraft/client/renderer/LightTexture;Lorg/joml/Matrix4f;Lorg/joml/Matrix4f;Lorg/spongepowered/asm/mixin/injection/callback/CallbackInfo;)V has 0 override(s) in child classes
[27Aug2026 01:38:56.536] [modloading-worker-0/DEBUG] [mixin/]: iris-batched-entity-rendering.mixins.json:MixinLevelRenderer from mod iris->@Inject::batchedentityrendering$endTranslucents(Lnet/minecraft/client/DeltaTracker;ZLnet/minecraft/client/Camera;Lnet/minecraft/client/renderer/GameRenderer;Lnet/minecraft/client/renderer/LightTexture;Lorg/joml/Matrix4f;Lorg/joml/Matrix4f;Lorg/spongepowered/asm/mixin/injection/callback/CallbackInfo;)V won't be passed a CallbackInfo as a result
[27Aug2026 01:38:56.536] [modloading-worker-0/DEBUG] [mixin/]: iris-batched-entity-rendering.mixins.json:MixinLevelRenderer from mod iris->@Inject::batchedentityrendering$endLevelRender(Lnet/minecraft/client/DeltaTracker;ZLnet/minecraft/client/Camera;Lnet/minecraft/client/renderer/GameRenderer;Lnet/minecraft/client/renderer/LightTexture;Lorg/joml/Matrix4f;Lorg/joml/Matrix4f;Lorg/spongepowered/asm/mixin/injection/callback/CallbackInfo;)V doesn't use it's CallbackInfo
[27Aug2026 01:38:56.536] [modloading-worker-0/DEBUG] [mixin/]: iris-batched-entity-rendering.mixins.json:MixinLevelRenderer from mod iris->@Inject::batchedentityrendering$endLevelRender(Lnet/minecraft/client/DeltaTracker;ZLnet/minecraft/client/Camera;Lnet/minecraft/client/renderer/GameRenderer;Lnet/minecraft/client/renderer/LightTexture;Lorg/joml/Matrix4f;Lorg/joml/Matrix4f;Lorg/spongepowered/asm/mixin/injection/callback/CallbackInfo;)V has 0 override(s) in child classes
[27Aug2026 01:38:56.536] [modloading-worker-0/DEBUG] [mixin/]: iris-batched-entity-rendering.mixins.json:MixinLevelRenderer from mod iris->@Inject::batchedentityrendering$endLevelRender(Lnet/minecraft/client/DeltaTracker;ZLnet/minecraft/client/Camera;Lnet/minecraft/client/renderer/GameRenderer;Lnet/minecraft/client/renderer/LightTexture;Lorg/joml/Matrix4f;Lorg/joml/Matrix4f;Lorg/spongepowered/asm/mixin/injection/callback/CallbackInfo;)V won't be passed a CallbackInfo as a result
[27Aug2026 01:38:56.536] [modloading-worker-0/DEBUG] [mixin/]: mixins.iris.json:MixinLevelRenderer from mod iris->@Inject::iris$setupPipeline(Lnet/minecraft/client/DeltaTracker;ZLnet/minecraft/client/Camera;Lnet/minecraft/client/renderer/GameRenderer;Lnet/minecraft/client/renderer/LightTexture;Lorg/joml/Matrix4f;Lorg/joml/Matrix4f;Lorg/spongepowered/asm/mixin/injection/callback/CallbackInfo;)V doesn't use it's CallbackInfo
[27Aug2026 01:38:56.536] [modloading-worker-0/DEBUG] [mixin/]: mixins.iris.json:MixinLevelRenderer from mod iris->@Inject::iris$setupPipeline(Lnet/minecraft/client/DeltaTracker;ZLnet/minecraft/client/Camera;Lnet/minecraft/client/renderer/GameRenderer;Lnet/minecraft/client/renderer/LightTexture;Lorg/joml/Matrix4f;Lorg/joml/Matrix4f;Lorg/spongepowered/asm/mixin/injection/callback/CallbackInfo;)V has 0 override(s) in child classes
[27Aug2026 01:38:56.536] [modloading-worker-0/DEBUG] [mixin/]: mixins.iris.json:MixinLevelRenderer from mod iris->@Inject::iris$setupPipeline(Lnet/minecraft/client/DeltaTracker;ZLnet/minecraft/client/Camera;Lnet/minecraft/client/renderer/GameRenderer;Lnet/minecraft/client/renderer/LightTexture;Lorg/joml/Matrix4f;Lorg/joml/Matrix4f;Lorg/spongepowered/asm/mixin/injection/callback/CallbackInfo;)V won't be passed a CallbackInfo as a result
[27Aug2026 01:38:56.536] [modloading-worker-0/DEBUG] [mixin/]: mixins.iris.json:MixinLevelRenderer from mod iris->@Inject::iris$beginLevelRender(Lnet/minecraft/client/DeltaTracker;ZLnet/minecraft/client/Camera;Lnet/minecraft/client/renderer/GameRenderer;Lnet/minecraft/client/renderer/LightTexture;Lorg/joml/Matrix4f;Lorg/joml/Matrix4f;Lorg/spongepowered/asm/mixin/injection/callback/CallbackInfo;)V doesn't use it's CallbackInfo
[27Aug2026 01:38:56.536] [modloading-worker-0/DEBUG] [mixin/]: mixins.iris.json:MixinLevelRenderer from mod iris->@Inject::iris$beginLevelRender(Lnet/minecraft/client/DeltaTracker;ZLnet/minecraft/client/Camera;Lnet/minecraft/client/renderer/GameRenderer;Lnet/minecraft/client/renderer/LightTexture;Lorg/joml/Matrix4f;Lorg/joml/Matrix4f;Lorg/spongepowered/asm/mixin/injection/callback/CallbackInfo;)V has 0 override(s) in child classes
[27Aug2026 01:38:56.536] [modloading-worker-0/DEBUG] [mixin/]: mixins.iris.json:MixinLevelRenderer from mod iris->@Inject::iris$beginLevelRender(Lnet/minecraft/client/DeltaTracker;ZLnet/minecraft/client/Camera;Lnet/minecraft/client/renderer/GameRenderer;Lnet/minecraft/client/renderer/LightTexture;Lorg/joml/Matrix4f;Lorg/joml/Matrix4f;Lorg/spongepowered/asm/mixin/injection/callback/CallbackInfo;)V won't be passed a CallbackInfo as a result
[27Aug2026 01:38:56.536] [modloading-worker-0/DEBUG] [mixin/]: mixins.iris.json:MixinLevelRenderer from mod iris->@Inject::iris$endLevelRender(Lnet/minecraft/client/DeltaTracker;ZLnet/minecraft/client/Camera;Lnet/minecraft/client/renderer/GameRenderer;Lnet/minecraft/client/renderer/LightTexture;Lorg/joml/Matrix4f;Lorg/joml/Matrix4f;Lorg/spongepowered/asm/mixin/injection/callback/CallbackInfo;)V doesn't use it's CallbackInfo
[27Aug2026 01:38:56.536] [modloading-worker-0/DEBUG] [mixin/]: mixins.iris.json:MixinLevelRenderer from mod iris->@Inject::iris$endLevelRender(Lnet/minecraft/client/DeltaTracker;ZLnet/minecraft/client/Camera;Lnet/minecraft/client/renderer/GameRenderer;Lnet/minecraft/client/renderer/LightTexture;Lorg/joml/Matrix4f;Lorg/joml/Matrix4f;Lorg/spongepowered/asm/mixin/injection/callback/CallbackInfo;)V has 0 override(s) in child classes
[27Aug2026 01:38:56.536] [modloading-worker-0/DEBUG] [mixin/]: mixins.iris.json:MixinLevelRenderer from mod iris->@Inject::iris$endLevelRender(Lnet/minecraft/client/DeltaTracker;ZLnet/minecraft/client/Camera;Lnet/minecraft/client/renderer/GameRenderer;Lnet/minecraft/client/renderer/LightTexture;Lorg/joml/Matrix4f;Lorg/joml/Matrix4f;Lorg/spongepowered/asm/mixin/injection/callback/CallbackInfo;)V won't be passed a CallbackInfo as a result
[27Aug2026 01:38:56.536] [modloading-worker-0/DEBUG] [mixin/]: mixins.iris.json:MixinLevelRenderer from mod iris->@Inject::iris$renderTerrainShadows(Lnet/minecraft/client/DeltaTracker;ZLnet/minecraft/client/Camera;Lnet/minecraft/client/renderer/GameRenderer;Lnet/minecraft/client/renderer/LightTexture;Lorg/joml/Matrix4f;Lorg/joml/Matrix4f;Lorg/spongepowered/asm/mixin/injection/callback/CallbackInfo;)V doesn't use it's CallbackInfo
[27Aug2026 01:38:56.536] [modloading-worker-0/DEBUG] [mixin/]: mixins.iris.json:MixinLevelRenderer from mod iris->@Inject::iris$renderTerrainShadows(Lnet/minecraft/client/DeltaTracker;ZLnet/minecraft/client/Camera;Lnet/minecraft/client/renderer/GameRenderer;Lnet/minecraft/client/renderer/LightTexture;Lorg/joml/Matrix4f;Lorg/joml/Matrix4f;Lorg/spongepowered/asm/mixin/injection/callback/CallbackInfo;)V has 0 override(s) in child classes
[27Aug2026 01:38:56.536] [modloading-worker-0/DEBUG] [mixin/]: mixins.iris.json:MixinLevelRenderer from mod iris->@Inject::iris$renderTerrainShadows(Lnet/minecraft/client/DeltaTracker;ZLnet/minecraft/client/Camera;Lnet/minecraft/client/renderer/GameRenderer;Lnet/minecraft/client/renderer/LightTexture;Lorg/joml/Matrix4f;Lorg/joml/Matrix4f;Lorg/spongepowered/asm/mixin/injection/callback/CallbackInfo;)V won't be passed a CallbackInfo as a result
[27Aug2026 01:38:56.536] [modloading-worker-0/DEBUG] [mixin/]: mixins.iris.json:MixinLevelRenderer from mod iris->@Inject::iris$beginSky(Lnet/minecraft/client/DeltaTracker;ZLnet/minecraft/client/Camera;Lnet/minecraft/client/renderer/GameRenderer;Lnet/minecraft/client/renderer/LightTexture;Lorg/joml/Matrix4f;Lorg/joml/Matrix4f;Lorg/spongepowered/asm/mixin/injection/callback/CallbackInfo;)V doesn't use it's CallbackInfo
[27Aug2026 01:38:56.536] [modloading-worker-0/DEBUG] [mixin/]: mixins.iris.json:MixinLevelRenderer from mod iris->@Inject::iris$beginSky(Lnet/minecraft/client/DeltaTracker;ZLnet/minecraft/client/Camera;Lnet/minecraft/client/renderer/GameRenderer;Lnet/minecraft/client/renderer/LightTexture;Lorg/joml/Matrix4f;Lorg/joml/Matrix4f;Lorg/spongepowered/asm/mixin/injection/callback/CallbackInfo;)V has 0 override(s) in child classes
[27Aug2026 01:38:56.536] [modloading-worker-0/DEBUG] [mixin/]: mixins.iris.json:MixinLevelRenderer from mod iris->@Inject::iris$beginSky(Lnet/minecraft/client/DeltaTracker;ZLnet/minecraft/client/Camera;Lnet/minecraft/client/renderer/GameRenderer;Lnet/minecraft/client/renderer/LightTexture;Lorg/joml/Matrix4f;Lorg/joml/Matrix4f;Lorg/spongepowered/asm/mixin/injection/callback/CallbackInfo;)V won't be passed a CallbackInfo as a result
[27Aug2026 01:38:56.536] [modloading-worker-0/DEBUG] [mixin/]: mixins.iris.json:MixinLevelRenderer from mod iris->@Inject::iris$renderSky$beginNormalSky(Lorg/joml/Matrix4f;Lorg/joml/Matrix4f;FLnet/minecraft/client/Camera;ZLjava/lang/Runnable;Lorg/spongepowered/asm/mixin/injection/callback/CallbackInfo;)V doesn't use it's CallbackInfo
[27Aug2026 01:38:56.536] [modloading-worker-0/DEBUG] [mixin/]: mixins.iris.json:MixinLevelRenderer from mod iris->@Inject::iris$renderSky$beginNormalSky(Lorg/joml/Matrix4f;Lorg/joml/Matrix4f;FLnet/minecraft/client/Camera;ZLjava/lang/Runnable;Lorg/spongepowered/asm/mixin/injection/callback/CallbackInfo;)V has 0 override(s) in child classes
[27Aug2026 01:38:56.536] [modloading-worker-0/DEBUG] [mixin/]: mixins.iris.json:MixinLevelRenderer from mod iris->@Inject::iris$renderSky$beginNormalSky(Lorg/joml/Matrix4f;Lorg/joml/Matrix4f;FLnet/minecraft/client/Camera;ZLjava/lang/Runnable;Lorg/spongepowered/asm/mixin/injection/callback/CallbackInfo;)V won't be passed a CallbackInfo as a result
[27Aug2026 01:38:56.536] [modloading-worker-0/DEBUG] [mixin/]: mixins.iris.json:MixinLevelRenderer from mod iris->@Inject::iris$setSunRenderStage(Lorg/joml/Matrix4f;Lorg/joml/Matrix4f;FLnet/minecraft/client/Camera;ZLjava/lang/Runnable;Lorg/spongepowered/asm/mixin/injection/callback/CallbackInfo;)V doesn't use it's CallbackInfo
[27Aug2026 01:38:56.536] [modloading-worker-0/DEBUG] [mixin/]: mixins.iris.json:MixinLevelRenderer from mod iris->@Inject::iris$setSunRenderStage(Lorg/joml/Matrix4f;Lorg/joml/Matrix4f;FLnet/minecraft/client/Camera;ZLjava/lang/Runnable;Lorg/spongepowered/asm/mixin/injection/callback/CallbackInfo;)V has 0 override(s) in child classes
[27Aug2026 01:38:56.536] [modloading-worker-0/DEBUG] [mixin/]: mixins.iris.json:MixinLevelRenderer from mod iris->@Inject::iris$setSunRenderStage(Lorg/joml/Matrix4f;Lorg/joml/Matrix4f;FLnet/minecraft/client/Camera;ZLjava/lang/Runnable;Lorg/spongepowered/asm/mixin/injection/callback/CallbackInfo;)V won't be passed a CallbackInfo as a result
[27Aug2026 01:38:56.536] [modloading-worker-0/DEBUG] [mixin/]: mixins.iris.json:MixinLevelRenderer from mod iris->@Inject::iris$setSunsetRenderStage(Lorg/joml/Matrix4f;Lorg/joml/Matrix4f;FLnet/minecraft/client/Camera;ZLjava/lang/Runnable;Lorg/spongepowered/asm/mixin/injection/callback/CallbackInfo;)V doesn't use it's CallbackInfo
[27Aug2026 01:38:56.536] [modloading-worker-0/DEBUG] [mixin/]: mixins.iris.json:MixinLevelRenderer from mod iris->@Inject::iris$setSunsetRenderStage(Lorg/joml/Matrix4f;Lorg/joml/Matrix4f;FLnet/minecraft/client/Camera;ZLjava/lang/Runnable;Lorg/spongepowered/asm/mixin/injection/callback/CallbackInfo;)V has 0 override(s) in child classes
[27Aug2026 01:38:56.536] [modloading-worker-0/DEBUG] [mixin/]: mixins.iris.json:MixinLevelRenderer from mod iris->@Inject::iris$setSunsetRenderStage(Lorg/joml/Matrix4f;Lorg/joml/Matrix4f;FLnet/minecraft/client/Camera;ZLjava/lang/Runnable;Lorg/spongepowered/asm/mixin/injection/callback/CallbackInfo;)V won't be passed a CallbackInfo as a result
[27Aug2026 01:38:56.536] [modloading-worker-0/DEBUG] [mixin/]: mixins.iris.json:MixinLevelRenderer from mod iris->@Inject::iris$setMoonRenderStage(Lorg/joml/Matrix4f;Lorg/joml/Matrix4f;FLnet/minecraft/client/Camera;ZLjava/lang/Runnable;Lorg/spongepowered/asm/mixin/injection/callback/CallbackInfo;)V doesn't use it's CallbackInfo
[27Aug2026 01:38:56.536] [modloading-worker-0/DEBUG] [mixin/]: mixins.iris.json:MixinLevelRenderer from mod iris->@Inject::iris$setMoonRenderStage(Lorg/joml/Matrix4f;Lorg/joml/Matrix4f;FLnet/minecraft/client/Camera;ZLjava/lang/Runnable;Lorg/spongepowered/asm/mixin/injection/callback/CallbackInfo;)V has 0 override(s) in child classes
[27Aug2026 01:38:56.536] [modloading-worker-0/DEBUG] [mixin/]: mixins.iris.json:MixinLevelRenderer from mod iris->@Inject::iris$setMoonRenderStage(Lorg/joml/Matrix4f;Lorg/joml/Matrix4f;FLnet/minecraft/client/Camera;ZLjava/lang/Runnable;Lorg/spongepowered/asm/mixin/injection/callback/CallbackInfo;)V won't be passed a CallbackInfo as a result
[27Aug2026 01:38:56.536] [modloading-worker-0/DEBUG] [mixin/]: mixins.iris.json:MixinLevelRenderer from mod iris->@Inject::iris$setStarRenderStage(Lorg/joml/Matrix4f;Lorg/joml/Matrix4f;FLnet/minecraft/client/Camera;ZLjava/lang/Runnable;Lorg/spongepowered/asm/mixin/injection/callback/CallbackInfo;)V doesn't use it's CallbackInfo
[27Aug2026 01:38:56.536] [modloading-worker-0/DEBUG] [mixin/]: mixins.iris.json:MixinLevelRenderer from mod iris->@Inject::iris$setStarRenderStage(Lorg/joml/Matrix4f;Lorg/joml/Matrix4f;FLnet/minecraft/client/Camera;ZLjava/lang/Runnable;Lorg/spongepowered/asm/mixin/injection/callback/CallbackInfo;)V has 0 override(s) in child classes
[27Aug2026 01:38:56.536] [modloading-worker-0/DEBUG] [mixin/]: mixins.iris.json:MixinLevelRenderer from mod iris->@Inject::iris$setStarRenderStage(Lorg/joml/Matrix4f;Lorg/joml/Matrix4f;FLnet/minecraft/client/Camera;ZLjava/lang/Runnable;Lorg/spongepowered/asm/mixin/injection/callback/CallbackInfo;)V won't be passed a CallbackInfo as a result
[27Aug2026 01:38:56.536] [modloading-worker-0/DEBUG] [mixin/]: mixins.iris.json:MixinLevelRenderer from mod iris->@Inject::iris$setVoidRenderStage(Lorg/joml/Matrix4f;Lorg/joml/Matrix4f;FLnet/minecraft/client/Camera;ZLjava/lang/Runnable;Lorg/spongepowered/asm/mixin/injection/callback/CallbackInfo;)V doesn't use it's CallbackInfo
[27Aug2026 01:38:56.536] [modloading-worker-0/DEBUG] [mixin/]: mixins.iris.json:MixinLevelRenderer from mod iris->@Inject::iris$setVoidRenderStage(Lorg/joml/Matrix4f;Lorg/joml/Matrix4f;FLnet/minecraft/client/Camera;ZLjava/lang/Runnable;Lorg/spongepowered/asm/mixin/injection/callback/CallbackInfo;)V has 0 override(s) in child classes
[27Aug2026 01:38:56.536] [modloading-worker-0/DEBUG] [mixin/]: mixins.iris.json:MixinLevelRenderer from mod iris->@Inject::iris$setVoidRenderStage(Lorg/joml/Matrix4f;Lorg/joml/Matrix4f;FLnet/minecraft/client/Camera;ZLjava/lang/Runnable;Lorg/spongepowered/asm/mixin/injection/callback/CallbackInfo;)V won't be passed a CallbackInfo as a result
[27Aug2026 01:38:56.536] [modloading-worker-0/DEBUG] [mixin/]: mixins.iris.json:MixinLevelRenderer from mod iris->@Inject::iris$renderSky$tiltSun(Lorg/joml/Matrix4f;Lorg/joml/Matrix4f;FLnet/minecraft/client/Camera;ZLjava/lang/Runnable;Lorg/spongepowered/asm/mixin/injection/callback/CallbackInfo;)V doesn't use it's CallbackInfo
[27Aug2026 01:38:56.536] [modloading-worker-0/DEBUG] [mixin/]: mixins.iris.json:MixinLevelRenderer from mod iris->@Inject::iris$renderSky$tiltSun(Lorg/joml/Matrix4f;Lorg/joml/Matrix4f;FLnet/minecraft/client/Camera;ZLjava/lang/Runnable;Lorg/spongepowered/asm/mixin/injection/callback/CallbackInfo;)V has 0 override(s) in child classes
[27Aug2026 01:38:56.536] [modloading-worker-0/DEBUG] [mixin/]: mixins.iris.json:MixinLevelRenderer from mod iris->@Inject::iris$renderSky$tiltSun(Lorg/joml/Matrix4f;Lorg/joml/Matrix4f;FLnet/minecraft/client/Camera;ZLjava/lang/Runnable;Lorg/spongepowered/asm/mixin/injection/callback/CallbackInfo;)V won't be passed a CallbackInfo as a result
[27Aug2026 01:38:56.538] [modloading-worker-0/DEBUG] [mixin/]: mixins.iris.json:MixinLevelRenderer from mod iris->@Inject::iris$endSky(Lnet/minecraft/client/DeltaTracker;ZLnet/minecraft/client/Camera;Lnet/minecraft/client/renderer/GameRenderer;Lnet/minecraft/client/renderer/LightTexture;Lorg/joml/Matrix4f;Lorg/joml/Matrix4f;Lorg/spongepowered/asm/mixin/injection/callback/CallbackInfo;)V doesn't use it's CallbackInfo
[27Aug2026 01:38:56.538] [modloading-worker-0/DEBUG] [mixin/]: mixins.iris.json:MixinLevelRenderer from mod iris->@Inject::iris$endSky(Lnet/minecraft/client/DeltaTracker;ZLnet/minecraft/client/Camera;Lnet/minecraft/client/renderer/GameRenderer;Lnet/minecraft/client/renderer/LightTexture;Lorg/joml/Matrix4f;Lorg/joml/Matrix4f;Lorg/spongepowered/asm/mixin/injection/callback/CallbackInfo;)V has 0 override(s) in child classes
[27Aug2026 01:38:56.538] [modloading-worker-0/DEBUG] [mixin/]: mixins.iris.json:MixinLevelRenderer from mod iris->@Inject::iris$endSky(Lnet/minecraft/client/DeltaTracker;ZLnet/minecraft/client/Camera;Lnet/minecraft/client/renderer/GameRenderer;Lnet/minecraft/client/renderer/LightTexture;Lorg/joml/Matrix4f;Lorg/joml/Matrix4f;Lorg/spongepowered/asm/mixin/injection/callback/CallbackInfo;)V won't be passed a CallbackInfo as a result
[27Aug2026 01:38:56.538] [modloading-worker-0/DEBUG] [mixin/]: mixins.iris.json:MixinLevelRenderer from mod iris->@Inject::iris$beginClouds(Lnet/minecraft/client/DeltaTracker;ZLnet/minecraft/client/Camera;Lnet/minecraft/client/renderer/GameRenderer;Lnet/minecraft/client/renderer/LightTexture;Lorg/joml/Matrix4f;Lorg/joml/Matrix4f;Lorg/spongepowered/asm/mixin/injection/callback/CallbackInfo;)V doesn't use it's CallbackInfo
[27Aug2026 01:38:56.538] [modloading-worker-0/DEBUG] [mixin/]: mixins.iris.json:MixinLevelRenderer from mod iris->@Inject::iris$beginClouds(Lnet/minecraft/client/DeltaTracker;ZLnet/minecraft/client/Camera;Lnet/minecraft/client/renderer/GameRenderer;Lnet/minecraft/client/renderer/LightTexture;Lorg/joml/Matrix4f;Lorg/joml/Matrix4f;Lorg/spongepowered/asm/mixin/injection/callback/CallbackInfo;)V has 0 override(s) in child classes
[27Aug2026 01:38:56.538] [modloading-worker-0/DEBUG] [mixin/]: mixins.iris.json:MixinLevelRenderer from mod iris->@Inject::iris$beginClouds(Lnet/minecraft/client/DeltaTracker;ZLnet/minecraft/client/Camera;Lnet/minecraft/client/renderer/GameRenderer;Lnet/minecraft/client/renderer/LightTexture;Lorg/joml/Matrix4f;Lorg/joml/Matrix4f;Lorg/spongepowered/asm/mixin/injection/callback/CallbackInfo;)V won't be passed a CallbackInfo as a result
[27Aug2026 01:38:56.538] [modloading-worker-0/DEBUG] [mixin/]: mixins.iris.json:MixinLevelRenderer from mod iris->@Inject::iris$endClouds(Lnet/minecraft/client/DeltaTracker;ZLnet/minecraft/client/Camera;Lnet/minecraft/client/renderer/GameRenderer;Lnet/minecraft/client/renderer/LightTexture;Lorg/joml/Matrix4f;Lorg/joml/Matrix4f;Lorg/spongepowered/asm/mixin/injection/callback/CallbackInfo;)V doesn't use it's CallbackInfo
[27Aug2026 01:38:56.538] [modloading-worker-0/DEBUG] [mixin/]: mixins.iris.json:MixinLevelRenderer from mod iris->@Inject::iris$endClouds(Lnet/minecraft/client/DeltaTracker;ZLnet/minecraft/client/Camera;Lnet/minecraft/client/renderer/GameRenderer;Lnet/minecraft/client/renderer/LightTexture;Lorg/joml/Matrix4f;Lorg/joml/Matrix4f;Lorg/spongepowered/asm/mixin/injection/callback/CallbackInfo;)V has 0 override(s) in child classes
[27Aug2026 01:38:56.538] [modloading-worker-0/DEBUG] [mixin/]: mixins.iris.json:MixinLevelRenderer from mod iris->@Inject::iris$endClouds(Lnet/minecraft/client/DeltaTracker;ZLnet/minecraft/client/Camera;Lnet/minecraft/client/renderer/GameRenderer;Lnet/minecraft/client/renderer/LightTexture;Lorg/joml/Matrix4f;Lorg/joml/Matrix4f;Lorg/spongepowered/asm/mixin/injection/callback/CallbackInfo;)V won't be passed a CallbackInfo as a result
[27Aug2026 01:38:56.538] [modloading-worker-0/DEBUG] [mixin/]: mixins.iris.json:MixinLevelRenderer from mod iris->@Inject::iris$beginTerrainLayer(Lnet/minecraft/client/renderer/RenderType;DDDLorg/joml/Matrix4f;Lorg/joml/Matrix4f;Lorg/spongepowered/asm/mixin/injection/callback/CallbackInfo;)V doesn't use it's CallbackInfo
[27Aug2026 01:38:56.538] [modloading-worker-0/DEBUG] [mixin/]: mixins.iris.json:MixinLevelRenderer from mod iris->@Inject::iris$beginTerrainLayer(Lnet/minecraft/client/renderer/RenderType;DDDLorg/joml/Matrix4f;Lorg/joml/Matrix4f;Lorg/spongepowered/asm/mixin/injection/callback/CallbackInfo;)V has 0 override(s) in child classes
[27Aug2026 01:38:56.538] [modloading-worker-0/DEBUG] [mixin/]: mixins.iris.json:MixinLevelRenderer from mod iris->@Inject::iris$beginTerrainLayer(Lnet/minecraft/client/renderer/RenderType;DDDLorg/joml/Matrix4f;Lorg/joml/Matrix4f;Lorg/spongepowered/asm/mixin/injection/callback/CallbackInfo;)V won't be passed a CallbackInfo as a result
[27Aug2026 01:38:56.538] [modloading-worker-0/DEBUG] [mixin/]: mixins.iris.json:MixinLevelRenderer from mod iris->@Inject::iris$endTerrainLayer(Lnet/minecraft/client/renderer/RenderType;DDDLorg/joml/Matrix4f;Lorg/joml/Matrix4f;Lorg/spongepowered/asm/mixin/injection/callback/CallbackInfo;)V doesn't use it's CallbackInfo
[27Aug2026 01:38:56.538] [modloading-worker-0/DEBUG] [mixin/]: mixins.iris.json:MixinLevelRenderer from mod iris->@Inject::iris$endTerrainLayer(Lnet/minecraft/client/renderer/RenderType;DDDLorg/joml/Matrix4f;Lorg/joml/Matrix4f;Lorg/spongepowered/asm/mixin/injection/callback/CallbackInfo;)V has 0 override(s) in child classes
[27Aug2026 01:38:56.538] [modloading-worker-0/DEBUG] [mixin/]: mixins.iris.json:MixinLevelRenderer from mod iris->@Inject::iris$endTerrainLayer(Lnet/minecraft/client/renderer/RenderType;DDDLorg/joml/Matrix4f;Lorg/joml/Matrix4f;Lorg/spongepowered/asm/mixin/injection/callback/CallbackInfo;)V won't be passed a CallbackInfo as a result
[27Aug2026 01:38:56.538] [modloading-worker-0/DEBUG] [mixin/]: mixins.iris.json:MixinLevelRenderer from mod iris->@Inject::iris$beginWeather(Lnet/minecraft/client/DeltaTracker;ZLnet/minecraft/client/Camera;Lnet/minecraft/client/renderer/GameRenderer;Lnet/minecraft/client/renderer/LightTexture;Lorg/joml/Matrix4f;Lorg/joml/Matrix4f;Lorg/spongepowered/asm/mixin/injection/callback/CallbackInfo;)V doesn't use it's CallbackInfo
[27Aug2026 01:38:56.538] [modloading-worker-0/DEBUG] [mixin/]: mixins.iris.json:MixinLevelRenderer from mod iris->@Inject::iris$beginWeather(Lnet/minecraft/client/DeltaTracker;ZLnet/minecraft/client/Camera;Lnet/minecraft/client/renderer/GameRenderer;Lnet/minecraft/client/renderer/LightTexture;Lorg/joml/Matrix4f;Lorg/joml/Matrix4f;Lorg/spongepowered/asm/mixin/injection/callback/CallbackInfo;)V has 0 override(s) in child classes
[27Aug2026 01:38:56.538] [modloading-worker-0/DEBUG] [mixin/]: mixins.iris.json:MixinLevelRenderer from mod iris->@Inject::iris$beginWeather(Lnet/minecraft/client/DeltaTracker;ZLnet/minecraft/client/Camera;Lnet/minecraft/client/renderer/GameRenderer;Lnet/minecraft/client/renderer/LightTexture;Lorg/joml/Matrix4f;Lorg/joml/Matrix4f;Lorg/spongepowered/asm/mixin/injection/callback/CallbackInfo;)V won't be passed a CallbackInfo as a result
[27Aug2026 01:38:56.538] [modloading-worker-0/DEBUG] [mixin/]: mixins.iris.json:MixinLevelRenderer from mod iris->@Inject::iris$beginWeather(Lnet/minecraft/client/DeltaTracker;ZLnet/minecraft/client/Camera;Lnet/minecraft/client/renderer/GameRenderer;Lnet/minecraft/client/renderer/LightTexture;Lorg/joml/Matrix4f;Lorg/joml/Matrix4f;Lorg/spongepowered/asm/mixin/injection/callback/CallbackInfo;)V doesn't use it's CallbackInfo
[27Aug2026 01:38:56.538] [modloading-worker-0/DEBUG] [mixin/]: mixins.iris.json:MixinLevelRenderer from mod iris->@Inject::iris$beginWeather(Lnet/minecraft/client/DeltaTracker;ZLnet/minecraft/client/Camera;Lnet/minecraft/client/renderer/GameRenderer;Lnet/minecraft/client/renderer/LightTexture;Lorg/joml/Matrix4f;Lorg/joml/Matrix4f;Lorg/spongepowered/asm/mixin/injection/callback/CallbackInfo;)V has 0 override(s) in child classes
[27Aug2026 01:38:56.538] [modloading-worker-0/DEBUG] [mixin/]: mixins.iris.json:MixinLevelRenderer from mod iris->@Inject::iris$beginWeather(Lnet/minecraft/client/DeltaTracker;ZLnet/minecraft/client/Camera;Lnet/minecraft/client/renderer/GameRenderer;Lnet/minecraft/client/renderer/LightTexture;Lorg/joml/Matrix4f;Lorg/joml/Matrix4f;Lorg/spongepowered/asm/mixin/injection/callback/CallbackInfo;)V won't be passed a CallbackInfo as a result
[27Aug2026 01:38:56.538] [modloading-worker-0/DEBUG] [mixin/]: mixins.iris.json:MixinLevelRenderer from mod iris->@Inject::iris$endWeather(Lnet/minecraft/client/DeltaTracker;ZLnet/minecraft/client/Camera;Lnet/minecraft/client/renderer/GameRenderer;Lnet/minecraft/client/renderer/LightTexture;Lorg/joml/Matrix4f;Lorg/joml/Matrix4f;Lorg/spongepowered/asm/mixin/injection/callback/CallbackInfo;)V doesn't use it's CallbackInfo
[27Aug2026 01:38:56.538] [modloading-worker-0/DEBUG] [mixin/]: mixins.iris.json:MixinLevelRenderer from mod iris->@Inject::iris$endWeather(Lnet/minecraft/client/DeltaTracker;ZLnet/minecraft/client/Camera;Lnet/minecraft/client/renderer/GameRenderer;Lnet/minecraft/client/renderer/LightTexture;Lorg/joml/Matrix4f;Lorg/joml/Matrix4f;Lorg/spongepowered/asm/mixin/injection/callback/CallbackInfo;)V has 0 override(s) in child classes
[27Aug2026 01:38:56.538] [modloading-worker-0/DEBUG] [mixin/]: mixins.iris.json:MixinLevelRenderer from mod iris->@Inject::iris$endWeather(Lnet/minecraft/client/DeltaTracker;ZLnet/minecraft/client/Camera;Lnet/minecraft/client/renderer/GameRenderer;Lnet/minecraft/client/renderer/LightTexture;Lorg/joml/Matrix4f;Lorg/joml/Matrix4f;Lorg/spongepowered/asm/mixin/injection/callback/CallbackInfo;)V won't be passed a CallbackInfo as a result
[27Aug2026 01:38:56.538] [modloading-worker-0/DEBUG] [mixin/]: mixins.iris.json:MixinLevelRenderer from mod iris->@Inject::iris$endWeather(Lnet/minecraft/client/DeltaTracker;ZLnet/minecraft/client/Camera;Lnet/minecraft/client/renderer/GameRenderer;Lnet/minecraft/client/renderer/LightTexture;Lorg/joml/Matrix4f;Lorg/joml/Matrix4f;Lorg/spongepowered/asm/mixin/injection/callback/CallbackInfo;)V doesn't use it's CallbackInfo
[27Aug2026 01:38:56.538] [modloading-worker-0/DEBUG] [mixin/]: mixins.iris.json:MixinLevelRenderer from mod iris->@Inject::iris$endWeather(Lnet/minecraft/client/DeltaTracker;ZLnet/minecraft/client/Camera;Lnet/minecraft/client/renderer/GameRenderer;Lnet/minecraft/client/renderer/LightTexture;Lorg/joml/Matrix4f;Lorg/joml/Matrix4f;Lorg/spongepowered/asm/mixin/injection/callback/CallbackInfo;)V has 0 override(s) in child classes
[27Aug2026 01:38:56.538] [modloading-worker-0/DEBUG] [mixin/]: mixins.iris.json:MixinLevelRenderer from mod iris->@Inject::iris$endWeather(Lnet/minecraft/client/DeltaTracker;ZLnet/minecraft/client/Camera;Lnet/minecraft/client/renderer/GameRenderer;Lnet/minecraft/client/renderer/LightTexture;Lorg/joml/Matrix4f;Lorg/joml/Matrix4f;Lorg/spongepowered/asm/mixin/injection/callback/CallbackInfo;)V won't be passed a CallbackInfo as a result
[27Aug2026 01:38:56.538] [modloading-worker-0/DEBUG] [mixin/]: mixins.iris.json:MixinLevelRenderer from mod iris->@Inject::iris$beginWorldBorder(Lnet/minecraft/client/DeltaTracker;ZLnet/minecraft/client/Camera;Lnet/minecraft/client/renderer/GameRenderer;Lnet/minecraft/client/renderer/LightTexture;Lorg/joml/Matrix4f;Lorg/joml/Matrix4f;Lorg/spongepowered/asm/mixin/injection/callback/CallbackInfo;)V doesn't use it's CallbackInfo
[27Aug2026 01:38:56.538] [modloading-worker-0/DEBUG] [mixin/]: mixins.iris.json:MixinLevelRenderer from mod iris->@Inject::iris$beginWorldBorder(Lnet/minecraft/client/DeltaTracker;ZLnet/minecraft/client/Camera;Lnet/minecraft/client/renderer/GameRenderer;Lnet/minecraft/client/renderer/LightTexture;Lorg/joml/Matrix4f;Lorg/joml/Matrix4f;Lorg/spongepowered/asm/mixin/injection/callback/CallbackInfo;)V has 0 override(s) in child classes
[27Aug2026 01:38:56.538] [modloading-worker-0/DEBUG] [mixin/]: mixins.iris.json:MixinLevelRenderer from mod iris->@Inject::iris$beginWorldBorder(Lnet/minecraft/client/DeltaTracker;ZLnet/minecraft/client/Camera;Lnet/minecraft/client/renderer/GameRenderer;Lnet/minecraft/client/renderer/LightTexture;Lorg/joml/Matrix4f;Lorg/joml/Matrix4f;Lorg/spongepowered/asm/mixin/injection/callback/CallbackInfo;)V won't be passed a CallbackInfo as a result
[27Aug2026 01:38:56.538] [modloading-worker-0/DEBUG] [mixin/]: mixins.iris.json:MixinLevelRenderer from mod iris->@Inject::iris$beginWorldBorder(Lnet/minecraft/client/DeltaTracker;ZLnet/minecraft/client/Camera;Lnet/minecraft/client/renderer/GameRenderer;Lnet/minecraft/client/renderer/LightTexture;Lorg/joml/Matrix4f;Lorg/joml/Matrix4f;Lorg/spongepowered/asm/mixin/injection/callback/CallbackInfo;)V doesn't use it's CallbackInfo
[27Aug2026 01:38:56.538] [modloading-worker-0/DEBUG] [mixin/]: mixins.iris.json:MixinLevelRenderer from mod iris->@Inject::iris$beginWorldBorder(Lnet/minecraft/client/DeltaTracker;ZLnet/minecraft/client/Camera;Lnet/minecraft/client/renderer/GameRenderer;Lnet/minecraft/client/renderer/LightTexture;Lorg/joml/Matrix4f;Lorg/joml/Matrix4f;Lorg/spongepowered/asm/mixin/injection/callback/CallbackInfo;)V has 0 override(s) in child classes
[27Aug2026 01:38:56.538] [modloading-worker-0/DEBUG] [mixin/]: mixins.iris.json:MixinLevelRenderer from mod iris->@Inject::iris$beginWorldBorder(Lnet/minecraft/client/DeltaTracker;ZLnet/minecraft/client/Camera;Lnet/minecraft/client/renderer/GameRenderer;Lnet/minecraft/client/renderer/LightTexture;Lorg/joml/Matrix4f;Lorg/joml/Matrix4f;Lorg/spongepowered/asm/mixin/injection/callback/CallbackInfo;)V won't be passed a CallbackInfo as a result
[27Aug2026 01:38:56.538] [modloading-worker-0/DEBUG] [mixin/]: mixins.iris.json:MixinLevelRenderer from mod iris->@Inject::iris$endWorldBorder(Lnet/minecraft/client/DeltaTracker;ZLnet/minecraft/client/Camera;Lnet/minecraft/client/renderer/GameRenderer;Lnet/minecraft/client/renderer/LightTexture;Lorg/joml/Matrix4f;Lorg/joml/Matrix4f;Lorg/spongepowered/asm/mixin/injection/callback/CallbackInfo;)V doesn't use it's CallbackInfo
[27Aug2026 01:38:56.538] [modloading-worker-0/DEBUG] [mixin/]: mixins.iris.json:MixinLevelRenderer from mod iris->@Inject::iris$endWorldBorder(Lnet/minecraft/client/DeltaTracker;ZLnet/minecraft/client/Camera;Lnet/minecraft/client/renderer/GameRenderer;Lnet/minecraft/client/renderer/LightTexture;Lorg/joml/Matrix4f;Lorg/joml/Matrix4f;Lorg/spongepowered/asm/mixin/injection/callback/CallbackInfo;)V has 0 override(s) in child classes
[27Aug2026 01:38:56.538] [modloading-worker-0/DEBUG] [mixin/]: mixins.iris.json:MixinLevelRenderer from mod iris->@Inject::iris$endWorldBorder(Lnet/minecraft/client/DeltaTracker;ZLnet/minecraft/client/Camera;Lnet/minecraft/client/renderer/GameRenderer;Lnet/minecraft/client/renderer/LightTexture;Lorg/joml/Matrix4f;Lorg/joml/Matrix4f;Lorg/spongepowered/asm/mixin/injection/callback/CallbackInfo;)V won't be passed a CallbackInfo as a result
[27Aug2026 01:38:56.538] [modloading-worker-0/DEBUG] [mixin/]: mixins.iris.json:MixinLevelRenderer from mod iris->@Inject::iris$endWorldBorder(Lnet/minecraft/client/DeltaTracker;ZLnet/minecraft/client/Camera;Lnet/minecraft/client/renderer/GameRenderer;Lnet/minecraft/client/renderer/LightTexture;Lorg/joml/Matrix4f;Lorg/joml/Matrix4f;Lorg/spongepowered/asm/mixin/injection/callback/CallbackInfo;)V doesn't use it's CallbackInfo
[27Aug2026 01:38:56.539] [modloading-worker-0/DEBUG] [mixin/]: mixins.iris.json:MixinLevelRenderer from mod iris->@Inject::iris$endWorldBorder(Lnet/minecraft/client/DeltaTracker;ZLnet/minecraft/client/Camera;Lnet/minecraft/client/renderer/GameRenderer;Lnet/minecraft/client/renderer/LightTexture;Lorg/joml/Matrix4f;Lorg/joml/Matrix4f;Lorg/spongepowered/asm/mixin/injection/callback/CallbackInfo;)V has 0 override(s) in child classes
[27Aug2026 01:38:56.539] [modloading-worker-0/DEBUG] [mixin/]: mixins.iris.json:MixinLevelRenderer from mod iris->@Inject::iris$endWorldBorder(Lnet/minecraft/client/DeltaTracker;ZLnet/minecraft/client/Camera;Lnet/minecraft/client/renderer/GameRenderer;Lnet/minecraft/client/renderer/LightTexture;Lorg/joml/Matrix4f;Lorg/joml/Matrix4f;Lorg/spongepowered/asm/mixin/injection/callback/CallbackInfo;)V won't be passed a CallbackInfo as a result
[27Aug2026 01:38:56.539] [modloading-worker-0/DEBUG] [mixin/]: mixins.iris.json:MixinLevelRenderer from mod iris->@Inject::iris$setDebugRenderStage(Lnet/minecraft/client/DeltaTracker;ZLnet/minecraft/client/Camera;Lnet/minecraft/client/renderer/GameRenderer;Lnet/minecraft/client/renderer/LightTexture;Lorg/joml/Matrix4f;Lorg/joml/Matrix4f;Lorg/spongepowered/asm/mixin/injection/callback/CallbackInfo;)V doesn't use it's CallbackInfo
[27Aug2026 01:38:56.539] [modloading-worker-0/DEBUG] [mixin/]: mixins.iris.json:MixinLevelRenderer from mod iris->@Inject::iris$setDebugRenderStage(Lnet/minecraft/client/DeltaTracker;ZLnet/minecraft/client/Camera;Lnet/minecraft/client/renderer/GameRenderer;Lnet/minecraft/client/renderer/LightTexture;Lorg/joml/Matrix4f;Lorg/joml/Matrix4f;Lorg/spongepowered/asm/mixin/injection/callback/CallbackInfo;)V has 0 override(s) in child classes
[27Aug2026 01:38:56.539] [modloading-worker-0/DEBUG] [mixin/]: mixins.iris.json:MixinLevelRenderer from mod iris->@Inject::iris$setDebugRenderStage(Lnet/minecraft/client/DeltaTracker;ZLnet/minecraft/client/Camera;Lnet/minecraft/client/renderer/GameRenderer;Lnet/minecraft/client/renderer/LightTexture;Lorg/joml/Matrix4f;Lorg/joml/Matrix4f;Lorg/spongepowered/asm/mixin/injection/callback/CallbackInfo;)V won't be passed a CallbackInfo as a result
[27Aug2026 01:38:56.539] [modloading-worker-0/DEBUG] [mixin/]: mixins.iris.json:MixinLevelRenderer from mod iris->@Inject::iris$resetDebugRenderStage(Lnet/minecraft/client/DeltaTracker;ZLnet/minecraft/client/Camera;Lnet/minecraft/client/renderer/GameRenderer;Lnet/minecraft/client/renderer/LightTexture;Lorg/joml/Matrix4f;Lorg/joml/Matrix4f;Lorg/spongepowered/asm/mixin/injection/callback/CallbackInfo;)V doesn't use it's CallbackInfo
[27Aug2026 01:38:56.539] [modloading-worker-0/DEBUG] [mixin/]: mixins.iris.json:MixinLevelRenderer from mod iris->@Inject::iris$resetDebugRenderStage(Lnet/minecraft/client/DeltaTracker;ZLnet/minecraft/client/Camera;Lnet/minecraft/client/renderer/GameRenderer;Lnet/minecraft/client/renderer/LightTexture;Lorg/joml/Matrix4f;Lorg/joml/Matrix4f;Lorg/spongepowered/asm/mixin/injection/callback/CallbackInfo;)V has 0 override(s) in child classes
[27Aug2026 01:38:56.539] [modloading-worker-0/DEBUG] [mixin/]: mixins.iris.json:MixinLevelRenderer from mod iris->@Inject::iris$resetDebugRenderStage(Lnet/minecraft/client/DeltaTracker;ZLnet/minecraft/client/Camera;Lnet/minecraft/client/renderer/GameRenderer;Lnet/minecraft/client/renderer/LightTexture;Lorg/joml/Matrix4f;Lorg/joml/Matrix4f;Lorg/spongepowered/asm/mixin/injection/callback/CallbackInfo;)V won't be passed a CallbackInfo as a result
[27Aug2026 01:38:56.539] [modloading-worker-0/DEBUG] [mixin/]: mixins.iris.json:MixinLevelRenderer from mod iris->@Inject::iris$beginTranslucents(Lnet/minecraft/client/DeltaTracker;ZLnet/minecraft/client/Camera;Lnet/minecraft/client/renderer/GameRenderer;Lnet/minecraft/client/renderer/LightTexture;Lorg/joml/Matrix4f;Lorg/joml/Matrix4f;Lorg/spongepowered/asm/mixin/injection/callback/CallbackInfo;)V doesn't use it's CallbackInfo
[27Aug2026 01:38:56.539] [modloading-worker-0/DEBUG] [mixin/]: mixins.iris.json:MixinLevelRenderer from mod iris->@Inject::iris$beginTranslucents(Lnet/minecraft/client/DeltaTracker;ZLnet/minecraft/client/Camera;Lnet/minecraft/client/renderer/GameRenderer;Lnet/minecraft/client/renderer/LightTexture;Lorg/joml/Matrix4f;Lorg/joml/Matrix4f;Lorg/spongepowered/asm/mixin/injection/callback/CallbackInfo;)V has 0 override(s) in child classes
[27Aug2026 01:38:56.539] [modloading-worker-0/DEBUG] [mixin/]: mixins.iris.json:MixinLevelRenderer from mod iris->@Inject::iris$beginTranslucents(Lnet/minecraft/client/DeltaTracker;ZLnet/minecraft/client/Camera;Lnet/minecraft/client/renderer/GameRenderer;Lnet/minecraft/client/renderer/LightTexture;Lorg/joml/Matrix4f;Lorg/joml/Matrix4f;Lorg/spongepowered/asm/mixin/injection/callback/CallbackInfo;)V won't be passed a CallbackInfo as a result
[27Aug2026 01:38:56.539] [modloading-worker-0/DEBUG] [mixin/]: mixins.iris.json:MixinLevelRenderer from mod iris->@Inject::iris$beginTranslucents(Lnet/minecraft/client/DeltaTracker;ZLnet/minecraft/client/Camera;Lnet/minecraft/client/renderer/GameRenderer;Lnet/minecraft/client/renderer/LightTexture;Lorg/joml/Matrix4f;Lorg/joml/Matrix4f;Lorg/spongepowered/asm/mixin/injection/callback/CallbackInfo;)V doesn't use it's CallbackInfo
[27Aug2026 01:38:56.539] [modloading-worker-0/DEBUG] [mixin/]: mixins.iris.json:MixinLevelRenderer from mod iris->@Inject::iris$beginTranslucents(Lnet/minecraft/client/DeltaTracker;ZLnet/minecraft/client/Camera;Lnet/minecraft/client/renderer/GameRenderer;Lnet/minecraft/client/renderer/LightTexture;Lorg/joml/Matrix4f;Lorg/joml/Matrix4f;Lorg/spongepowered/asm/mixin/injection/callback/CallbackInfo;)V has 0 override(s) in child classes
[27Aug2026 01:38:56.539] [modloading-worker-0/DEBUG] [mixin/]: mixins.iris.json:MixinLevelRenderer from mod iris->@Inject::iris$beginTranslucents(Lnet/minecraft/client/DeltaTracker;ZLnet/minecraft/client/Camera;Lnet/minecraft/client/renderer/GameRenderer;Lnet/minecraft/client/renderer/LightTexture;Lorg/joml/Matrix4f;Lorg/joml/Matrix4f;Lorg/spongepowered/asm/mixin/injection/callback/CallbackInfo;)V won't be passed a CallbackInfo as a result
[27Aug2026 01:38:56.539] [modloading-worker-0/DEBUG] [mixin/]: mixins.iris.json:MixinLevelRenderer_Sky from mod iris->@Inject::preRenderSky(Lorg/joml/Matrix4f;Lorg/joml/Matrix4f;FLnet/minecraft/client/Camera;ZLjava/lang/Runnable;Lorg/spongepowered/asm/mixin/injection/callback/CallbackInfo;)V does use it's CallbackInfo
[27Aug2026 01:38:56.539] [modloading-worker-0/DEBUG] [mixin/]: mixins.iris.json:fabulous.MixinDisableFabulousGraphics from mod iris->@Inject::iris$disableFabulousGraphicsOnResourceReload(Lorg/spongepowered/asm/mixin/injection/callback/CallbackInfo;)V doesn't use it's CallbackInfo
[27Aug2026 01:38:56.539] [modloading-worker-0/DEBUG] [mixin/]: mixins.iris.json:fabulous.MixinDisableFabulousGraphics from mod iris->@Inject::iris$disableFabulousGraphicsOnResourceReload(Lorg/spongepowered/asm/mixin/injection/callback/CallbackInfo;)V has 0 override(s) in child classes
[27Aug2026 01:38:56.539] [modloading-worker-0/DEBUG] [mixin/]: mixins.iris.json:fabulous.MixinDisableFabulousGraphics from mod iris->@Inject::iris$disableFabulousGraphicsOnResourceReload(Lorg/spongepowered/asm/mixin/injection/callback/CallbackInfo;)V won't be passed a CallbackInfo as a result
[27Aug2026 01:38:56.539] [modloading-worker-0/DEBUG] [mixin/]: mixins.iris.json:fabulous.MixinDisableFabulousGraphics from mod iris->@Inject::iris$disableFabulousGraphicsOnLevelRendererReload(Lorg/spongepowered/asm/mixin/injection/callback/CallbackInfo;)V doesn't use it's CallbackInfo
[27Aug2026 01:38:56.539] [modloading-worker-0/DEBUG] [mixin/]: mixins.iris.json:fabulous.MixinDisableFabulousGraphics from mod iris->@Inject::iris$disableFabulousGraphicsOnLevelRendererReload(Lorg/spongepowered/asm/mixin/injection/callback/CallbackInfo;)V has 0 override(s) in child classes
[27Aug2026 01:38:56.539] [modloading-worker-0/DEBUG] [mixin/]: mixins.iris.json:fabulous.MixinDisableFabulousGraphics from mod iris->@Inject::iris$disableFabulousGraphicsOnLevelRendererReload(Lorg/spongepowered/asm/mixin/injection/callback/CallbackInfo;)V won't be passed a CallbackInfo as a result
[27Aug2026 01:38:56.539] [modloading-worker-0/DEBUG] [mixin/]: sodium-common.mixins.json:core.render.world.LevelRendererMixin from mod sodium->@Inject::init(Lnet/minecraft/client/Minecraft;Lnet/minecraft/client/renderer/entity/EntityRenderDispatcher;Lnet/minecraft/client/renderer/blockentity/BlockEntityRenderDispatcher;Lnet/minecraft/client/renderer/RenderBuffers;Lorg/spongepowered/asm/mixin/injection/callback/CallbackInfo;)V doesn't use it's CallbackInfo
[27Aug2026 01:38:56.539] [modloading-worker-0/DEBUG] [mixin/]: sodium-common.mixins.json:core.render.world.LevelRendererMixin from mod sodium->@Inject::init(Lnet/minecraft/client/Minecraft;Lnet/minecraft/client/renderer/entity/EntityRenderDispatcher;Lnet/minecraft/client/renderer/blockentity/BlockEntityRenderDispatcher;Lnet/minecraft/client/renderer/RenderBuffers;Lorg/spongepowered/asm/mixin/injection/callback/CallbackInfo;)V has 0 override(s) in child classes
[27Aug2026 01:38:56.539] [modloading-worker-0/DEBUG] [mixin/]: sodium-common.mixins.json:core.render.world.LevelRendererMixin from mod sodium->@Inject::init(Lnet/minecraft/client/Minecraft;Lnet/minecraft/client/renderer/entity/EntityRenderDispatcher;Lnet/minecraft/client/renderer/blockentity/BlockEntityRenderDispatcher;Lnet/minecraft/client/renderer/RenderBuffers;Lorg/spongepowered/asm/mixin/injection/callback/CallbackInfo;)V won't be passed a CallbackInfo as a result
[27Aug2026 01:38:56.539] [modloading-worker-0/DEBUG] [mixin/]: sodium-common.mixins.json:core.render.world.LevelRendererMixin from mod sodium->@Inject::onWorldChanged(Lnet/minecraft/client/multiplayer/ClientLevel;Lorg/spongepowered/asm/mixin/injection/callback/CallbackInfo;)V doesn't use it's CallbackInfo
[27Aug2026 01:38:56.539] [modloading-worker-0/DEBUG] [mixin/]: sodium-common.mixins.json:core.render.world.LevelRendererMixin from mod sodium->@Inject::onWorldChanged(Lnet/minecraft/client/multiplayer/ClientLevel;Lorg/spongepowered/asm/mixin/injection/callback/CallbackInfo;)V has 0 override(s) in child classes
[27Aug2026 01:38:56.539] [modloading-worker-0/DEBUG] [mixin/]: sodium-common.mixins.json:core.render.world.LevelRendererMixin from mod sodium->@Inject::onWorldChanged(Lnet/minecraft/client/multiplayer/ClientLevel;Lorg/spongepowered/asm/mixin/injection/callback/CallbackInfo;)V won't be passed a CallbackInfo as a result
[27Aug2026 01:38:56.539] [modloading-worker-0/DEBUG] [mixin/]: sodium-common.mixins.json:core.render.world.LevelRendererMixin from mod sodium->@Inject::onTerrainUpdateScheduled(Lorg/spongepowered/asm/mixin/injection/callback/CallbackInfo;)V doesn't use it's CallbackInfo
[27Aug2026 01:38:56.539] [modloading-worker-0/DEBUG] [mixin/]: sodium-common.mixins.json:core.render.world.LevelRendererMixin from mod sodium->@Inject::onTerrainUpdateScheduled(Lorg/spongepowered/asm/mixin/injection/callback/CallbackInfo;)V has 0 override(s) in child classes
[27Aug2026 01:38:56.539] [modloading-worker-0/DEBUG] [mixin/]: sodium-common.mixins.json:core.render.world.LevelRendererMixin from mod sodium->@Inject::onTerrainUpdateScheduled(Lorg/spongepowered/asm/mixin/injection/callback/CallbackInfo;)V won't be passed a CallbackInfo as a result
[27Aug2026 01:38:56.539] [modloading-worker-0/DEBUG] [mixin/]: sodium-common.mixins.json:core.render.world.LevelRendererMixin from mod sodium->@Inject::onReload(Lorg/spongepowered/asm/mixin/injection/callback/CallbackInfo;)V doesn't use it's CallbackInfo
[27Aug2026 01:38:56.539] [modloading-worker-0/DEBUG] [mixin/]: sodium-common.mixins.json:core.render.world.LevelRendererMixin from mod sodium->@Inject::onReload(Lorg/spongepowered/asm/mixin/injection/callback/CallbackInfo;)V has 0 override(s) in child classes
[27Aug2026 01:38:56.539] [modloading-worker-0/DEBUG] [mixin/]: sodium-common.mixins.json:core.render.world.LevelRendererMixin from mod sodium->@Inject::onReload(Lorg/spongepowered/asm/mixin/injection/callback/CallbackInfo;)V won't be passed a CallbackInfo as a result
[27Aug2026 01:38:56.540] [modloading-worker-0/DEBUG] [mixin/]: sodium-common.mixins.json:core.render.world.LevelRendererMixin from mod sodium->@Inject::onRenderBlockEntities(Lnet/minecraft/client/DeltaTracker;ZLnet/minecraft/client/Camera;Lnet/minecraft/client/renderer/GameRenderer;Lnet/minecraft/client/renderer/LightTexture;Lorg/joml/Matrix4f;Lorg/joml/Matrix4f;Lorg/spongepowered/asm/mixin/injection/callback/CallbackInfo;)V doesn't use it's CallbackInfo
[27Aug2026 01:38:56.540] [modloading-worker-0/DEBUG] [mixin/]: sodium-common.mixins.json:core.render.world.LevelRendererMixin from mod sodium->@Inject::onRenderBlockEntities(Lnet/minecraft/client/DeltaTracker;ZLnet/minecraft/client/Camera;Lnet/minecraft/client/renderer/GameRenderer;Lnet/minecraft/client/renderer/LightTexture;Lorg/joml/Matrix4f;Lorg/joml/Matrix4f;Lorg/spongepowered/asm/mixin/injection/callback/CallbackInfo;)V has 0 override(s) in child classes
[27Aug2026 01:38:56.540] [modloading-worker-0/DEBUG] [mixin/]: sodium-common.mixins.json:core.render.world.LevelRendererMixin from mod sodium->@Inject::onRenderBlockEntities(Lnet/minecraft/client/DeltaTracker;ZLnet/minecraft/client/Camera;Lnet/minecraft/client/renderer/GameRenderer;Lnet/minecraft/client/renderer/LightTexture;Lorg/joml/Matrix4f;Lorg/joml/Matrix4f;Lorg/spongepowered/asm/mixin/injection/callback/CallbackInfo;)V won't be passed a CallbackInfo as a result
[27Aug2026 01:38:56.547] [modloading-worker-0/DEBUG] [mixin/]: sodium-common.mixins.json:core.render.world.LevelRendererMixin from mod sodium->@Inject::replaceBlockEntityIteration(Ljava/util/function/Consumer;Lorg/spongepowered/asm/mixin/injection/callback/CallbackInfo;)V does use it's CallbackInfo
[27Aug2026 01:38:56.548] [modloading-worker-0/DEBUG] [mixin/]: sodium-common.mixins.json:features.render.gui.outlines.LevelRendererMixin from mod sodium->@Inject::drawBoxFast(Lcom/mojang/blaze3d/vertex/PoseStack;Lcom/mojang/blaze3d/vertex/VertexConsumer;DDDDDDFFFFFFFLorg/spongepowered/asm/mixin/injection/callback/CallbackInfo;)V does use it's CallbackInfo
[27Aug2026 01:38:56.548] [modloading-worker-0/DEBUG] [mixin/]: sodium-common.mixins.json:features.render.world.clouds.LevelRendererMixin from mod sodium->@Inject::renderClouds(Lcom/mojang/blaze3d/vertex/PoseStack;Lorg/joml/Matrix4f;Lorg/joml/Matrix4f;FDDDLorg/spongepowered/asm/mixin/injection/callback/CallbackInfo;)V does use it's CallbackInfo
[27Aug2026 01:38:56.548] [modloading-worker-0/DEBUG] [mixin/]: sodium-common.mixins.json:features.render.world.clouds.LevelRendererMixin from mod sodium->@Inject::onReload(Lnet/minecraft/server/packs/resources/ResourceManager;Lorg/spongepowered/asm/mixin/injection/callback/CallbackInfo;)V doesn't use it's CallbackInfo
[27Aug2026 01:38:56.548] [modloading-worker-0/DEBUG] [mixin/]: sodium-common.mixins.json:features.render.world.clouds.LevelRendererMixin from mod sodium->@Inject::onReload(Lnet/minecraft/server/packs/resources/ResourceManager;Lorg/spongepowered/asm/mixin/injection/callback/CallbackInfo;)V has 0 override(s) in child classes
[27Aug2026 01:38:56.548] [modloading-worker-0/DEBUG] [mixin/]: sodium-common.mixins.json:features.render.world.clouds.LevelRendererMixin from mod sodium->@Inject::onReload(Lnet/minecraft/server/packs/resources/ResourceManager;Lorg/spongepowered/asm/mixin/injection/callback/CallbackInfo;)V won't be passed a CallbackInfo as a result
[27Aug2026 01:38:56.548] [modloading-worker-0/DEBUG] [mixin/]: sodium-common.mixins.json:features.render.world.clouds.LevelRendererMixin from mod sodium->@Inject::onReload(Lorg/spongepowered/asm/mixin/injection/callback/CallbackInfo;)V doesn't use it's CallbackInfo
[27Aug2026 01:38:56.548] [modloading-worker-0/DEBUG] [mixin/]: sodium-common.mixins.json:features.render.world.clouds.LevelRendererMixin from mod sodium->@Inject::onReload(Lorg/spongepowered/asm/mixin/injection/callback/CallbackInfo;)V has 0 override(s) in child classes
[27Aug2026 01:38:56.548] [modloading-worker-0/DEBUG] [mixin/]: sodium-common.mixins.json:features.render.world.clouds.LevelRendererMixin from mod sodium->@Inject::onReload(Lorg/spongepowered/asm/mixin/injection/callback/CallbackInfo;)V won't be passed a CallbackInfo as a result
[27Aug2026 01:38:56.548] [modloading-worker-0/DEBUG] [mixin/]: sodium-common.mixins.json:features.render.world.clouds.LevelRendererMixin from mod sodium->@Inject::onClose(Lorg/spongepowered/asm/mixin/injection/callback/CallbackInfo;)V doesn't use it's CallbackInfo
[27Aug2026 01:38:56.548] [modloading-worker-0/DEBUG] [mixin/]: sodium-common.mixins.json:features.render.world.clouds.LevelRendererMixin from mod sodium->@Inject::onClose(Lorg/spongepowered/asm/mixin/injection/callback/CallbackInfo;)V has 0 override(s) in child classes
[27Aug2026 01:38:56.548] [modloading-worker-0/DEBUG] [mixin/]: sodium-common.mixins.json:features.render.world.clouds.LevelRendererMixin from mod sodium->@Inject::onClose(Lorg/spongepowered/asm/mixin/injection/callback/CallbackInfo;)V won't be passed a CallbackInfo as a result
[27Aug2026 01:38:56.548] [modloading-worker-0/DEBUG] [mixin/]: mixins.iris.json:shadows.MixinPreventRebuildNearInShadowPass from mod iris->@Inject::iris$preventRebuildNearInShadowPass(Lnet/minecraft/client/Camera;Lnet/minecraft/client/renderer/culling/Frustum;ZZLorg/spongepowered/asm/mixin/injection/callback/CallbackInfo;)V doesn't use it's CallbackInfo
[27Aug2026 01:38:56.548] [modloading-worker-0/DEBUG] [mixin/]: mixins.iris.json:shadows.MixinPreventRebuildNearInShadowPass from mod iris->@Inject::iris$preventRebuildNearInShadowPass(Lnet/minecraft/client/Camera;Lnet/minecraft/client/renderer/culling/Frustum;ZZLorg/spongepowered/asm/mixin/injection/callback/CallbackInfo;)V has 0 override(s) in child classes
[27Aug2026 01:38:56.548] [modloading-worker-0/DEBUG] [mixin/]: mixins.iris.json:shadows.MixinPreventRebuildNearInShadowPass from mod iris->@Inject::iris$preventRebuildNearInShadowPass(Lnet/minecraft/client/Camera;Lnet/minecraft/client/renderer/culling/Frustum;ZZLorg/spongepowered/asm/mixin/injection/callback/CallbackInfo;)V won't be passed a CallbackInfo as a result
[27Aug2026 01:38:56.562] [modloading-worker-0/DEBUG] [mezz.jei.common.config.file.ConfigSerializer/]: Loading config file: C:\Users\tigan\curseforge\minecraft\Instances\OrderWorld\config\jei\jei-client.ini
[27Aug2026 01:38:56.562] [modloading-worker-0/DEBUG] [mixin/]: Mixing core.render.frustum.FrustumMixin from sodium-common.mixins.json into net.minecraft.client.renderer.culling.Frustum
[27Aug2026 01:38:56.572] [modloading-worker-0/DEBUG] [net.neoforged.fml.javafmlmod.AutomaticEventSubscriber/LOADING]: Attempting to inject @EventBusSubscriber classes into the eventbus for sodium
[27Aug2026 01:38:56.572] [modloading-worker-0/DEBUG] [mezz.jei.common.config.file.ConfigSchema/]: Localization has not loaded yet, waiting to save the config file until JEI starts.
[27Aug2026 01:38:56.575] [modloading-worker-0/INFO] [mezz.jei.library.load.PluginCaller/]: Sending ConfigManager...
[27Aug2026 01:38:56.577] [modloading-worker-0/DEBUG] [mezz.jei.library.load.PluginCallerTimerRunnable/]: Sending ConfigManager: jei:minecraft...
[27Aug2026 01:38:56.577] [modloading-worker-0/DEBUG] [mezz.jei.library.load.PluginCallerTimerRunnable/]: Sending ConfigManager: jei:neoforge_gui...
[27Aug2026 01:38:56.577] [modloading-worker-0/DEBUG] [mezz.jei.library.load.PluginCallerTimerRunnable/]: Sending ConfigManager: jei:debug...
[27Aug2026 01:38:56.577] [modloading-worker-0/DEBUG] [mezz.jei.library.load.PluginCallerTimerRunnable/]: Sending ConfigManager: jei:gui...
[27Aug2026 01:38:56.577] [modloading-worker-0/DEBUG] [mezz.jei.library.load.PluginCallerTimerRunnable/]: Sending ConfigManager: jei_plus_plus:jei_plugin...
[27Aug2026 01:38:56.577] [modloading-worker-0/DEBUG] [mezz.jei.library.load.PluginCallerTimerRunnable/]: Sending ConfigManager: jei:internal...
[27Aug2026 01:38:56.578] [modloading-worker-0/INFO] [mezz.jei.library.load.PluginCaller/]: Sending ConfigManager took 2.507 milliseconds
[27Aug2026 01:38:56.580] [modloading-worker-0/DEBUG] [io.netty.buffer.AbstractByteBuf/]: -Dio.netty.buffer.checkAccessible: true
[27Aug2026 01:38:56.580] [modloading-worker-0/DEBUG] [io.netty.buffer.AbstractByteBuf/]: -Dio.netty.buffer.checkBounds: true
[27Aug2026 01:38:56.581] [modloading-worker-0/DEBUG] [io.netty.util.ResourceLeakDetectorFactory/]: Loaded default ResourceLeakDetector: io.netty.util.ResourceLeakDetector@54a7402
[27Aug2026 01:38:56.582] [modloading-worker-0/DEBUG] [net.neoforged.fml.javafmlmod.AutomaticEventSubscriber/LOADING]: Attempting to inject @EventBusSubscriber classes into the eventbus for jei
[27Aug2026 01:38:56.585] [modloading-worker-0/DEBUG] [net.neoforged.fml.config.ConfigTracker/CONFIG]: Config file jei_plus_plus-client.toml for jei_plus_plus tracking
[27Aug2026 01:38:56.585] [modloading-worker-0/DEBUG] [net.neoforged.fml.javafmlmod.AutomaticEventSubscriber/LOADING]: Attempting to inject @EventBusSubscriber classes into the eventbus for jei_plus_plus
[27Aug2026 01:38:56.600] [modloading-worker-0/DEBUG] [io.netty.util.internal.InternalThreadLocalMap/]: -Dio.netty.threadLocalMap.stringBuilder.initialSize: 1024
[27Aug2026 01:38:56.600] [modloading-worker-0/DEBUG] [io.netty.util.internal.InternalThreadLocalMap/]: -Dio.netty.threadLocalMap.stringBuilder.maxSize: 4096
[27Aug2026 01:38:56.605] [modloading-worker-0/DEBUG] [io.netty.buffer.PooledByteBufAllocator/]: -Dio.netty.allocator.numHeapArenas: 32
[27Aug2026 01:38:56.605] [modloading-worker-0/DEBUG] [io.netty.buffer.PooledByteBufAllocator/]: -Dio.netty.allocator.numDirectArenas: 32
[27Aug2026 01:38:56.605] [modloading-worker-0/DEBUG] [io.netty.buffer.PooledByteBufAllocator/]: -Dio.netty.allocator.pageSize: 8192
[27Aug2026 01:38:56.605] [modloading-worker-0/DEBUG] [io.netty.buffer.PooledByteBufAllocator/]: -Dio.netty.allocator.maxOrder: 9
[27Aug2026 01:38:56.605] [modloading-worker-0/DEBUG] [io.netty.buffer.PooledByteBufAllocator/]: -Dio.netty.allocator.chunkSize: 4194304
[27Aug2026 01:38:56.605] [modloading-worker-0/DEBUG] [io.netty.buffer.PooledByteBufAllocator/]: -Dio.netty.allocator.smallCacheSize: 256
[27Aug2026 01:38:56.605] [modloading-worker-0/DEBUG] [io.netty.buffer.PooledByteBufAllocator/]: -Dio.netty.allocator.normalCacheSize: 64
[27Aug2026 01:38:56.605] [modloading-worker-0/DEBUG] [io.netty.buffer.PooledByteBufAllocator/]: -Dio.netty.allocator.maxCachedBufferCapacity: 32768
[27Aug2026 01:38:56.605] [modloading-worker-0/DEBUG] [io.netty.buffer.PooledByteBufAllocator/]: -Dio.netty.allocator.cacheTrimInterval: 8192
[27Aug2026 01:38:56.605] [modloading-worker-0/DEBUG] [io.netty.buffer.PooledByteBufAllocator/]: -Dio.netty.allocator.cacheTrimIntervalMillis: 0
[27Aug2026 01:38:56.605] [modloading-worker-0/DEBUG] [io.netty.buffer.PooledByteBufAllocator/]: -Dio.netty.allocator.useCacheForAllThreads: false
[27Aug2026 01:38:56.605] [modloading-worker-0/DEBUG] [io.netty.buffer.PooledByteBufAllocator/]: -Dio.netty.allocator.maxCachedByteBuffersPerChunk: 1023
[27Aug2026 01:38:56.615] [modloading-worker-0/DEBUG] [io.netty.buffer.ByteBufUtil/]: -Dio.netty.allocator.type: pooled
[27Aug2026 01:38:56.615] [modloading-worker-0/DEBUG] [io.netty.buffer.ByteBufUtil/]: -Dio.netty.threadLocalDirectBufferSize: 0
[27Aug2026 01:38:56.615] [modloading-worker-0/DEBUG] [io.netty.buffer.ByteBufUtil/]: -Dio.netty.maxThreadLocalCharBufferSize: 16384
[27Aug2026 01:38:56.619] [modloading-worker-0/DEBUG] [net.neoforged.fml.javafmlmod.AutomaticEventSubscriber/]: Subscribing @EventBusSubscriber class Lnet/neoforged/neoforge/network/filters/GenericPacketSplitter; to the mod event bus of mod neoforge
[27Aug2026 01:38:56.620] [modloading-worker-0/DEBUG] [net.neoforged.fml.javafmlmod.AutomaticEventSubscriber/LOADING]: Scanning class net.neoforged.neoforge.network.NetworkInitialization for @SubscribeEvent-annotated methods
[27Aug2026 01:38:56.621] [modloading-worker-0/DEBUG] [net.neoforged.fml.javafmlmod.AutomaticEventSubscriber/]: Subscribing @EventBusSubscriber class Lnet/neoforged/neoforge/network/NetworkInitialization; to the mod event bus of mod neoforge
[27Aug2026 01:38:56.621] [modloading-worker-0/DEBUG] [net.neoforged.fml.javafmlmod.AutomaticEventSubscriber/LOADING]: Scanning class net.neoforged.neoforge.network.ConfigurationInitialization for @SubscribeEvent-annotated methods
[27Aug2026 01:38:56.622] [modloading-worker-0/DEBUG] [net.neoforged.fml.javafmlmod.AutomaticEventSubscriber/]: Subscribing @EventBusSubscriber class Lnet/neoforged/neoforge/network/ConfigurationInitialization; to the mod event bus of mod neoforge
[27Aug2026 01:38:56.622] [modloading-worker-0/DEBUG] [net.neoforged.fml.javafmlmod.AutomaticEventSubscriber/LOADING]: Scanning class net.neoforged.neoforge.common.MonsterRoomHooks for @SubscribeEvent-annotated methods
[27Aug2026 01:38:56.623] [modloading-worker-0/DEBUG] [net.neoforged.fml.javafmlmod.AutomaticEventSubscriber/]: Subscribing @EventBusSubscriber class Lnet/neoforged/neoforge/common/MonsterRoomHooks; to the game event bus
[27Aug2026 01:38:56.623] [modloading-worker-0/DEBUG] [net.neoforged.fml.javafmlmod.AutomaticEventSubscriber/LOADING]: Scanning class net.neoforged.neoforge.common.DeferredSpawnEggItem$CommonHandler for @SubscribeEvent-annotated methods
[27Aug2026 01:38:56.624] [modloading-worker-0/DEBUG] [net.neoforged.fml.javafmlmod.AutomaticEventSubscriber/]: Subscribing @EventBusSubscriber class Lnet/neoforged/neoforge/common/DeferredSpawnEggItem$CommonHandler; to the mod event bus of mod neoforge
[27Aug2026 01:38:56.624] [modloading-worker-0/DEBUG] [net.neoforged.fml.javafmlmod.AutomaticEventSubscriber/LOADING]: Scanning class net.neoforged.neoforge.common.DeferredSpawnEggItem$ColorRegisterHandler for @SubscribeEvent-annotated methods
[27Aug2026 01:38:56.625] [modloading-worker-0/DEBUG] [net.neoforged.fml.javafmlmod.AutomaticEventSubscriber/]: Subscribing @EventBusSubscriber class Lnet/neoforged/neoforge/common/DeferredSpawnEggItem$ColorRegisterHandler; to the mod event bus of mod neoforge
[27Aug2026 01:38:56.625] [modloading-worker-0/DEBUG] [net.neoforged.fml.javafmlmod.AutomaticEventSubscriber/LOADING]: Scanning class net.neoforged.neoforge.client.model.data.ModelDataManager for @SubscribeEvent-annotated methods
[27Aug2026 01:38:56.626] [modloading-worker-0/DEBUG] [mixin/]: Mixing platform.neoforge.ModelDataMixin from sodium-neoforge.mixins.json into net.neoforged.neoforge.client.model.data.ModelData
[27Aug2026 01:38:56.628] [modloading-worker-0/DEBUG] [net.neoforged.fml.javafmlmod.AutomaticEventSubscriber/]: Subscribing @EventBusSubscriber class Lnet/neoforged/neoforge/client/model/data/ModelDataManager; to the game event bus
[27Aug2026 01:38:56.628] [modloading-worker-0/DEBUG] [net.neoforged.fml.javafmlmod.AutomaticEventSubscriber/LOADING]: Scanning class net.neoforged.neoforge.client.ParticleBoundsDebugRenderer for @SubscribeEvent-annotated methods
[27Aug2026 01:38:56.631] [modloading-worker-0/DEBUG] [mixin/]: Mixing PoseStackAccessor from gnetum.mixins.json into com.mojang.blaze3d.vertex.PoseStack
[27Aug2026 01:38:56.631] [modloading-worker-0/DEBUG] [mixin/]: gnetum.mixins.json:PoseStackAccessor from mod gnetum: Class version 65 required is higher than the class version supported by the current version of Mixin (JAVA_17 supports class version 61)
[27Aug2026 01:38:56.631] [modloading-worker-0/DEBUG] [mixin/]: Mixing features.render.immediate.matrix_stack.PoseStackMixin from sodium-common.mixins.json into com.mojang.blaze3d.vertex.PoseStack
[27Aug2026 01:38:56.635] [modloading-worker-0/DEBUG] [net.neoforged.fml.javafmlmod.AutomaticEventSubscriber/]: Subscribing @EventBusSubscriber class Lnet/neoforged/neoforge/client/ParticleBoundsDebugRenderer; to the game event bus
[27Aug2026 01:38:56.635] [modloading-worker-0/DEBUG] [net.neoforged.fml.javafmlmod.AutomaticEventSubscriber/LOADING]: Scanning class net.neoforged.neoforge.client.ClientHooks$ClientEvents for @SubscribeEvent-annotated methods
[27Aug2026 01:38:56.636] [modloading-worker-0/DEBUG] [net.neoforged.fml.javafmlmod.AutomaticEventSubscriber/]: Subscribing @EventBusSubscriber class Lnet/neoforged/neoforge/client/ClientHooks$ClientEvents; to the mod event bus of mod neoforge
[27Aug2026 01:38:56.636] [modloading-worker-0/DEBUG] [net.neoforged.fml.javafmlmod.AutomaticEventSubscriber/LOADING]: Scanning class net.neoforged.neoforge.client.BlockEntityRenderBoundsDebugRenderer for @SubscribeEvent-annotated methods
[27Aug2026 01:38:56.636] [modloading-worker-0/DEBUG] [net.neoforged.fml.javafmlmod.AutomaticEventSubscriber/]: Subscribing @EventBusSubscriber class Lnet/neoforged/neoforge/client/BlockEntityRenderBoundsDebugRenderer; to the game event bus
[27Aug2026 01:38:56.637] [modloading-worker-0/DEBUG] [net.neoforged.fml.javafmlmod.AutomaticEventSubscriber/LOADING]: Scanning class net.neoforged.neoforge.attachment.AttachmentSync for @SubscribeEvent-annotated methods
[27Aug2026 01:38:56.639] [modloading-worker-0/DEBUG] [net.neoforged.fml.javafmlmod.AutomaticEventSubscriber/]: Subscribing @EventBusSubscriber class Lnet/neoforged/neoforge/attachment/AttachmentSync; to the game event bus
[27Aug2026 01:38:56.639] [modloading-worker-0/DEBUG] [net.neoforged.fml.javafmlmod.AutomaticEventSubscriber/LOADING]: Scanning class net.neoforged.neoforge.attachment.AttachmentInternals for @SubscribeEvent-annotated methods
[27Aug2026 01:38:56.639] [modloading-worker-0/DEBUG] [net.neoforged.fml.javafmlmod.AutomaticEventSubscriber/]: Subscribing @EventBusSubscriber class Lnet/neoforged/neoforge/attachment/AttachmentInternals; to the game event bus
[27Aug2026 01:38:56.933] [modloading-sync-worker/DEBUG] [net.neoforged.fml.config.ConfigTracker/CONFIG]: Loading configs type CLIENT
[27Aug2026 01:38:56.943] [modloading-sync-worker/DEBUG] [net.neoforged.fml.config.ConfigTracker/CONFIG]: Loaded TOML config file C:\Users\tigan\curseforge\minecraft\Instances\OrderWorld\config\bettermodsbutton-client.toml
[27Aug2026 01:38:56.953] [modloading-sync-worker/DEBUG] [net.neoforged.fml.config.ConfigTracker/CONFIG]: Watching TOML config file C:\Users\tigan\curseforge\minecraft\Instances\OrderWorld\config\bettermodsbutton-client.toml for changes
[27Aug2026 01:38:56.955] [modloading-sync-worker/DEBUG] [net.neoforged.neoforge.common.NeoForgeConfig/FORGEMOD]: Loaded NeoForge config file neoforge-client.toml
[27Aug2026 01:38:56.955] [modloading-sync-worker/DEBUG] [net.neoforged.fml.config.ConfigTracker/CONFIG]: Loaded TOML config file C:\Users\tigan\curseforge\minecraft\Instances\OrderWorld\config\neoforge-client.toml
[27Aug2026 01:38:56.956] [modloading-sync-worker/DEBUG] [net.neoforged.fml.config.ConfigTracker/CONFIG]: Watching TOML config file C:\Users\tigan\curseforge\minecraft\Instances\OrderWorld\config\neoforge-client.toml for changes
[27Aug2026 01:38:56.956] [modloading-sync-worker/DEBUG] [net.neoforged.fml.config.ConfigTracker/CONFIG]: Loaded TOML config file C:\Users\tigan\curseforge\minecraft\Instances\OrderWorld\config\jei_plus_plus-client.toml
[27Aug2026 01:38:56.957] [modloading-sync-worker/DEBUG] [net.neoforged.fml.config.ConfigTracker/CONFIG]: Watching TOML config file C:\Users\tigan\curseforge\minecraft\Instances\OrderWorld\config\jei_plus_plus-client.toml for changes
[27Aug2026 01:38:56.957] [modloading-sync-worker/DEBUG] [net.neoforged.fml.config.ConfigTracker/CONFIG]: Loading configs type COMMON
[27Aug2026 01:38:56.957] [modloading-sync-worker/DEBUG] [net.neoforged.neoforge.common.NeoForgeConfig/FORGEMOD]: Loaded NeoForge config file neoforge-common.toml
[27Aug2026 01:38:56.957] [modloading-sync-worker/DEBUG] [net.neoforged.fml.config.ConfigTracker/CONFIG]: Loaded TOML config file C:\Users\tigan\curseforge\minecraft\Instances\OrderWorld\config\neoforge-common.toml
[27Aug2026 01:38:56.958] [modloading-sync-worker/DEBUG] [net.neoforged.fml.config.ConfigTracker/CONFIG]: Watching TOML config file C:\Users\tigan\curseforge\minecraft\Instances\OrderWorld\config\neoforge-common.toml for changes
[27Aug2026 01:38:56.959] [Render thread/DEBUG] [mixin/]: Mixing platform.neoforge.ResourcePackLoaderMixin from sodium-neoforge.mixins.json into net.neoforged.neoforge.resource.ResourcePackLoader
[27Aug2026 01:38:56.959] [Render thread/DEBUG] [mixin/]: Renaming synthetic method lambda$changeSet$0(Ljava/util/Map$Entry;Ljava/util/Map$Entry;)I to mda2c3ce$sodium$lambda$changeSet$0$0 in sodium-neoforge.mixins.json:platform.neoforge.ResourcePackLoaderMixin from mod sodium
[27Aug2026 01:38:57.075] [Render thread/DEBUG] [mixin/]: Mixing MixinSodiumOptions from mixins.iris.compat.sodium.json into net.caffeinemc.mods.sodium.client.gui.SodiumConfigBuilder
[27Aug2026 01:38:57.076] [Render thread/DEBUG] [mixin/]: mixins.iris.compat.sodium.json:MixinSodiumOptions from mod iris: Class version 65 required is higher than the class version supported by the current version of Mixin (JAVA_8 supports class version 52)
[27Aug2026 01:38:57.099] [Render thread/DEBUG] [mixin/]: Mixing MixinClientLanguage from mixins.iris.json into net.minecraft.client.resources.language.ClientLanguage
[27Aug2026 01:38:57.099] [Render thread/DEBUG] [mixin/]: mixins.iris.json:MixinClientLanguage from mod iris: Class version 65 required is higher than the class version supported by the current version of Mixin (JAVA_8 supports class version 52)
[27Aug2026 01:38:57.103] [Render thread/DEBUG] [mixin/]: mixins.iris.json:MixinClientLanguage from mod iris->@Inject::injectFrom(Ljava/lang/String;Ljava/util/List;Ljava/util/Map;Lorg/spongepowered/asm/mixin/injection/callback/CallbackInfo;)V doesn't use it's CallbackInfo
[27Aug2026 01:38:57.103] [Render thread/DEBUG] [mixin/]: mixins.iris.json:MixinClientLanguage from mod iris->@Inject::check(Lnet/minecraft/server/packs/resources/ResourceManager;Ljava/util/List;ZLorg/spongepowered/asm/mixin/injection/callback/CallbackInfoReturnable;)V doesn't use it's CallbackInfoReturnable
[27Aug2026 01:38:57.103] [Render thread/DEBUG] [mixin/]: mixins.iris.json:MixinClientLanguage from mod iris->@Inject::iris$addLanguageEntries(Ljava/lang/String;Ljava/lang/String;Lorg/spongepowered/asm/mixin/injection/callback/CallbackInfoReturnable;)V does use it's CallbackInfoReturnable
[27Aug2026 01:38:57.103] [Render thread/DEBUG] [mixin/]: mixins.iris.json:MixinClientLanguage from mod iris->@Inject::iris$addLanguageEntriesToTranslationChecks(Ljava/lang/String;Lorg/spongepowered/asm/mixin/injection/callback/CallbackInfoReturnable;)V does use it's CallbackInfoReturnable
[27Aug2026 01:38:57.106] [Render thread/DEBUG] [mixin/]: Mixing texture.MixinTextureManager from mixins.iris.json into net.minecraft.client.renderer.texture.TextureManager
[27Aug2026 01:38:57.106] [Render thread/DEBUG] [mixin/]: mixins.iris.json:texture.MixinTextureManager from mod iris: Class version 65 required is higher than the class version supported by the current version of Mixin (JAVA_8 supports class version 52)
[27Aug2026 01:38:57.107] [Render thread/DEBUG] [mixin/]: mixins.iris.json:texture.MixinTextureManager from mod iris->@Inject::iris$onTailReloadLambda(Lnet/minecraft/server/packs/resources/ResourceManager;Ljava/util/concurrent/Executor;Ljava/util/concurrent/CompletableFuture;Ljava/lang/Void;Lorg/spongepowered/asm/mixin/injection/callback/CallbackInfo;)V doesn't use it's CallbackInfo
[27Aug2026 01:38:57.107] [Render thread/DEBUG] [mixin/]: mixins.iris.json:texture.MixinTextureManager from mod iris->@Inject::iris$onTailReloadLambda(Lnet/minecraft/server/packs/resources/ResourceManager;Ljava/util/concurrent/Executor;Ljava/util/concurrent/CompletableFuture;Ljava/lang/Void;Lorg/spongepowered/asm/mixin/injection/callback/CallbackInfo;)V has 0 override(s) in child classes
[27Aug2026 01:38:57.107] [Render thread/DEBUG] [mixin/]: mixins.iris.json:texture.MixinTextureManager from mod iris->@Inject::iris$onTailReloadLambda(Lnet/minecraft/server/packs/resources/ResourceManager;Ljava/util/concurrent/Executor;Ljava/util/concurrent/CompletableFuture;Ljava/lang/Void;Lorg/spongepowered/asm/mixin/injection/callback/CallbackInfo;)V won't be passed a CallbackInfo as a result
[27Aug2026 01:38:57.107] [Render thread/DEBUG] [mixin/]: mixins.iris.json:texture.MixinTextureManager from mod iris->@Inject::iris$onInnerDumpTextures(Ljava/nio/file/Path;Lorg/spongepowered/asm/mixin/injection/callback/CallbackInfo;)V doesn't use it's CallbackInfo
[27Aug2026 01:38:57.107] [Render thread/DEBUG] [mixin/]: mixins.iris.json:texture.MixinTextureManager from mod iris->@Inject::iris$onInnerDumpTextures(Ljava/nio/file/Path;Lorg/spongepowered/asm/mixin/injection/callback/CallbackInfo;)V has 0 override(s) in child classes
[27Aug2026 01:38:57.107] [Render thread/DEBUG] [mixin/]: mixins.iris.json:texture.MixinTextureManager from mod iris->@Inject::iris$onInnerDumpTextures(Ljava/nio/file/Path;Lorg/spongepowered/asm/mixin/injection/callback/CallbackInfo;)V won't be passed a CallbackInfo as a result
[27Aug2026 01:38:57.107] [Render thread/DEBUG] [mixin/]: mixins.iris.json:texture.MixinTextureManager from mod iris->@Inject::iris$onInnerDumpTextures(Ljava/nio/file/Path;Lorg/spongepowered/asm/mixin/injection/callback/CallbackInfo;)V doesn't use it's CallbackInfo
[27Aug2026 01:38:57.107] [Render thread/DEBUG] [mixin/]: mixins.iris.json:texture.MixinTextureManager from mod iris->@Inject::iris$onInnerDumpTextures(Ljava/nio/file/Path;Lorg/spongepowered/asm/mixin/injection/callback/CallbackInfo;)V has 0 override(s) in child classes
[27Aug2026 01:38:57.107] [Render thread/DEBUG] [mixin/]: mixins.iris.json:texture.MixinTextureManager from mod iris->@Inject::iris$onInnerDumpTextures(Ljava/nio/file/Path;Lorg/spongepowered/asm/mixin/injection/callback/CallbackInfo;)V won't be passed a CallbackInfo as a result
[27Aug2026 01:38:57.107] [Render thread/DEBUG] [mixin/]: mixins.iris.json:texture.MixinTextureManager from mod iris->@Inject::iris$onTailClose(Lorg/spongepowered/asm/mixin/injection/callback/CallbackInfo;)V doesn't use it's CallbackInfo
[27Aug2026 01:38:57.107] [Render thread/DEBUG] [mixin/]: mixins.iris.json:texture.MixinTextureManager from mod iris->@Inject::iris$onTailClose(Lorg/spongepowered/asm/mixin/injection/callback/CallbackInfo;)V has 0 override(s) in child classes
[27Aug2026 01:38:57.107] [Render thread/DEBUG] [mixin/]: mixins.iris.json:texture.MixinTextureManager from mod iris->@Inject::iris$onTailClose(Lorg/spongepowered/asm/mixin/injection/callback/CallbackInfo;)V won't be passed a CallbackInfo as a result
[27Aug2026 01:38:57.140] [Render thread/DEBUG] [mixin/]: Mixing features.render.gui.font.BakedGlyphMixin from sodium-common.mixins.json into net.minecraft.client.gui.font.glyphs.BakedGlyph
[27Aug2026 01:38:57.143] [Render thread/DEBUG] [mixin/]: sodium-common.mixins.json:features.render.gui.font.BakedGlyphMixin from mod sodium->@Inject::drawFast(ZFFLorg/joml/Matrix4f;Lcom/mojang/blaze3d/vertex/VertexConsumer;FFFFILorg/spongepowered/asm/mixin/injection/callback/CallbackInfo;)V does use it's CallbackInfo
[27Aug2026 01:38:57.156] [Render thread/DEBUG] [mixin/]: Mixing core.model.colors.BlockColorsMixin from sodium-common.mixins.json into net.minecraft.client.color.block.BlockColors
[27Aug2026 01:38:57.158] [Render thread/DEBUG] [mixin/]: sodium-common.mixins.json:core.model.colors.BlockColorsMixin from mod sodium->@Inject::preRegisterColorProvider(Lnet/minecraft/client/color/block/BlockColor;[Lnet/minecraft/world/level/block/Block;Lorg/spongepowered/asm/mixin/injection/callback/CallbackInfo;)V doesn't use it's CallbackInfo
[27Aug2026 01:38:57.160] [Render thread/DEBUG] [mixin/]: sodium-common.mixins.json:core.model.colors.BlockColorsMixin from mod sodium->@Inject::preRegisterColorProvider(Lnet/minecraft/client/color/block/BlockColor;[Lnet/minecraft/world/level/block/Block;Lorg/spongepowered/asm/mixin/injection/callback/CallbackInfo;)V has 0 override(s) in child classes
[27Aug2026 01:38:57.160] [Render thread/DEBUG] [mixin/]: sodium-common.mixins.json:core.model.colors.BlockColorsMixin from mod sodium->@Inject::preRegisterColorProvider(Lnet/minecraft/client/color/block/BlockColor;[Lnet/minecraft/world/level/block/Block;Lorg/spongepowered/asm/mixin/injection/callback/CallbackInfo;)V won't be passed a CallbackInfo as a result
[27Aug2026 01:38:57.164] [Render thread/DEBUG] [mixin/]: Mixing platform.neoforge.ClientHooksMixin from sodium-neoforge.mixins.json into net.neoforged.neoforge.client.ClientHooks
[27Aug2026 01:38:57.178] [Render thread/DEBUG] [mixin/]: Mixing core.model.colors.ItemColorsMixin from sodium-common.mixins.json into net.minecraft.client.color.item.ItemColors
[27Aug2026 01:38:57.180] [Render thread/DEBUG] [mixin/]: sodium-common.mixins.json:core.model.colors.ItemColorsMixin from mod sodium->@Inject::preRegisterColor(Lnet/minecraft/client/color/item/ItemColor;[Lnet/minecraft/world/level/ItemLike;Lorg/spongepowered/asm/mixin/injection/callback/CallbackInfo;)V doesn't use it's CallbackInfo
[27Aug2026 01:38:57.180] [Render thread/DEBUG] [mixin/]: sodium-common.mixins.json:core.model.colors.ItemColorsMixin from mod sodium->@Inject::preRegisterColor(Lnet/minecraft/client/color/item/ItemColor;[Lnet/minecraft/world/level/ItemLike;Lorg/spongepowered/asm/mixin/injection/callback/CallbackInfo;)V has 0 override(s) in child classes
[27Aug2026 01:38:57.180] [Render thread/DEBUG] [mixin/]: sodium-common.mixins.json:core.model.colors.ItemColorsMixin from mod sodium->@Inject::preRegisterColor(Lnet/minecraft/client/color/item/ItemColor;[Lnet/minecraft/world/level/ItemLike;Lorg/spongepowered/asm/mixin/injection/callback/CallbackInfo;)V won't be passed a CallbackInfo as a result
[27Aug2026 01:38:57.184] [Render thread/DEBUG] [mixin/]: Mixing MixinSheets from iris-batched-entity-rendering.mixins.json into net.minecraft.client.renderer.Sheets
[27Aug2026 01:38:57.184] [Render thread/DEBUG] [mixin/]: iris-batched-entity-rendering.mixins.json:MixinSheets from mod iris: Class version 65 required is higher than the class version supported by the current version of Mixin (JAVA_8 supports class version 52)
[27Aug2026 01:38:57.184] [Render thread/DEBUG] [mixin/]: iris-batched-entity-rendering.mixins.json:MixinSheets from mod iris->@Inject::setSheet(Lorg/spongepowered/asm/mixin/injection/callback/CallbackInfo;)V doesn't use it's CallbackInfo
[27Aug2026 01:38:57.192] [Render thread/DEBUG] [mixin/]: Mixing entity_render_context.MixinBlockEntityRenderDispatcher from mixins.iris.json into net.minecraft.client.renderer.blockentity.BlockEntityRenderDispatcher
[27Aug2026 01:38:57.192] [Render thread/DEBUG] [mixin/]: mixins.iris.json:entity_render_context.MixinBlockEntityRenderDispatcher from mod iris: Class version 65 required is higher than the class version supported by the current version of Mixin (JAVA_8 supports class version 52)
[27Aug2026 01:38:57.192] [Render thread/DEBUG] [mixin/]: Renaming synthetic method lambda$iris$wrapBufferSource$0(Lnet/minecraft/client/renderer/RenderType;)Lnet/minecraft/client/renderer/RenderType; to mda2c3ce$iris$lambda$iris$wrapBufferSource$0$0 in mixins.iris.json:entity_render_context.MixinBlockEntityRenderDispatcher from mod iris
[27Aug2026 01:38:57.193] [Render thread/DEBUG] [mixin/]: mixins.iris.json:entity_render_context.MixinBlockEntityRenderDispatcher from mod iris->@Inject::iris$afterRender(Lnet/minecraft/world/level/block/entity/BlockEntity;FLcom/mojang/blaze3d/vertex/PoseStack;Lnet/minecraft/client/renderer/MultiBufferSource;Lorg/spongepowered/asm/mixin/injection/callback/CallbackInfo;)V doesn't use it's CallbackInfo
[27Aug2026 01:38:57.193] [Render thread/DEBUG] [mixin/]: mixins.iris.json:entity_render_context.MixinBlockEntityRenderDispatcher from mod iris->@Inject::iris$afterRender(Lnet/minecraft/world/level/block/entity/BlockEntity;FLcom/mojang/blaze3d/vertex/PoseStack;Lnet/minecraft/client/renderer/MultiBufferSource;Lorg/spongepowered/asm/mixin/injection/callback/CallbackInfo;)V has 0 override(s) in child classes
[27Aug2026 01:38:57.193] [Render thread/DEBUG] [mixin/]: mixins.iris.json:entity_render_context.MixinBlockEntityRenderDispatcher from mod iris->@Inject::iris$afterRender(Lnet/minecraft/world/level/block/entity/BlockEntity;FLcom/mojang/blaze3d/vertex/PoseStack;Lnet/minecraft/client/renderer/MultiBufferSource;Lorg/spongepowered/asm/mixin/injection/callback/CallbackInfo;)V won't be passed a CallbackInfo as a result
[27Aug2026 01:38:57.197] [Render thread/DEBUG] [mixin/]: Mixing MixinEntityRenderDispatcher from mixins.iris.json into net.minecraft.client.renderer.entity.EntityRenderDispatcher
[27Aug2026 01:38:57.197] [Render thread/DEBUG] [mixin/]: mixins.iris.json:MixinEntityRenderDispatcher from mod iris: Class version 65 required is higher than the class version supported by the current version of Mixin (JAVA_8 supports class version 52)
[27Aug2026 01:38:57.198] [Render thread/DEBUG] [mixin/]: Mixing entity_render_context.MixinEntityRenderDispatcher from mixins.iris.json into net.minecraft.client.renderer.entity.EntityRenderDispatcher
[27Aug2026 01:38:57.198] [Render thread/DEBUG] [mixin/]: mixins.iris.json:entity_render_context.MixinEntityRenderDispatcher from mod iris: Class version 65 required is higher than the class version supported by the current version of Mixin (JAVA_8 supports class version 52)
[27Aug2026 01:38:57.198] [Render thread/DEBUG] [mixin/]: Renaming synthetic method lambda$iris$beginEntityRender$2(Lnet/minecraft/client/renderer/RenderType;)Lnet/minecraft/client/renderer/RenderType; to mda2c3ce$iris$lambda$iris$beginEntityRender$2$0 in mixins.iris.json:entity_render_context.MixinEntityRenderDispatcher from mod iris
[27Aug2026 01:38:57.198] [Render thread/DEBUG] [mixin/]: Renaming synthetic method lambda$iris$beginEntityRender$1(Lnet/minecraft/world/entity/Entity;Ljava/lang/Object;)Lnet/irisshaders/iris/shaderpack/materialmap/NamespacedId; to mda2c3ce$iris$lambda$iris$beginEntityRender$1$1 in mixins.iris.json:entity_render_context.MixinEntityRenderDispatcher from mod iris
[27Aug2026 01:38:57.198] [Render thread/DEBUG] [mixin/]: Renaming synthetic method lambda$iris$beginEntityRender$0(Lnet/minecraft/world/entity/Entity;Ljava/lang/Object;)Lnet/irisshaders/iris/shaderpack/materialmap/NamespacedId; to mda2c3ce$iris$lambda$iris$beginEntityRender$0$2 in mixins.iris.json:entity_render_context.MixinEntityRenderDispatcher from mod iris
[27Aug2026 01:38:57.201] [Render thread/DEBUG] [mixin/]: Mixing features.render.entity.shadows.EntityRenderDispatcherMixin from sodium-common.mixins.json into net.minecraft.client.renderer.entity.EntityRenderDispatcher
[27Aug2026 01:38:57.207] [Render thread/DEBUG] [mixin/]: mixins.iris.json:MixinEntityRenderDispatcher from mod iris->@Inject::iris$maybeSuppressEntityShadow(Lcom/mojang/blaze3d/vertex/PoseStack;Lnet/minecraft/client/renderer/MultiBufferSource;Lnet/minecraft/world/entity/Entity;FFLnet/minecraft/world/level/LevelReader;FLorg/spongepowered/asm/mixin/injection/callback/CallbackInfo;)V does use it's CallbackInfo
[27Aug2026 01:38:57.207] [Render thread/DEBUG] [mixin/]: mixins.iris.json:MixinEntityRenderDispatcher from mod iris->@Inject::restoreShadow(Lcom/mojang/blaze3d/vertex/PoseStack;Lnet/minecraft/client/renderer/MultiBufferSource;Lnet/minecraft/world/entity/Entity;FFLnet/minecraft/world/level/LevelReader;FLorg/spongepowered/asm/mixin/injection/callback/CallbackInfo;)V doesn't use it's CallbackInfo
[27Aug2026 01:38:57.207] [Render thread/DEBUG] [mixin/]: mixins.iris.json:MixinEntityRenderDispatcher from mod iris->@Inject::renderBlockShadow(Lcom/mojang/blaze3d/vertex/PoseStack$Pose;Lcom/mojang/blaze3d/vertex/VertexConsumer;Lnet/minecraft/world/level/chunk/ChunkAccess;Lnet/minecraft/world/level/LevelReader;Lnet/minecraft/core/BlockPos;DDDFFLorg/spongepowered/asm/mixin/injection/callback/CallbackInfo;)V does use it's CallbackInfo
[27Aug2026 01:38:57.207] [Render thread/DEBUG] [mixin/]: mixins.iris.json:MixinEntityRenderDispatcher from mod iris->@Inject::iris$setFlameId(Lcom/mojang/blaze3d/vertex/PoseStack;Lnet/minecraft/client/renderer/MultiBufferSource;Lnet/minecraft/world/entity/Entity;Lorg/joml/Quaternionf;Lorg/spongepowered/asm/mixin/injection/callback/CallbackInfo;)V doesn't use it's CallbackInfo
[27Aug2026 01:38:57.207] [Render thread/DEBUG] [mixin/]: mixins.iris.json:MixinEntityRenderDispatcher from mod iris->@Inject::iris$setFlameId(Lcom/mojang/blaze3d/vertex/PoseStack;Lnet/minecraft/client/renderer/MultiBufferSource;Lnet/minecraft/world/entity/Entity;Lorg/joml/Quaternionf;Lorg/spongepowered/asm/mixin/injection/callback/CallbackInfo;)V has 0 override(s) in child classes
[27Aug2026 01:38:57.207] [Render thread/DEBUG] [mixin/]: mixins.iris.json:MixinEntityRenderDispatcher from mod iris->@Inject::iris$setFlameId(Lcom/mojang/blaze3d/vertex/PoseStack;Lnet/minecraft/client/renderer/MultiBufferSource;Lnet/minecraft/world/entity/Entity;Lorg/joml/Quaternionf;Lorg/spongepowered/asm/mixin/injection/callback/CallbackInfo;)V won't be passed a CallbackInfo as a result
[27Aug2026 01:38:57.207] [Render thread/DEBUG] [mixin/]: mixins.iris.json:MixinEntityRenderDispatcher from mod iris->@Inject::restoreFlameId(Lcom/mojang/blaze3d/vertex/PoseStack;Lnet/minecraft/client/renderer/MultiBufferSource;Lnet/minecraft/world/entity/Entity;Lorg/joml/Quaternionf;Lorg/spongepowered/asm/mixin/injection/callback/CallbackInfo;)V doesn't use it's CallbackInfo
[27Aug2026 01:38:57.207] [Render thread/DEBUG] [mixin/]: mixins.iris.json:MixinEntityRenderDispatcher from mod iris->@Inject::restoreFlameId(Lcom/mojang/blaze3d/vertex/PoseStack;Lnet/minecraft/client/renderer/MultiBufferSource;Lnet/minecraft/world/entity/Entity;Lorg/joml/Quaternionf;Lorg/spongepowered/asm/mixin/injection/callback/CallbackInfo;)V has 0 override(s) in child classes
[27Aug2026 01:38:57.207] [Render thread/DEBUG] [mixin/]: mixins.iris.json:MixinEntityRenderDispatcher from mod iris->@Inject::restoreFlameId(Lcom/mojang/blaze3d/vertex/PoseStack;Lnet/minecraft/client/renderer/MultiBufferSource;Lnet/minecraft/world/entity/Entity;Lorg/joml/Quaternionf;Lorg/spongepowered/asm/mixin/injection/callback/CallbackInfo;)V won't be passed a CallbackInfo as a result
[27Aug2026 01:38:57.207] [Render thread/DEBUG] [mixin/]: mixins.iris.json:entity_render_context.MixinEntityRenderDispatcher from mod iris->@Inject::iris$endEntityRender(Lnet/minecraft/world/entity/Entity;DDDFFLcom/mojang/blaze3d/vertex/PoseStack;Lnet/minecraft/client/renderer/MultiBufferSource;ILorg/spongepowered/asm/mixin/injection/callback/CallbackInfo;)V doesn't use it's CallbackInfo
[27Aug2026 01:38:57.207] [Render thread/DEBUG] [mixin/]: mixins.iris.json:entity_render_context.MixinEntityRenderDispatcher from mod iris->@Inject::iris$endEntityRender(Lnet/minecraft/world/entity/Entity;DDDFFLcom/mojang/blaze3d/vertex/PoseStack;Lnet/minecraft/client/renderer/MultiBufferSource;ILorg/spongepowered/asm/mixin/injection/callback/CallbackInfo;)V has 0 override(s) in child classes
[27Aug2026 01:38:57.207] [Render thread/DEBUG] [mixin/]: mixins.iris.json:entity_render_context.MixinEntityRenderDispatcher from mod iris->@Inject::iris$endEntityRender(Lnet/minecraft/world/entity/Entity;DDDFFLcom/mojang/blaze3d/vertex/PoseStack;Lnet/minecraft/client/renderer/MultiBufferSource;ILorg/spongepowered/asm/mixin/injection/callback/CallbackInfo;)V won't be passed a CallbackInfo as a result
[27Aug2026 01:38:57.207] [Render thread/DEBUG] [mixin/]: sodium-common.mixins.json:features.render.entity.shadows.EntityRenderDispatcherMixin from mod sodium->@Inject::renderShadowPartFast(Lcom/mojang/blaze3d/vertex/PoseStack$Pose;Lcom/mojang/blaze3d/vertex/VertexConsumer;Lnet/minecraft/world/level/chunk/ChunkAccess;Lnet/minecraft/world/level/LevelReader;Lnet/minecraft/core/BlockPos;DDDFFLorg/spongepowered/asm/mixin/injection/callback/CallbackInfo;)V does use it's CallbackInfo
[27Aug2026 01:38:57.215] [Render thread/DEBUG] [mixin/]: Mixing MixinRenderBuffers from iris-batched-entity-rendering.mixins.json into net.minecraft.client.renderer.RenderBuffers
[27Aug2026 01:38:57.215] [Render thread/DEBUG] [mixin/]: iris-batched-entity-rendering.mixins.json:MixinRenderBuffers from mod iris: Class version 65 required is higher than the class version supported by the current version of Mixin (JAVA_8 supports class version 52)
[27Aug2026 01:38:57.215] [Render thread/DEBUG] [mixin/]: Renaming synthetic method lambda$freeAndDeleteBuffers$1(Lnet/minecraft/client/renderer/RenderType;Lcom/mojang/blaze3d/vertex/ByteBufferBuilder;)V to mda2c3ce$iris$lambda$freeAndDeleteBuffers$1$0 in iris-batched-entity-rendering.mixins.json:MixinRenderBuffers from mod iris
[27Aug2026 01:38:57.215] [Render thread/DEBUG] [mixin/]: Renaming synthetic method lambda$freeAndDeleteBuffers$0(Lcom/mojang/blaze3d/vertex/ByteBufferBuilder;)V to mda2c3ce$iris$lambda$freeAndDeleteBuffers$0$1 in iris-batched-entity-rendering.mixins.json:MixinRenderBuffers from mod iris
[27Aug2026 01:38:57.216] [Render thread/DEBUG] [mixin/]: Renaming @Unique field outlineBufferSourceLnet/minecraft/client/renderer/OutlineBufferSource; to fda2c3ce$iris$outlineBufferSource$0 in iris-batched-entity-rendering.mixins.json:MixinRenderBuffers from mod iris
[27Aug2026 01:38:57.217] [Render thread/DEBUG] [mixin/]: Mixing core.render.world.RenderBuffersMixin from sodium-common.mixins.json into net.minecraft.client.renderer.RenderBuffers
[27Aug2026 01:38:57.219] [Render thread/DEBUG] [mixin/]: iris-batched-entity-rendering.mixins.json:MixinRenderBuffers from mod iris->@Inject::batchedentityrendering$replaceBufferSource(Lorg/spongepowered/asm/mixin/injection/callback/CallbackInfoReturnable;)V does use it's CallbackInfoReturnable
[27Aug2026 01:38:57.219] [Render thread/DEBUG] [mixin/]: iris-batched-entity-rendering.mixins.json:MixinRenderBuffers from mod iris->@Inject::batchedentityrendering$replaceCrumblingBufferSource(Lorg/spongepowered/asm/mixin/injection/callback/CallbackInfoReturnable;)V does use it's CallbackInfoReturnable
[27Aug2026 01:38:57.219] [Render thread/DEBUG] [mixin/]: iris-batched-entity-rendering.mixins.json:MixinRenderBuffers from mod iris->@Inject::batchedentityrendering$replaceOutlineBufferSource(Lorg/spongepowered/asm/mixin/injection/callback/CallbackInfoReturnable;)V does use it's CallbackInfoReturnable
[27Aug2026 01:38:57.220] [Render thread/DEBUG] [mixin/]: Mixing immediate.MixinBufferSource from mixins.iris.vertexformat.json into net.minecraft.client.renderer.MultiBufferSource$BufferSource
[27Aug2026 01:38:57.220] [Render thread/DEBUG] [mixin/]: mixins.iris.vertexformat.json:immediate.MixinBufferSource from mod iris: Class version 65 required is higher than the class version supported by the current version of Mixin (JAVA_8 supports class version 52)
[27Aug2026 01:38:57.221] [Render thread/DEBUG] [mixin/]: Mixing BufferSourceAccessor from iris-batched-entity-rendering.mixins.json into net.minecraft.client.renderer.MultiBufferSource$BufferSource
[27Aug2026 01:38:57.221] [Render thread/DEBUG] [mixin/]: iris-batched-entity-rendering.mixins.json:BufferSourceAccessor from mod iris: Class version 65 required is higher than the class version supported by the current version of Mixin (JAVA_8 supports class version 52)
[27Aug2026 01:38:57.221] [Render thread/DEBUG] [mixin/]: Mixing MixinBufferSource from iris-batched-entity-rendering.mixins.json into net.minecraft.client.renderer.MultiBufferSource$BufferSource
[27Aug2026 01:38:57.221] [Render thread/DEBUG] [mixin/]: iris-batched-entity-rendering.mixins.json:MixinBufferSource from mod iris: Class version 65 required is higher than the class version supported by the current version of Mixin (JAVA_8 supports class version 52)
[27Aug2026 01:38:57.221] [Render thread/DEBUG] [mixin/]: Mixing features.render.immediate.buffer_builder.sorting.MultiBufferSourceMixin from sodium-common.mixins.json into net.minecraft.client.renderer.MultiBufferSource$BufferSource
[27Aug2026 01:38:57.228] [Render thread/DEBUG] [mixin/]: mixins.iris.vertexformat.json:immediate.MixinBufferSource from mod iris->@Inject::iris$beforeFlushBuffer(Lnet/minecraft/client/renderer/RenderType;Lcom/mojang/blaze3d/vertex/BufferBuilder;Lorg/spongepowered/asm/mixin/injection/callback/CallbackInfo;)V doesn't use it's CallbackInfo
[27Aug2026 01:38:57.228] [Render thread/DEBUG] [mixin/]: mixins.iris.vertexformat.json:immediate.MixinBufferSource from mod iris->@Inject::iris$beforeFlushBuffer(Lnet/minecraft/client/renderer/RenderType;Lcom/mojang/blaze3d/vertex/BufferBuilder;Lorg/spongepowered/asm/mixin/injection/callback/CallbackInfo;)V has 0 override(s) in child classes
[27Aug2026 01:38:57.228] [Render thread/DEBUG] [mixin/]: mixins.iris.vertexformat.json:immediate.MixinBufferSource from mod iris->@Inject::iris$beforeFlushBuffer(Lnet/minecraft/client/renderer/RenderType;Lcom/mojang/blaze3d/vertex/BufferBuilder;Lorg/spongepowered/asm/mixin/injection/callback/CallbackInfo;)V won't be passed a CallbackInfo as a result
[27Aug2026 01:38:57.228] [Render thread/DEBUG] [mixin/]: mixins.iris.vertexformat.json:immediate.MixinBufferSource from mod iris->@Inject::iris$afterFlushBuffer(Lnet/minecraft/client/renderer/RenderType;Lcom/mojang/blaze3d/vertex/BufferBuilder;Lorg/spongepowered/asm/mixin/injection/callback/CallbackInfo;)V doesn't use it's CallbackInfo
[27Aug2026 01:38:57.228] [Render thread/DEBUG] [mixin/]: mixins.iris.vertexformat.json:immediate.MixinBufferSource from mod iris->@Inject::iris$afterFlushBuffer(Lnet/minecraft/client/renderer/RenderType;Lcom/mojang/blaze3d/vertex/BufferBuilder;Lorg/spongepowered/asm/mixin/injection/callback/CallbackInfo;)V has 0 override(s) in child classes
[27Aug2026 01:38:57.228] [Render thread/DEBUG] [mixin/]: mixins.iris.vertexformat.json:immediate.MixinBufferSource from mod iris->@Inject::iris$afterFlushBuffer(Lnet/minecraft/client/renderer/RenderType;Lcom/mojang/blaze3d/vertex/BufferBuilder;Lorg/spongepowered/asm/mixin/injection/callback/CallbackInfo;)V won't be passed a CallbackInfo as a result
[27Aug2026 01:38:57.230] [Render thread/DEBUG] [mixin/]: Mixing SectionBufferBuilderPackAccessor from iris-batched-entity-rendering.mixins.json into net.minecraft.client.renderer.SectionBufferBuilderPack
[27Aug2026 01:38:57.230] [Render thread/DEBUG] [mixin/]: iris-batched-entity-rendering.mixins.json:SectionBufferBuilderPackAccessor from mod iris: Class version 65 required is higher than the class version supported by the current version of Mixin (JAVA_8 supports class version 52)
[27Aug2026 01:38:57.235] [Render thread/DEBUG] [mixin/]: Mixing texture.AnimationMetadataSectionAccessor from mixins.iris.json into net.minecraft.client.resources.metadata.animation.AnimationMetadataSection
[27Aug2026 01:38:57.235] [Render thread/DEBUG] [mixin/]: mixins.iris.json:texture.AnimationMetadataSectionAccessor from mod iris: Class version 65 required is higher than the class version supported by the current version of Mixin (JAVA_8 supports class version 52)
[27Aug2026 01:38:57.238] [Render thread/DEBUG] [mixin/]: Mixing client.BakedModelMixin from fabric-renderer-api-v1.mixins.json into net.minecraft.client.resources.model.BakedModel
[27Aug2026 01:38:57.238] [Render thread/DEBUG] [mixin/]: Mixing features.render.frapi.BakedModelMixin from sodium-common.mixins.json into net.minecraft.client.resources.model.BakedModel
[27Aug2026 01:38:57.254] [Render thread/DEBUG] [mixin/]: Mixing OutlineBufferSourceAccessor from iris-batched-entity-rendering.mixins.json into net.minecraft.client.renderer.OutlineBufferSource
[27Aug2026 01:38:57.256] [Render thread/DEBUG] [mixin/]: iris-batched-entity-rendering.mixins.json:OutlineBufferSourceAccessor from mod iris: Class version 65 required is higher than the class version supported by the current version of Mixin (JAVA_8 supports class version 52)
[27Aug2026 01:38:57.260] [Render thread/DEBUG] [mixin/]: Mixing features.render.frapi.ModelBlockRendererMixin from sodium-common.mixins.json into net.minecraft.client.renderer.block.ModelBlockRenderer
[27Aug2026 01:38:57.260] [Render thread/DEBUG] [mixin/]: Renaming synthetic method lambda$new$0()Lnet/caffeinemc/mods/sodium/client/render/frapi/render/NonTerrainBlockRenderContext; to mda2c3ce$sodium$lambda$new$0$0 in sodium-common.mixins.json:features.render.frapi.ModelBlockRendererMixin from mod sodium
[27Aug2026 01:38:57.261] [Render thread/DEBUG] [mixin/]: Mixing features.textures.animations.tracking.ModelBlockRendererMixin from sodium-common.mixins.json into net.minecraft.client.renderer.block.ModelBlockRenderer
[27Aug2026 01:38:57.261] [Render thread/DEBUG] [mixin/]: Mixing features.render.model.block.ModelBlockRendererMixin from sodium-neoforge.mixins.json into net.minecraft.client.renderer.block.ModelBlockRenderer
[27Aug2026 01:38:57.264] [Render thread/DEBUG] [mixin/]: sodium-common.mixins.json:features.render.frapi.ModelBlockRendererMixin from mod sodium->@Inject::onRender(Lnet/minecraft/world/level/BlockAndTintGetter;Lnet/minecraft/client/resources/model/BakedModel;Lnet/minecraft/world/level/block/state/BlockState;Lnet/minecraft/core/BlockPos;Lcom/mojang/blaze3d/vertex/PoseStack;Lcom/mojang/blaze3d/vertex/VertexConsumer;ZLnet/minecraft/util/RandomSource;JILorg/spongepowered/asm/mixin/injection/callback/CallbackInfo;)V does use it's CallbackInfo
[27Aug2026 01:38:57.264] [Render thread/DEBUG] [mixin/]: sodium-common.mixins.json:features.textures.animations.tracking.ModelBlockRendererMixin from mod sodium->@Inject::preRenderQuad(Lnet/minecraft/world/level/BlockAndTintGetter;Lnet/minecraft/world/level/block/state/BlockState;Lnet/minecraft/core/BlockPos;Lcom/mojang/blaze3d/vertex/VertexConsumer;Lcom/mojang/blaze3d/vertex/PoseStack$Pose;Lnet/minecraft/client/renderer/block/model/BakedQuad;FFFFIIIIILorg/spongepowered/asm/mixin/injection/callback/CallbackInfo;)V doesn't use it's CallbackInfo
[27Aug2026 01:38:57.264] [Render thread/DEBUG] [mixin/]: sodium-common.mixins.json:features.textures.animations.tracking.ModelBlockRendererMixin from mod sodium->@Inject::preRenderQuad(Lnet/minecraft/world/level/BlockAndTintGetter;Lnet/minecraft/world/level/block/state/BlockState;Lnet/minecraft/core/BlockPos;Lcom/mojang/blaze3d/vertex/VertexConsumer;Lcom/mojang/blaze3d/vertex/PoseStack$Pose;Lnet/minecraft/client/renderer/block/model/BakedQuad;FFFFIIIIILorg/spongepowered/asm/mixin/injection/callback/CallbackInfo;)V has 0 override(s) in child classes
[27Aug2026 01:38:57.264] [Render thread/DEBUG] [mixin/]: sodium-common.mixins.json:features.textures.animations.tracking.ModelBlockRendererMixin from mod sodium->@Inject::preRenderQuad(Lnet/minecraft/world/level/BlockAndTintGetter;Lnet/minecraft/world/level/block/state/BlockState;Lnet/minecraft/core/BlockPos;Lcom/mojang/blaze3d/vertex/VertexConsumer;Lcom/mojang/blaze3d/vertex/PoseStack$Pose;Lnet/minecraft/client/renderer/block/model/BakedQuad;FFFFIIIIILorg/spongepowered/asm/mixin/injection/callback/CallbackInfo;)V won't be passed a CallbackInfo as a result
[27Aug2026 01:38:57.264] [Render thread/DEBUG] [mixin/]: sodium-neoforge.mixins.json:features.render.model.block.ModelBlockRendererMixin from mod sodium->@Inject::renderFast(Lcom/mojang/blaze3d/vertex/PoseStack$Pose;Lcom/mojang/blaze3d/vertex/VertexConsumer;Lnet/minecraft/world/level/block/state/BlockState;Lnet/minecraft/client/resources/model/BakedModel;FFFIILnet/neoforged/neoforge/client/model/data/ModelData;Lnet/minecraft/client/renderer/RenderType;Lorg/spongepowered/asm/mixin/injection/callback/CallbackInfo;)V does use it's CallbackInfo
[27Aug2026 01:38:57.270] [Render thread/DEBUG] [mixin/]: Mixing MixinAbstractBlockRenderContext from mixins.iris.compat.sodium.json into net.caffeinemc.mods.sodium.client.render.frapi.render.AbstractBlockRenderContext
[27Aug2026 01:38:57.270] [Render thread/DEBUG] [mixin/]: mixins.iris.compat.sodium.json:MixinAbstractBlockRenderContext from mod iris: Class version 65 required is higher than the class version supported by the current version of Mixin (JAVA_8 supports class version 52)
[27Aug2026 01:38:57.271] [Render thread/DEBUG] [mixin/]: Mixing platform.neoforge.AbstractBlockRenderContextMixin from sodium-neoforge.mixins.json into net.caffeinemc.mods.sodium.client.render.frapi.render.AbstractBlockRenderContext
[27Aug2026 01:38:57.272] [Render thread/DEBUG] [mixin/]: mixins.iris.compat.sodium.json:MixinAbstractBlockRenderContext from mod iris->@Inject::checkDirectionNeo(Lnet/minecraft/client/resources/model/BakedModel;Lnet/minecraft/world/level/block/state/BlockState;Lorg/spongepowered/asm/mixin/injection/callback/CallbackInfo;)V doesn't use it's CallbackInfo
[27Aug2026 01:38:57.272] [Render thread/DEBUG] [mixin/]: mixins.iris.compat.sodium.json:MixinAbstractBlockRenderContext from mod iris->@Inject::checkDirectionNeo(Lnet/minecraft/client/resources/model/BakedModel;Lnet/minecraft/world/level/block/state/BlockState;Lorg/spongepowered/asm/mixin/injection/callback/CallbackInfo;)V has 0 override(s) in child classes
[27Aug2026 01:38:57.272] [Render thread/DEBUG] [mixin/]: mixins.iris.compat.sodium.json:MixinAbstractBlockRenderContext from mod iris->@Inject::checkDirectionNeo(Lnet/minecraft/client/resources/model/BakedModel;Lnet/minecraft/world/level/block/state/BlockState;Lorg/spongepowered/asm/mixin/injection/callback/CallbackInfo;)V won't be passed a CallbackInfo as a result
[27Aug2026 01:38:57.272] [Render thread/DEBUG] [mixin/]: mixins.iris.compat.sodium.json:MixinAbstractBlockRenderContext from mod iris->@Inject::checkDirectionNeo(Lnet/minecraft/client/resources/model/BakedModel;Lnet/minecraft/world/level/block/state/BlockState;Lorg/spongepowered/asm/mixin/injection/callback/CallbackInfo;)V doesn't use it's CallbackInfo
[27Aug2026 01:38:57.272] [Render thread/DEBUG] [mixin/]: mixins.iris.compat.sodium.json:MixinAbstractBlockRenderContext from mod iris->@Inject::checkDirectionNeo(Lnet/minecraft/client/resources/model/BakedModel;Lnet/minecraft/world/level/block/state/BlockState;Lorg/spongepowered/asm/mixin/injection/callback/CallbackInfo;)V has 0 override(s) in child classes
[27Aug2026 01:38:57.272] [Render thread/DEBUG] [mixin/]: mixins.iris.compat.sodium.json:MixinAbstractBlockRenderContext from mod iris->@Inject::checkDirectionNeo(Lnet/minecraft/client/resources/model/BakedModel;Lnet/minecraft/world/level/block/state/BlockState;Lorg/spongepowered/asm/mixin/injection/callback/CallbackInfo;)V won't be passed a CallbackInfo as a result
[27Aug2026 01:38:57.272] [Render thread/DEBUG] [mixin/]: mixins.iris.compat.sodium.json:MixinAbstractBlockRenderContext from mod iris->@Inject::checkDirectionNeo(Lnet/minecraft/client/resources/model/BakedModel;Lnet/minecraft/world/level/block/state/BlockState;Lorg/spongepowered/asm/mixin/injection/callback/CallbackInfo;)V doesn't use it's CallbackInfo
[27Aug2026 01:38:57.272] [Render thread/DEBUG] [mixin/]: mixins.iris.compat.sodium.json:MixinAbstractBlockRenderContext from mod iris->@Inject::checkDirectionNeo(Lnet/minecraft/client/resources/model/BakedModel;Lnet/minecraft/world/level/block/state/BlockState;Lorg/spongepowered/asm/mixin/injection/callback/CallbackInfo;)V has 0 override(s) in child classes
[27Aug2026 01:38:57.272] [Render thread/DEBUG] [mixin/]: mixins.iris.compat.sodium.json:MixinAbstractBlockRenderContext from mod iris->@Inject::checkDirectionNeo(Lnet/minecraft/client/resources/model/BakedModel;Lnet/minecraft/world/level/block/state/BlockState;Lorg/spongepowered/asm/mixin/injection/callback/CallbackInfo;)V won't be passed a CallbackInfo as a result
[27Aug2026 01:38:57.274] [Render thread/DEBUG] [mixin/]: Mixing core.model.TextureAtlasSpriteMixin from sodium-common.mixins.json into net.minecraft.client.renderer.texture.TextureAtlasSprite
[27Aug2026 01:38:57.274] [Render thread/DEBUG] [mixin/]: Mixing features.textures.animations.tracking.TextureAtlasSpriteMixin from sodium-common.mixins.json into net.minecraft.client.renderer.texture.TextureAtlasSprite
[27Aug2026 01:38:57.274] [Render thread/DEBUG] [mixin/]: Mixing features.textures.scan.TextureAtlasSpriteMixin from sodium-common.mixins.json into net.minecraft.client.renderer.texture.TextureAtlasSprite
[27Aug2026 01:38:57.277] [Render thread/DEBUG] [mixin/]: sodium-common.mixins.json:features.textures.animations.tracking.TextureAtlasSpriteMixin from mod sodium->@Inject::markSpriteAsActive(Lorg/spongepowered/asm/mixin/injection/callback/CallbackInfoReturnable;)V doesn't use it's CallbackInfoReturnable
[27Aug2026 01:38:57.277] [Render thread/DEBUG] [mixin/]: sodium-common.mixins.json:features.textures.animations.tracking.TextureAtlasSpriteMixin from mod sodium->@Inject::markSpriteAsActive(Lorg/spongepowered/asm/mixin/injection/callback/CallbackInfoReturnable;)V has 0 override(s) in child classes
[27Aug2026 01:38:57.277] [Render thread/DEBUG] [mixin/]: sodium-common.mixins.json:features.textures.animations.tracking.TextureAtlasSpriteMixin from mod sodium->@Inject::markSpriteAsActive(Lorg/spongepowered/asm/mixin/injection/callback/CallbackInfoReturnable;)V won't be passed a CallbackInfoReturnable as a result
[27Aug2026 01:38:57.279] [Render thread/DEBUG] [mixin/]: Mixing MixinItemInHandRenderer from mixins.iris.json into net.minecraft.client.renderer.ItemInHandRenderer
[27Aug2026 01:38:57.279] [Render thread/DEBUG] [mixin/]: mixins.iris.json:MixinItemInHandRenderer from mod iris: Class version 65 required is higher than the class version supported by the current version of Mixin (JAVA_8 supports class version 52)
[27Aug2026 01:38:57.280] [Render thread/DEBUG] [mixin/]: mixins.iris.json:MixinItemInHandRenderer from mod iris->@Inject::iris$skipTranslucentHands(Lnet/minecraft/client/player/AbstractClientPlayer;FFLnet/minecraft/world/InteractionHand;FLnet/minecraft/world/item/ItemStack;FLcom/mojang/blaze3d/vertex/PoseStack;Lnet/minecraft/client/renderer/MultiBufferSource;ILorg/spongepowered/asm/mixin/injection/callback/CallbackInfo;)V does use it's CallbackInfo
[27Aug2026 01:38:57.283] [Render thread/DEBUG] [mixin/]: Mixing MixinParticleEngine from mixins.iris.json into net.minecraft.client.particle.ParticleEngine
[27Aug2026 01:38:57.283] [Render thread/DEBUG] [mixin/]: mixins.iris.json:MixinParticleEngine from mod iris: Class version 65 required is higher than the class version supported by the current version of Mixin (JAVA_8 supports class version 52)
[27Aug2026 01:38:57.283] [Render thread/DEBUG] [mixin/]: Renaming synthetic method lambda$iris$finishDrawingParticles$1(Lnet/irisshaders/iris/pipeline/WorldRenderingPipeline;)V to mda2c3ce$iris$lambda$iris$finishDrawingParticles$1$0 in mixins.iris.json:MixinParticleEngine from mod iris
[27Aug2026 01:38:57.283] [Render thread/DEBUG] [mixin/]: Renaming synthetic method lambda$iris$beginDrawingParticles$0(Lnet/irisshaders/iris/pipeline/WorldRenderingPipeline;)V to mda2c3ce$iris$lambda$iris$beginDrawingParticles$0$1 in mixins.iris.json:MixinParticleEngine from mod iris
[27Aug2026 01:38:57.283] [Render thread/DEBUG] [mixin/]: mixins.iris.json:MixinParticleEngine from mod iris->@Inject::iris$beginDrawingParticles(Lnet/minecraft/client/renderer/LightTexture;Lnet/minecraft/client/Camera;FLorg/spongepowered/asm/mixin/injection/callback/CallbackInfo;)V doesn't use it's CallbackInfo
[27Aug2026 01:38:57.283] [Render thread/DEBUG] [mixin/]: mixins.iris.json:MixinParticleEngine from mod iris->@Inject::iris$beginDrawingParticles(Lnet/minecraft/client/renderer/LightTexture;Lnet/minecraft/client/Camera;FLorg/spongepowered/asm/mixin/injection/callback/CallbackInfo;)V has 0 override(s) in child classes
[27Aug2026 01:38:57.283] [Render thread/DEBUG] [mixin/]: mixins.iris.json:MixinParticleEngine from mod iris->@Inject::iris$beginDrawingParticles(Lnet/minecraft/client/renderer/LightTexture;Lnet/minecraft/client/Camera;FLorg/spongepowered/asm/mixin/injection/callback/CallbackInfo;)V won't be passed a CallbackInfo as a result
[27Aug2026 01:38:57.283] [Render thread/DEBUG] [mixin/]: mixins.iris.json:MixinParticleEngine from mod iris->@Inject::iris$finishDrawingParticles(Lnet/minecraft/client/renderer/LightTexture;Lnet/minecraft/client/Camera;FLorg/spongepowered/asm/mixin/injection/callback/CallbackInfo;)V doesn't use it's CallbackInfo
[27Aug2026 01:38:57.283] [Render thread/DEBUG] [mixin/]: mixins.iris.json:MixinParticleEngine from mod iris->@Inject::iris$finishDrawingParticles(Lnet/minecraft/client/renderer/LightTexture;Lnet/minecraft/client/Camera;FLorg/spongepowered/asm/mixin/injection/callback/CallbackInfo;)V has 0 override(s) in child classes
[27Aug2026 01:38:57.283] [Render thread/DEBUG] [mixin/]: mixins.iris.json:MixinParticleEngine from mod iris->@Inject::iris$finishDrawingParticles(Lnet/minecraft/client/renderer/LightTexture;Lnet/minecraft/client/Camera;FLorg/spongepowered/asm/mixin/injection/callback/CallbackInfo;)V won't be passed a CallbackInfo as a result
[27Aug2026 01:38:57.286] [Render thread/DEBUG] [mixin/]: Mixing MixinTerrainParticle from mixins.iris.fantastic.json into net.minecraft.client.particle.TerrainParticle
[27Aug2026 01:38:57.286] [Render thread/DEBUG] [mixin/]: mixins.iris.fantastic.json:MixinTerrainParticle from mod iris: Class version 65 required is higher than the class version supported by the current version of Mixin (JAVA_8 supports class version 52)
[27Aug2026 01:38:57.287] [Render thread/DEBUG] [mixin/]: mixins.iris.fantastic.json:MixinTerrainParticle from mod iris->@Inject::iris$resolveTranslucency(Lnet/minecraft/client/multiplayer/ClientLevel;DDDDDDLnet/minecraft/world/level/block/state/BlockState;Lnet/minecraft/core/BlockPos;Lorg/spongepowered/asm/mixin/injection/callback/CallbackInfo;)V doesn't use it's CallbackInfo
[27Aug2026 01:38:57.287] [Render thread/DEBUG] [mixin/]: mixins.iris.fantastic.json:MixinTerrainParticle from mod iris->@Inject::iris$resolveTranslucency(Lnet/minecraft/client/multiplayer/ClientLevel;DDDDDDLnet/minecraft/world/level/block/state/BlockState;Lnet/minecraft/core/BlockPos;Lorg/spongepowered/asm/mixin/injection/callback/CallbackInfo;)V has 0 override(s) in child classes
[27Aug2026 01:38:57.287] [Render thread/DEBUG] [mixin/]: mixins.iris.fantastic.json:MixinTerrainParticle from mod iris->@Inject::iris$resolveTranslucency(Lnet/minecraft/client/multiplayer/ClientLevel;DDDDDDLnet/minecraft/world/level/block/state/BlockState;Lnet/minecraft/core/BlockPos;Lorg/spongepowered/asm/mixin/injection/callback/CallbackInfo;)V won't be passed a CallbackInfo as a result
[27Aug2026 01:38:57.287] [Render thread/DEBUG] [mixin/]: mixins.iris.fantastic.json:MixinTerrainParticle from mod iris->@Inject::iris$overrideParticleSheet(Lorg/spongepowered/asm/mixin/injection/callback/CallbackInfoReturnable;)V does use it's CallbackInfoReturnable
[27Aug2026 01:38:57.287] [Render thread/DEBUG] [mixin/]: Mixing features.textures.animations.tracking.TextureSheetParticleMixin from sodium-common.mixins.json into net.minecraft.client.particle.TextureSheetParticle
[27Aug2026 01:38:57.287] [Render thread/DEBUG] [mixin/]: sodium-common.mixins.json:features.textures.animations.tracking.TextureSheetParticleMixin from mod sodium->@Inject::afterSetSprite(Lnet/minecraft/client/renderer/texture/TextureAtlasSprite;Lorg/spongepowered/asm/mixin/injection/callback/CallbackInfo;)V doesn't use it's CallbackInfo
[27Aug2026 01:38:57.287] [Render thread/DEBUG] [mixin/]: sodium-common.mixins.json:features.textures.animations.tracking.TextureSheetParticleMixin from mod sodium->@Inject::afterSetSprite(Lnet/minecraft/client/renderer/texture/TextureAtlasSprite;Lorg/spongepowered/asm/mixin/injection/callback/CallbackInfo;)V has 0 override(s) in child classes
[27Aug2026 01:38:57.287] [Render thread/DEBUG] [mixin/]: sodium-common.mixins.json:features.textures.animations.tracking.TextureSheetParticleMixin from mod sodium->@Inject::afterSetSprite(Lnet/minecraft/client/renderer/texture/TextureAtlasSprite;Lorg/spongepowered/asm/mixin/injection/callback/CallbackInfo;)V won't be passed a CallbackInfo as a result
[27Aug2026 01:38:57.288] [Render thread/DEBUG] [mixin/]: Mixing features.render.particle.SingleQuadParticleMixin from sodium-common.mixins.json into net.minecraft.client.particle.SingleQuadParticle
[27Aug2026 01:38:57.292] [Render thread/DEBUG] [mixin/]: sodium-common.mixins.json:features.render.particle.SingleQuadParticleMixin from mod sodium->@Inject::render(Lcom/mojang/blaze3d/vertex/VertexConsumer;Lnet/minecraft/client/Camera;FLorg/spongepowered/asm/mixin/injection/callback/CallbackInfo;)V does use it's CallbackInfo
[27Aug2026 01:38:57.292] [Render thread/DEBUG] [mixin/]: sodium-common.mixins.json:features.render.particle.SingleQuadParticleMixin from mod sodium->@Inject::renderRotatedQuad(Lcom/mojang/blaze3d/vertex/VertexConsumer;Lnet/minecraft/client/Camera;Lorg/joml/Quaternionf;FLorg/spongepowered/asm/mixin/injection/callback/CallbackInfo;)V does use it's CallbackInfo
[27Aug2026 01:38:57.298] [Render thread/DEBUG] [mixin/]: Mixing MixinStationaryItemParticle from mixins.iris.fantastic.json into net.minecraft.client.particle.BlockMarker
[27Aug2026 01:38:57.298] [Render thread/DEBUG] [mixin/]: mixins.iris.fantastic.json:MixinStationaryItemParticle from mod iris: Class version 65 required is higher than the class version supported by the current version of Mixin (JAVA_8 supports class version 52)
[27Aug2026 01:38:57.299] [Render thread/DEBUG] [mixin/]: mixins.iris.fantastic.json:MixinStationaryItemParticle from mod iris->@Inject::iris$resolveTranslucency(Lnet/minecraft/client/multiplayer/ClientLevel;DDDLnet/minecraft/world/level/block/state/BlockState;Lorg/spongepowered/asm/mixin/injection/callback/CallbackInfo;)V doesn't use it's CallbackInfo
[27Aug2026 01:38:57.299] [Render thread/DEBUG] [mixin/]: mixins.iris.fantastic.json:MixinStationaryItemParticle from mod iris->@Inject::iris$resolveTranslucency(Lnet/minecraft/client/multiplayer/ClientLevel;DDDLnet/minecraft/world/level/block/state/BlockState;Lorg/spongepowered/asm/mixin/injection/callback/CallbackInfo;)V has 0 override(s) in child classes
[27Aug2026 01:38:57.299] [Render thread/DEBUG] [mixin/]: mixins.iris.fantastic.json:MixinStationaryItemParticle from mod iris->@Inject::iris$resolveTranslucency(Lnet/minecraft/client/multiplayer/ClientLevel;DDDLnet/minecraft/world/level/block/state/BlockState;Lorg/spongepowered/asm/mixin/injection/callback/CallbackInfo;)V won't be passed a CallbackInfo as a result
[27Aug2026 01:38:57.299] [Render thread/DEBUG] [mixin/]: mixins.iris.fantastic.json:MixinStationaryItemParticle from mod iris->@Inject::iris$overrideParticleRenderType(Lorg/spongepowered/asm/mixin/injection/callback/CallbackInfoReturnable;)V does use it's CallbackInfoReturnable
[27Aug2026 01:38:57.312] [Render thread/DEBUG] [mixin/]: Mixing MixinFireworkSparkParticle from mixins.iris.fantastic.json into net.minecraft.client.particle.FireworkParticles$SparkParticle
[27Aug2026 01:38:57.312] [Render thread/DEBUG] [mixin/]: mixins.iris.fantastic.json:MixinFireworkSparkParticle from mod iris: Class version 65 required is higher than the class version supported by the current version of Mixin (JAVA_8 supports class version 52)
[27Aug2026 01:38:57.336] [Render thread/DEBUG] [mixin/]: Mixing LightTextureAccessor from mixins.iris.json into net.minecraft.client.renderer.LightTexture
[27Aug2026 01:38:57.336] [Render thread/DEBUG] [mixin/]: mixins.iris.json:LightTextureAccessor from mod iris: Class version 65 required is higher than the class version supported by the current version of Mixin (JAVA_8 supports class version 52)
[27Aug2026 01:38:57.336] [Render thread/DEBUG] [mixin/]: Mixing MixinLightTexture from mixins.iris.json into net.minecraft.client.renderer.LightTexture
[27Aug2026 01:38:57.336] [Render thread/DEBUG] [mixin/]: mixins.iris.json:MixinLightTexture from mod iris: Class version 65 required is higher than the class version supported by the current version of Mixin (JAVA_8 supports class version 52)
[27Aug2026 01:38:57.337] [Render thread/DEBUG] [mixin/]: mixins.iris.json:MixinLightTexture from mod iris->@Inject::resetDarknessValue(FLorg/spongepowered/asm/mixin/injection/callback/CallbackInfo;)V doesn't use it's CallbackInfo
[27Aug2026 01:38:57.337] [Render thread/DEBUG] [mixin/]: mixins.iris.json:MixinLightTexture from mod iris->@Inject::resetDarknessValue(FLorg/spongepowered/asm/mixin/injection/callback/CallbackInfo;)V has 0 override(s) in child classes
[27Aug2026 01:38:57.337] [Render thread/DEBUG] [mixin/]: mixins.iris.json:MixinLightTexture from mod iris->@Inject::resetDarknessValue(FLorg/spongepowered/asm/mixin/injection/callback/CallbackInfo;)V won't be passed a CallbackInfo as a result
[27Aug2026 01:38:57.337] [Render thread/DEBUG] [mixin/]: mixins.iris.json:MixinLightTexture from mod iris->@Inject::storeDarknessValue(Lnet/minecraft/world/entity/LivingEntity;FFLorg/spongepowered/asm/mixin/injection/callback/CallbackInfoReturnable;)V does use it's CallbackInfoReturnable
[27Aug2026 01:38:57.338] [Render thread/INFO] [Iris/]: Hardware information:
[27Aug2026 01:38:57.339] [Render thread/INFO] [Iris/]: CPU: 16x AMD Ryzen 7 5800X 8-Core Processor 
[27Aug2026 01:38:57.339] [Render thread/INFO] [Iris/]: GPU: NVIDIA GeForce RTX 3060/PCIe/SSE2 (Supports OpenGL 4.6.0 NVIDIA 610.88)
[27Aug2026 01:38:57.339] [Render thread/INFO] [Iris/]: OS: Windows 11 (10.0)
[27Aug2026 01:38:57.344] [Render thread/DEBUG] [mixin/]: Mixing MixinVertexBuffer from mixins.iris.json into com.mojang.blaze3d.vertex.VertexBuffer
[27Aug2026 01:38:57.344] [Render thread/DEBUG] [mixin/]: mixins.iris.json:MixinVertexBuffer from mod iris: Class version 65 required is higher than the class version supported by the current version of Mixin (JAVA_8 supports class version 52)
[27Aug2026 01:38:57.345] [Render thread/DEBUG] [mixin/]: mixins.iris.json:MixinVertexBuffer from mod iris->@Inject::unbindHelper(Lorg/spongepowered/asm/mixin/injection/callback/CallbackInfo;)V doesn't use it's CallbackInfo
[27Aug2026 01:38:57.345] [Render thread/DEBUG] [mixin/]: mixins.iris.json:MixinVertexBuffer from mod iris->@Inject::bindHelper(Lorg/spongepowered/asm/mixin/injection/callback/CallbackInfo;)V doesn't use it's CallbackInfo
[27Aug2026 01:38:57.345] [Render thread/DEBUG] [mixin/]: mixins.iris.json:MixinVertexBuffer from mod iris->@Inject::bindHelper(Lorg/spongepowered/asm/mixin/injection/callback/CallbackInfo;)V has 0 override(s) in child classes
[27Aug2026 01:38:57.345] [Render thread/DEBUG] [mixin/]: mixins.iris.json:MixinVertexBuffer from mod iris->@Inject::bindHelper(Lorg/spongepowered/asm/mixin/injection/callback/CallbackInfo;)V won't be passed a CallbackInfo as a result
[27Aug2026 01:38:57.348] [Render thread/DEBUG] [mixin/]: Mixing block_rendering.MixinBufferBuilder_SeparateAo from mixins.iris.vertexformat.json into com.mojang.blaze3d.vertex.BufferBuilder
[27Aug2026 01:38:57.348] [Render thread/DEBUG] [mixin/]: mixins.iris.vertexformat.json:block_rendering.MixinBufferBuilder_SeparateAo from mod iris: Class version 65 required is higher than the class version supported by the current version of Mixin (JAVA_8 supports class version 52)
[27Aug2026 01:38:57.349] [Render thread/DEBUG] [mixin/]: Mixing MixinBufferBuilder from mixins.iris.vertexformat.json into com.mojang.blaze3d.vertex.BufferBuilder
[27Aug2026 01:38:57.349] [Render thread/DEBUG] [mixin/]: mixins.iris.vertexformat.json:MixinBufferBuilder from mod iris: Class version 65 required is higher than the class version supported by the current version of Mixin (JAVA_8 supports class version 52)
[27Aug2026 01:38:57.352] [Render thread/DEBUG] [mixin/]: Mixing core.render.immediate.consumer.BufferBuilderMixin from sodium-common.mixins.json into com.mojang.blaze3d.vertex.BufferBuilder
[27Aug2026 01:38:57.353] [Render thread/DEBUG] [mixin/]: Mixing features.render.immediate.buffer_builder.intrinsics.BufferBuilderAccessor from sodium-common.mixins.json into com.mojang.blaze3d.vertex.BufferBuilder
[27Aug2026 01:38:57.353] [Render thread/DEBUG] [mixin/]: Mixing MixinBufferBuilder_SegmentRendering from iris-batched-entity-rendering.mixins.json into com.mojang.blaze3d.vertex.BufferBuilder
[27Aug2026 01:38:57.353] [Render thread/DEBUG] [mixin/]: iris-batched-entity-rendering.mixins.json:MixinBufferBuilder_SegmentRendering from mod iris: Class version 65 required is higher than the class version supported by the current version of Mixin (JAVA_8 supports class version 52)
[27Aug2026 01:38:57.358] [Render thread/DEBUG] [mixin/]: mixins.iris.vertexformat.json:MixinBufferBuilder from mod iris->@Inject::injectMidBlock(FFFLorg/spongepowered/asm/mixin/injection/callback/CallbackInfoReturnable;)V doesn't use it's CallbackInfoReturnable
[27Aug2026 01:38:57.358] [Render thread/DEBUG] [mixin/]: mixins.iris.vertexformat.json:MixinBufferBuilder from mod iris->@Inject::injectMidBlock(FFFLorg/spongepowered/asm/mixin/injection/callback/CallbackInfoReturnable;)V has 0 override(s) in child classes
[27Aug2026 01:38:57.358] [Render thread/DEBUG] [mixin/]: mixins.iris.vertexformat.json:MixinBufferBuilder from mod iris->@Inject::injectMidBlock(FFFLorg/spongepowered/asm/mixin/injection/callback/CallbackInfoReturnable;)V won't be passed a CallbackInfoReturnable as a result
[27Aug2026 01:38:57.358] [Render thread/DEBUG] [mixin/]: mixins.iris.vertexformat.json:MixinBufferBuilder from mod iris->@Inject::iris$skipSodiumChange(Lorg/spongepowered/asm/mixin/injection/callback/CallbackInfo;)V doesn't use it's CallbackInfo
[27Aug2026 01:38:57.358] [Render thread/DEBUG] [mixin/]: mixins.iris.vertexformat.json:MixinBufferBuilder from mod iris->@Inject::iris$skipSodiumChange(Lorg/spongepowered/asm/mixin/injection/callback/CallbackInfo;)V has 0 override(s) in child classes
[27Aug2026 01:38:57.358] [Render thread/DEBUG] [mixin/]: mixins.iris.vertexformat.json:MixinBufferBuilder from mod iris->@Inject::iris$skipSodiumChange(Lorg/spongepowered/asm/mixin/injection/callback/CallbackInfo;)V won't be passed a CallbackInfo as a result
[27Aug2026 01:38:57.358] [Render thread/DEBUG] [mixin/]: mixins.iris.vertexformat.json:MixinBufferBuilder from mod iris->@Inject::iris$beforeNext(Lorg/spongepowered/asm/mixin/injection/callback/CallbackInfo;)V doesn't use it's CallbackInfo
[27Aug2026 01:38:57.358] [Render thread/DEBUG] [mixin/]: mixins.iris.vertexformat.json:MixinBufferBuilder from mod iris->@Inject::iris$beforeNext(Lorg/spongepowered/asm/mixin/injection/callback/CallbackInfo;)V has 0 override(s) in child classes
[27Aug2026 01:38:57.358] [Render thread/DEBUG] [mixin/]: mixins.iris.vertexformat.json:MixinBufferBuilder from mod iris->@Inject::iris$beforeNext(Lorg/spongepowered/asm/mixin/injection/callback/CallbackInfo;)V won't be passed a CallbackInfo as a result
[27Aug2026 01:38:57.358] [Render thread/DEBUG] [mixin/]: iris-batched-entity-rendering.mixins.json:MixinBufferBuilder_SegmentRendering from mod iris->@Inject::batchedentityrendering$onNext(Lorg/spongepowered/asm/mixin/injection/callback/CallbackInfo;)V doesn't use it's CallbackInfo
[27Aug2026 01:38:57.358] [Render thread/DEBUG] [mixin/]: iris-batched-entity-rendering.mixins.json:MixinBufferBuilder_SegmentRendering from mod iris->@Inject::batchedentityrendering$onNext(Lorg/spongepowered/asm/mixin/injection/callback/CallbackInfo;)V has 0 override(s) in child classes
[27Aug2026 01:38:57.358] [Render thread/DEBUG] [mixin/]: iris-batched-entity-rendering.mixins.json:MixinBufferBuilder_SegmentRendering from mod iris->@Inject::batchedentityrendering$onNext(Lorg/spongepowered/asm/mixin/injection/callback/CallbackInfo;)V won't be passed a CallbackInfo as a result
[27Aug2026 01:38:57.358] [Render thread/DEBUG] [mixin/]: iris-batched-entity-rendering.mixins.json:MixinBufferBuilder_SegmentRendering from mod iris->@Inject::batchedentityrendering$onNext(Lorg/spongepowered/asm/mixin/injection/callback/CallbackInfo;)V doesn't use it's CallbackInfo
[27Aug2026 01:38:57.358] [Render thread/DEBUG] [mixin/]: iris-batched-entity-rendering.mixins.json:MixinBufferBuilder_SegmentRendering from mod iris->@Inject::batchedentityrendering$onNext(Lorg/spongepowered/asm/mixin/injection/callback/CallbackInfo;)V has 0 override(s) in child classes
[27Aug2026 01:38:57.358] [Render thread/DEBUG] [mixin/]: iris-batched-entity-rendering.mixins.json:MixinBufferBuilder_SegmentRendering from mod iris->@Inject::batchedentityrendering$onNext(Lorg/spongepowered/asm/mixin/injection/callback/CallbackInfo;)V won't be passed a CallbackInfo as a result
[27Aug2026 01:38:57.368] [Render thread/DEBUG] [mixin/]: Mixing features.render.immediate.buffer_builder.sorting.MeshDataAccessor from sodium-common.mixins.json into com.mojang.blaze3d.vertex.MeshData
[27Aug2026 01:38:57.371] [Render thread/DEBUG] [mixin/]: Mixing MixinSodiumWorldRenderer from mixins.iris.compat.sodium.json into net.caffeinemc.mods.sodium.client.render.SodiumWorldRenderer
[27Aug2026 01:38:57.371] [Render thread/DEBUG] [mixin/]: mixins.iris.compat.sodium.json:MixinSodiumWorldRenderer from mod iris: Class version 65 required is higher than the class version supported by the current version of Mixin (JAVA_8 supports class version 52)
[27Aug2026 01:38:57.372] [Render thread/DEBUG] [mixin/]: mixins.iris.compat.sodium.json:MixinSodiumWorldRenderer from mod iris->@Inject::iris$skipEntityCheck(Lnet/minecraft/world/entity/Entity;Lorg/spongepowered/asm/mixin/injection/callback/CallbackInfoReturnable;)V does use it's CallbackInfoReturnable
[27Aug2026 01:38:57.380] [Render thread/DEBUG] [mixin/]: Mixing gui.MixinGui from mixins.iris.json into net.minecraft.client.gui.Gui
[27Aug2026 01:38:57.380] [Render thread/DEBUG] [mixin/]: mixins.iris.json:gui.MixinGui from mod iris: Class version 65 required is higher than the class version supported by the current version of Mixin (JAVA_8 supports class version 52)
[27Aug2026 01:38:57.380] [Render thread/DEBUG] [mixin/]: Mixing GuiAccessor from gnetum.mixins.json into net.minecraft.client.gui.Gui
[27Aug2026 01:38:57.380] [Render thread/DEBUG] [mixin/]: gnetum.mixins.json:GuiAccessor from mod gnetum: Class version 65 required is higher than the class version supported by the current version of Mixin (JAVA_17 supports class version 61)
[27Aug2026 01:38:57.380] [Render thread/DEBUG] [mixin/]: Mixing GuiMixin from gnetum.mixins.json into net.minecraft.client.gui.Gui
[27Aug2026 01:38:57.380] [Render thread/DEBUG] [mixin/]: gnetum.mixins.json:GuiMixin from mod gnetum: Class version 65 required is higher than the class version supported by the current version of Mixin (JAVA_17 supports class version 61)
[27Aug2026 01:38:57.381] [Render thread/DEBUG] [mixin/]: Renaming synthetic method lambda$gnetum$render$2(Ljava/lang/String;)Z to mda2c3ce$gnetum$lambda$gnetum$render$2$0 in gnetum.mixins.json:GuiMixin from mod gnetum
[27Aug2026 01:38:57.381] [Render thread/DEBUG] [mixin/]: Renaming synthetic method lambda$gnetum$render$1(Ljava/lang/String;)Z to mda2c3ce$gnetum$lambda$gnetum$render$1$1 in gnetum.mixins.json:GuiMixin from mod gnetum
[27Aug2026 01:38:57.381] [Render thread/DEBUG] [mixin/]: Renaming synthetic method lambda$gnetum$render$0(Ljava/lang/String;)Z to mda2c3ce$gnetum$lambda$gnetum$render$0$2 in gnetum.mixins.json:GuiMixin from mod gnetum
[27Aug2026 01:38:57.382] [Render thread/DEBUG] [mixin/]: Mixing features.options.overlays.GuiMixin from sodium-common.mixins.json into net.minecraft.client.gui.Gui
[27Aug2026 01:38:57.384] [Render thread/DEBUG] [mixin/]: gnetum.mixins.json:GuiMixin from mod gnetum->@Inject::gnetum$postRender(Lnet/minecraft/client/gui/GuiGraphics;Lnet/minecraft/client/DeltaTracker;Lorg/spongepowered/asm/mixin/injection/callback/CallbackInfo;)V does use it's CallbackInfo
[27Aug2026 01:38:57.384] [Render thread/DEBUG] [mixin/]: mixins.iris.json:gui.MixinGui from mod iris->@Inject::iris$disableVignetteRendering(Lnet/minecraft/client/gui/GuiGraphics;Lnet/minecraft/world/entity/Entity;Lorg/spongepowered/asm/mixin/injection/callback/CallbackInfo;)V does use it's CallbackInfo
[27Aug2026 01:38:57.393] [Render thread/DEBUG] [mixin/]: Mixing GuiLayerManagerAccessor from gnetum.mixins.json into net.neoforged.neoforge.client.gui.GuiLayerManager
[27Aug2026 01:38:57.393] [Render thread/DEBUG] [mixin/]: gnetum.mixins.json:GuiLayerManagerAccessor from mod gnetum: Class version 65 required is higher than the class version supported by the current version of Mixin (JAVA_17 supports class version 61)
[27Aug2026 01:38:57.395] [Render thread/DEBUG] [mixin/]: Mixing MixinDebugScreenOverlay from mixins.iris.json into net.minecraft.client.gui.components.DebugScreenOverlay
[27Aug2026 01:38:57.395] [Render thread/DEBUG] [mixin/]: mixins.iris.json:MixinDebugScreenOverlay from mod iris: Class version 65 required is higher than the class version supported by the current version of Mixin (JAVA_8 supports class version 52)
[27Aug2026 01:38:57.395] [Render thread/DEBUG] [mixin/]: Renaming synthetic method lambda$iris$appendShadowDebugText$1(Ljava/util/List;Lnet/irisshaders/iris/pipeline/WorldRenderingPipeline;)V to mda2c3ce$iris$lambda$iris$appendShadowDebugText$1$0 in mixins.iris.json:MixinDebugScreenOverlay from mod iris
[27Aug2026 01:38:57.395] [Render thread/DEBUG] [mixin/]: Renaming synthetic method lambda$iris$appendShaderPackText$0(Ljava/util/List;Lnet/irisshaders/iris/shaderpack/ShaderPack;)V to mda2c3ce$iris$lambda$iris$appendShaderPackText$0$1 in mixins.iris.json:MixinDebugScreenOverlay from mod iris
[27Aug2026 01:38:57.398] [Render thread/DEBUG] [mixin/]: Mixing DebugHudMixin from fabric-renderer-api-v1.debughud.mixins.json into net.minecraft.client.gui.components.DebugScreenOverlay
[27Aug2026 01:38:57.398] [Render thread/DEBUG] [mixin/]: fabric-renderer-api-v1.debughud.mixins.json:DebugHudMixin from mod fabric_renderer_api_v1: Class version 65 required is higher than the class version supported by the current version of Mixin (JAVA_17 supports class version 61)
[27Aug2026 01:38:57.398] [Render thread/DEBUG] [mixin/]: Mixing features.gui.hooks.debug.DebugScreenOverlayMixin from sodium-common.mixins.json into net.minecraft.client.gui.components.DebugScreenOverlay
[27Aug2026 01:38:57.399] [Render thread/DEBUG] [mixin/]: Mixing MixinDebugScreenOverlay from iris-batched-entity-rendering.mixins.json into net.minecraft.client.gui.components.DebugScreenOverlay
[27Aug2026 01:38:57.399] [Render thread/DEBUG] [mixin/]: iris-batched-entity-rendering.mixins.json:MixinDebugScreenOverlay from mod iris: Class version 65 required is higher than the class version supported by the current version of Mixin (JAVA_8 supports class version 52)
[27Aug2026 01:38:57.403] [Render thread/DEBUG] [mixin/]: mixins.iris.json:MixinDebugScreenOverlay from mod iris->@Inject::iris$appendShaderPackText(Lorg/spongepowered/asm/mixin/injection/callback/CallbackInfoReturnable;)V does use it's CallbackInfoReturnable
[27Aug2026 01:38:57.403] [Render thread/DEBUG] [mixin/]: mixins.iris.json:MixinDebugScreenOverlay from mod iris->@Inject::iris$appendShaderPackText(Lorg/spongepowered/asm/mixin/injection/callback/CallbackInfoReturnable;)V does use it's CallbackInfoReturnable
[27Aug2026 01:38:57.403] [Render thread/DEBUG] [mixin/]: mixins.iris.json:MixinDebugScreenOverlay from mod iris->@Inject::iris$appendShadowDebugText(Lorg/spongepowered/asm/mixin/injection/callback/CallbackInfoReturnable;)V does use it's CallbackInfoReturnable
[27Aug2026 01:38:57.403] [Render thread/DEBUG] [mixin/]: mixins.iris.json:MixinDebugScreenOverlay from mod iris->@Inject::iris$appendShadowDebugText(Lorg/spongepowered/asm/mixin/injection/callback/CallbackInfoReturnable;)V does use it's CallbackInfoReturnable
[27Aug2026 01:38:57.403] [Render thread/DEBUG] [mixin/]: fabric-renderer-api-v1.debughud.mixins.json:DebugHudMixin from mod fabric_renderer_api_v1->@Inject::getLeftText(Lorg/spongepowered/asm/mixin/injection/callback/CallbackInfoReturnable;)V does use it's CallbackInfoReturnable
[27Aug2026 01:38:57.403] [Render thread/DEBUG] [mixin/]: fabric-renderer-api-v1.debughud.mixins.json:DebugHudMixin from mod fabric_renderer_api_v1->@Inject::getLeftText(Lorg/spongepowered/asm/mixin/injection/callback/CallbackInfoReturnable;)V does use it's CallbackInfoReturnable
[27Aug2026 01:38:57.403] [Render thread/DEBUG] [mixin/]: sodium-common.mixins.json:features.gui.hooks.debug.DebugScreenOverlayMixin from mod sodium->@Inject::sodium$captureFrameDuration(JLorg/spongepowered/asm/mixin/injection/callback/CallbackInfo;)V doesn't use it's CallbackInfo
[27Aug2026 01:38:57.403] [Render thread/DEBUG] [mixin/]: sodium-common.mixins.json:features.gui.hooks.debug.DebugScreenOverlayMixin from mod sodium->@Inject::sodium$captureFrameDuration(JLorg/spongepowered/asm/mixin/injection/callback/CallbackInfo;)V has 0 override(s) in child classes
[27Aug2026 01:38:57.403] [Render thread/DEBUG] [mixin/]: sodium-common.mixins.json:features.gui.hooks.debug.DebugScreenOverlayMixin from mod sodium->@Inject::sodium$captureFrameDuration(JLorg/spongepowered/asm/mixin/injection/callback/CallbackInfo;)V won't be passed a CallbackInfo as a result
[27Aug2026 01:38:57.403] [Render thread/DEBUG] [mixin/]: iris-batched-entity-rendering.mixins.json:MixinDebugScreenOverlay from mod iris->@Inject::batchedentityrendering$appendStats(Lorg/spongepowered/asm/mixin/injection/callback/CallbackInfoReturnable;)V does use it's CallbackInfoReturnable
[27Aug2026 01:38:57.403] [Render thread/DEBUG] [mixin/]: iris-batched-entity-rendering.mixins.json:MixinDebugScreenOverlay from mod iris->@Inject::batchedentityrendering$appendStats(Lorg/spongepowered/asm/mixin/injection/callback/CallbackInfoReturnable;)V does use it's CallbackInfoReturnable
[27Aug2026 01:38:57.413] [Render thread/DEBUG] [mixin/]: Mixing compat.jade.BossHealthOverlayMixin from gnetum.mixins.json into net.minecraft.client.gui.components.BossHealthOverlay
[27Aug2026 01:38:57.414] [Render thread/DEBUG] [mixin/]: gnetum.mixins.json:compat.jade.BossHealthOverlayMixin from mod gnetum: Class version 65 required is higher than the class version supported by the current version of Mixin (JAVA_17 supports class version 61)
[27Aug2026 01:38:57.414] [Render thread/DEBUG] [mixin/]: gnetum.mixins.json:compat.jade.BossHealthOverlayMixin from mod gnetum->@Inject::gnetum$render$0(Lnet/minecraft/client/gui/GuiGraphics;Lorg/spongepowered/asm/mixin/injection/callback/CallbackInfo;)V doesn't use it's CallbackInfo
[27Aug2026 01:38:57.414] [Render thread/DEBUG] [mixin/]: gnetum.mixins.json:compat.jade.BossHealthOverlayMixin from mod gnetum->@Inject::gnetum$render$0(Lnet/minecraft/client/gui/GuiGraphics;Lorg/spongepowered/asm/mixin/injection/callback/CallbackInfo;)V has 0 override(s) in child classes
[27Aug2026 01:38:57.414] [Render thread/DEBUG] [mixin/]: gnetum.mixins.json:compat.jade.BossHealthOverlayMixin from mod gnetum->@Inject::gnetum$render$0(Lnet/minecraft/client/gui/GuiGraphics;Lorg/spongepowered/asm/mixin/injection/callback/CallbackInfo;)V won't be passed a CallbackInfo as a result
[27Aug2026 01:38:57.414] [Render thread/DEBUG] [mixin/]: gnetum.mixins.json:compat.jade.BossHealthOverlayMixin from mod gnetum->@Inject::gnetum$render$1(Lnet/minecraft/client/gui/GuiGraphics;Lorg/spongepowered/asm/mixin/injection/callback/CallbackInfo;)V doesn't use it's CallbackInfo
[27Aug2026 01:38:57.414] [Render thread/DEBUG] [mixin/]: gnetum.mixins.json:compat.jade.BossHealthOverlayMixin from mod gnetum->@Inject::gnetum$render$1(Lnet/minecraft/client/gui/GuiGraphics;Lorg/spongepowered/asm/mixin/injection/callback/CallbackInfo;)V has 0 override(s) in child classes
[27Aug2026 01:38:57.414] [Render thread/DEBUG] [mixin/]: gnetum.mixins.json:compat.jade.BossHealthOverlayMixin from mod gnetum->@Inject::gnetum$render$1(Lnet/minecraft/client/gui/GuiGraphics;Lorg/spongepowered/asm/mixin/injection/callback/CallbackInfo;)V won't be passed a CallbackInfo as a result
[27Aug2026 01:38:57.419] [Render thread/DEBUG] [mixin/]: Mixing MixinChunkBorderRenderer from mixins.iris.json into net.minecraft.client.renderer.debug.ChunkBorderRenderer
[27Aug2026 01:38:57.419] [Render thread/DEBUG] [mixin/]: mixins.iris.json:MixinChunkBorderRenderer from mod iris: Class version 65 required is higher than the class version supported by the current version of Mixin (JAVA_8 supports class version 52)
[27Aug2026 01:38:57.431] [Render thread/DEBUG] [mixin/]: Generating mapped inner class net/minecraft/client/renderer/debug/ChunkBorderRenderer$Anonymous$d4cc0148cf3f4134bca7f8993411880e (originally net/irisshaders/iris/mixin/MixinChunkBorderRenderer$1)
[27Aug2026 01:38:57.489] [Render thread/DEBUG] [mixin/]: Mixing sky.MixinDimensionSpecialEffects from mixins.iris.json into net.minecraft.client.renderer.DimensionSpecialEffects
[27Aug2026 01:38:57.489] [Render thread/DEBUG] [mixin/]: mixins.iris.json:sky.MixinDimensionSpecialEffects from mod iris: Class version 65 required is higher than the class version supported by the current version of Mixin (JAVA_8 supports class version 52)
[27Aug2026 01:38:57.490] [Render thread/DEBUG] [mixin/]: mixins.iris.json:sky.MixinDimensionSpecialEffects from mod iris->@Inject::iris$getSunriseColor(FFLorg/spongepowered/asm/mixin/injection/callback/CallbackInfoReturnable;)V does use it's CallbackInfoReturnable
[27Aug2026 01:38:57.501] [Render thread/DEBUG] [mixin/]: Mixing features.render.entity.ModelPartMixin from sodium-common.mixins.json into net.minecraft.client.model.geom.ModelPart
[27Aug2026 01:38:57.517] [Render thread/DEBUG] [mixin/]: Mixing MixinChainedJsonException from mixins.iris.json into net.minecraft.server.ChainedJsonException
[27Aug2026 01:38:57.517] [Render thread/DEBUG] [mixin/]: mixins.iris.json:MixinChainedJsonException from mod iris: Class version 65 required is higher than the class version supported by the current version of Mixin (JAVA_8 supports class version 52)
[27Aug2026 01:38:57.517] [Render thread/DEBUG] [mixin/]: mixins.iris.json:MixinChainedJsonException from mod iris->@Inject::iris$changeShaderParseException(Ljava/lang/Exception;Lorg/spongepowered/asm/mixin/injection/callback/CallbackInfoReturnable;)V does use it's CallbackInfoReturnable
[27Aug2026 01:38:57.518] [Render thread/DEBUG] [mixin/]: Mixing MixinUniform from mixins.iris.json into com.mojang.blaze3d.shaders.Uniform
[27Aug2026 01:38:57.518] [Render thread/DEBUG] [mixin/]: mixins.iris.json:MixinUniform from mod iris: Class version 65 required is higher than the class version supported by the current version of Mixin (JAVA_8 supports class version 52)
[27Aug2026 01:38:57.519] [Render thread/DEBUG] [mixin/]: mixins.iris.json:MixinUniform from mod iris->@Inject::iris$glGetUniformLocation(ILjava/lang/CharSequence;Lorg/spongepowered/asm/mixin/injection/callback/CallbackInfoReturnable;)V does use it's CallbackInfoReturnable
[27Aug2026 01:38:57.522] [Render thread/DEBUG] [mixin/]: Mixing MixinProgramType from mixins.iris.json into com.mojang.blaze3d.shaders.Program$Type
[27Aug2026 01:38:57.522] [Render thread/DEBUG] [mixin/]: mixins.iris.json:MixinProgramType from mod iris: Class version 65 required is higher than the class version supported by the current version of Mixin (JAVA_8 supports class version 52)
[27Aug2026 01:38:57.523] [Render thread/DEBUG] [mixin/]: Mixing ProgramTypeAccessor from mixins.iris.json into com.mojang.blaze3d.shaders.Program$Type
[27Aug2026 01:38:57.523] [Render thread/DEBUG] [mixin/]: mixins.iris.json:ProgramTypeAccessor from mod iris: Class version 65 required is higher than the class version supported by the current version of Mixin (JAVA_8 supports class version 52)
[27Aug2026 01:38:57.523] [Render thread/DEBUG] [mixin/]: Renaming @Invoker method createProgramType(Ljava/lang/String;ILjava/lang/String;Ljava/lang/String;I)Lcom/mojang/blaze3d/shaders/Program$Type; to createProgramType$iris_$md$a2c3ce$0 in mixins.iris.json:ProgramTypeAccessor from mod iris
[27Aug2026 01:38:57.531] [Render thread/DEBUG] [mixin/]: Mixing MixinProgram from mixins.iris.json into com.mojang.blaze3d.shaders.Program
[27Aug2026 01:38:57.531] [Render thread/DEBUG] [mixin/]: mixins.iris.json:MixinProgram from mod iris: Class version 65 required is higher than the class version supported by the current version of Mixin (JAVA_8 supports class version 52)
[27Aug2026 01:38:57.533] [Render thread/DEBUG] [mixin/]: mixins.iris.json:MixinProgram from mod iris->@Inject::iris$causeException(Lcom/mojang/blaze3d/shaders/Program$Type;Ljava/lang/String;Ljava/io/InputStream;Ljava/lang/String;Lcom/mojang/blaze3d/preprocessor/GlslPreprocessor;Lorg/spongepowered/asm/mixin/injection/callback/CallbackInfoReturnable;)V does use it's CallbackInfoReturnable
[27Aug2026 01:38:57.536] [Render thread/DEBUG] [mixin/]: Mixing MixinProgramManager from mixins.iris.json into com.mojang.blaze3d.shaders.ProgramManager
[27Aug2026 01:38:57.536] [Render thread/DEBUG] [mixin/]: mixins.iris.json:MixinProgramManager from mod iris: Class version 65 required is higher than the class version supported by the current version of Mixin (JAVA_8 supports class version 52)
[27Aug2026 01:38:57.537] [Render thread/DEBUG] [mixin/]: mixins.iris.json:MixinProgramManager from mod iris->@Inject::iris$releaseGeometry(Lcom/mojang/blaze3d/shaders/Shader;Lorg/spongepowered/asm/mixin/injection/callback/CallbackInfo;)V doesn't use it's CallbackInfo
[27Aug2026 01:38:57.619] [Render thread/INFO] [net.minecraft.server.packs.resources.ReloadableResourceManager/]: Reloading ResourceManager: vanilla, mod_resources, mod/sodium, mod/iris, mod/fabric_api_base, mod/fabric_renderer_api_v1, mod/ferritecore, mod/gnetum, mod/jei, mod/fabric_rendering_data_attachment_v1, mod/jei_plus_plus, mod/bettermodsbutton, mod/controlling, mod/neoforge, mod/searchables, mod/nanite_evolution, mod/fabric_block_view_api_v2
[27Aug2026 01:38:57.632] [Render thread/DEBUG] [mixin/]: Mixing features.gui.hooks.settings.OptionsScreenMixin from sodium-common.mixins.json into net.minecraft.client.gui.screens.options.OptionsScreen
[27Aug2026 01:38:57.633] [Render thread/DEBUG] [mixin/]: sodium-common.mixins.json:features.gui.hooks.settings.OptionsScreenMixin from mod sodium->@Inject::open(Lorg/spongepowered/asm/mixin/injection/callback/CallbackInfoReturnable;)V does use it's CallbackInfoReturnable
[27Aug2026 01:38:57.683] [Render thread/DEBUG] [mixin/]: Mixing SimpleBakedModelMixin from ferritecore.modelsides.mixin.json into net.minecraft.client.resources.model.SimpleBakedModel
[27Aug2026 01:38:57.683] [Render thread/DEBUG] [mixin/]: ferritecore.modelsides.mixin.json:SimpleBakedModelMixin from mod ferritecore: Class version 65 required is higher than the class version supported by the current version of Mixin (JAVA_17 supports class version 61)
[27Aug2026 01:38:57.683] [Render thread/DEBUG] [mixin/]: Mixing platform.neoforge.SimpleBakedModelAccessor from sodium-neoforge.mixins.json into net.minecraft.client.resources.model.SimpleBakedModel
[27Aug2026 01:38:57.686] [Render thread/DEBUG] [mixin/]: ferritecore.modelsides.mixin.json:SimpleBakedModelMixin from mod ferritecore->@Inject::minimizeFaceLists(Lorg/spongepowered/asm/mixin/injection/callback/CallbackInfo;)V doesn't use it's CallbackInfo
[27Aug2026 01:38:57.686] [Render thread/DEBUG] [mixin/]: ferritecore.modelsides.mixin.json:SimpleBakedModelMixin from mod ferritecore->@Inject::minimizeFaceLists(Lorg/spongepowered/asm/mixin/injection/callback/CallbackInfo;)V has 0 override(s) in child classes
[27Aug2026 01:38:57.686] [Render thread/DEBUG] [mixin/]: ferritecore.modelsides.mixin.json:SimpleBakedModelMixin from mod ferritecore->@Inject::minimizeFaceLists(Lorg/spongepowered/asm/mixin/injection/callback/CallbackInfo;)V won't be passed a CallbackInfo as a result
[27Aug2026 01:38:57.686] [Render thread/DEBUG] [mixin/]: ferritecore.modelsides.mixin.json:SimpleBakedModelMixin from mod ferritecore->@Inject::minimizeFaceLists(Lorg/spongepowered/asm/mixin/injection/callback/CallbackInfo;)V doesn't use it's CallbackInfo
[27Aug2026 01:38:57.686] [Render thread/DEBUG] [mixin/]: ferritecore.modelsides.mixin.json:SimpleBakedModelMixin from mod ferritecore->@Inject::minimizeFaceLists(Lorg/spongepowered/asm/mixin/injection/callback/CallbackInfo;)V has 0 override(s) in child classes
[27Aug2026 01:38:57.686] [Render thread/DEBUG] [mixin/]: ferritecore.modelsides.mixin.json:SimpleBakedModelMixin from mod ferritecore->@Inject::minimizeFaceLists(Lorg/spongepowered/asm/mixin/injection/callback/CallbackInfo;)V won't be passed a CallbackInfo as a result
[27Aug2026 01:38:57.693] [Render thread/DEBUG] [mixin/]: Mixing texture.MixinSpriteContents from mixins.iris.json into net.minecraft.client.renderer.texture.SpriteContents
[27Aug2026 01:38:57.693] [Render thread/DEBUG] [mixin/]: mixins.iris.json:texture.MixinSpriteContents from mod iris: Class version 65 required is higher than the class version supported by the current version of Mixin (JAVA_8 supports class version 52)
[27Aug2026 01:38:57.694] [Render thread/DEBUG] [mixin/]: Mixing texture.SpriteContentsAccessor from mixins.iris.json into net.minecraft.client.renderer.texture.SpriteContents
[27Aug2026 01:38:57.694] [Render thread/DEBUG] [mixin/]: mixins.iris.json:texture.SpriteContentsAccessor from mod iris: Class version 65 required is higher than the class version supported by the current version of Mixin (JAVA_8 supports class version 52)
[27Aug2026 01:38:57.695] [Render thread/DEBUG] [mixin/]: Mixing texture.pbr.MixinSpriteContents from mixins.iris.json into net.minecraft.client.renderer.texture.SpriteContents
[27Aug2026 01:38:57.695] [Render thread/DEBUG] [mixin/]: mixins.iris.json:texture.pbr.MixinSpriteContents from mod iris: Class version 65 required is higher than the class version supported by the current version of Mixin (JAVA_8 supports class version 52)
[27Aug2026 01:38:57.696] [Render thread/DEBUG] [mixin/]: Mixing features.textures.SpriteContentsInvoker from sodium-common.mixins.json into net.minecraft.client.renderer.texture.SpriteContents
[27Aug2026 01:38:57.696] [Render thread/DEBUG] [mixin/]: Mixing features.textures.animations.tracking.SpriteContentsMixin from sodium-common.mixins.json into net.minecraft.client.renderer.texture.SpriteContents
[27Aug2026 01:38:57.696] [Render thread/DEBUG] [mixin/]: Mixing features.textures.animations.upload.SpriteContentsAccessor from sodium-common.mixins.json into net.minecraft.client.renderer.texture.SpriteContents
[27Aug2026 01:38:57.697] [Render thread/DEBUG] [mixin/]: Mixing features.textures.mipmaps.SpriteContentsMixin from sodium-common.mixins.json into net.minecraft.client.renderer.texture.SpriteContents
[27Aug2026 01:38:57.699] [Render thread/DEBUG] [mixin/]: Mixing features.textures.scan.SpriteContentsMixin from sodium-common.mixins.json into net.minecraft.client.renderer.texture.SpriteContents
[27Aug2026 01:38:57.703] [Render thread/DEBUG] [mixin/]: mixins.iris.json:texture.MixinSpriteContents from mod iris->@Inject::onReturnCreateTicker(Lorg/spongepowered/asm/mixin/injection/callback/CallbackInfoReturnable;)V does use it's CallbackInfoReturnable
[27Aug2026 01:38:57.703] [Render thread/DEBUG] [mixin/]: mixins.iris.json:texture.pbr.MixinSpriteContents from mod iris->@Inject::iris$onTailClose(Lorg/spongepowered/asm/mixin/injection/callback/CallbackInfo;)V doesn't use it's CallbackInfo
[27Aug2026 01:38:57.703] [Render thread/DEBUG] [mixin/]: mixins.iris.json:texture.pbr.MixinSpriteContents from mod iris->@Inject::iris$onTailClose(Lorg/spongepowered/asm/mixin/injection/callback/CallbackInfo;)V has 0 override(s) in child classes
[27Aug2026 01:38:57.703] [Render thread/DEBUG] [mixin/]: mixins.iris.json:texture.pbr.MixinSpriteContents from mod iris->@Inject::iris$onTailClose(Lorg/spongepowered/asm/mixin/injection/callback/CallbackInfo;)V won't be passed a CallbackInfo as a result
[27Aug2026 01:38:57.703] [Render thread/DEBUG] [mixin/]: mixins.iris.json:texture.pbr.MixinSpriteContents from mod iris->@Inject::iris$onTailMarkActive(Lorg/spongepowered/asm/mixin/injection/callback/CallbackInfo;)V doesn't use it's CallbackInfo
[27Aug2026 01:38:57.703] [Render thread/DEBUG] [mixin/]: mixins.iris.json:texture.pbr.MixinSpriteContents from mod iris->@Inject::iris$onTailMarkActive(Lorg/spongepowered/asm/mixin/injection/callback/CallbackInfo;)V has 0 override(s) in child classes
[27Aug2026 01:38:57.703] [Render thread/DEBUG] [mixin/]: mixins.iris.json:texture.pbr.MixinSpriteContents from mod iris->@Inject::iris$onTailMarkActive(Lorg/spongepowered/asm/mixin/injection/callback/CallbackInfo;)V won't be passed a CallbackInfo as a result
[27Aug2026 01:38:57.717] [Render thread/DEBUG] [mixin/]: Mixing texture.SpriteContentsFrameInfoAccessor from mixins.iris.json into net.minecraft.client.renderer.texture.SpriteContents$FrameInfo
[27Aug2026 01:38:57.717] [Render thread/DEBUG] [mixin/]: mixins.iris.json:texture.SpriteContentsFrameInfoAccessor from mod iris: Class version 65 required is higher than the class version supported by the current version of Mixin (JAVA_8 supports class version 52)
[27Aug2026 01:38:57.717] [NeoForge Version Check/INFO] [net.neoforged.fml.VersionChecker/]: [bettermodsbutton] Starting version check at https://raw.githubusercontent.com/Fuzss/modresources/main/update/bettermodsbutton.json
[27Aug2026 01:38:57.717] [Render thread/DEBUG] [mixin/]: Mixing features.textures.animations.tracking.SpriteContentsFrameInfoAccessor from sodium-common.mixins.json into net.minecraft.client.renderer.texture.SpriteContents$FrameInfo
[27Aug2026 01:38:57.717] [Render thread/DEBUG] [mixin/]: Mixing features.textures.animations.upload.SpriteContentsFrameInfoAccessor from sodium-common.mixins.json into net.minecraft.client.renderer.texture.SpriteContents$FrameInfo
[27Aug2026 01:38:57.718] [Render thread/DEBUG] [mixin/]: Unexpected: Registered method getTime()I in net.minecraft.client.renderer.texture.SpriteContents$FrameInfo was not merged
[27Aug2026 01:38:57.718] [Render thread/DEBUG] [mixin/]: Unexpected: Registered method getTime()I in net.minecraft.client.renderer.texture.SpriteContents$FrameInfo was not merged
[27Aug2026 01:38:57.718] [Render thread/DEBUG] [mixin/]: Unexpected: Registered method getIndex()I in net.minecraft.client.renderer.texture.SpriteContents$FrameInfo was not merged
[27Aug2026 01:38:57.758] [Worker-Main-9/DEBUG] [mixin/]: Mixing texture.pbr.MixinDirectoryLister from mixins.iris.json into net.minecraft.client.renderer.texture.atlas.sources.DirectoryLister
[27Aug2026 01:38:57.758] [Worker-Main-9/DEBUG] [mixin/]: mixins.iris.json:texture.pbr.MixinDirectoryLister from mod iris: Class version 65 required is higher than the class version supported by the current version of Mixin (JAVA_8 supports class version 52)
[27Aug2026 01:38:57.758] [Worker-Main-9/DEBUG] [mixin/]: Renaming synthetic method lambda$iris$modifyForEachAction$0(Lnet/minecraft/server/packs/resources/ResourceManager;Ljava/util/function/BiConsumer;Lnet/minecraft/resources/ResourceLocation;Lnet/minecraft/server/packs/resources/Resource;)V to mda2c3ce$iris$lambda$iris$modifyForEachAction$0$0 in mixins.iris.json:texture.pbr.MixinDirectoryLister from mod iris
[27Aug2026 01:38:57.763] [Worker-Main-9/DEBUG] [mixin/]: ArgsClassGenerator assigning org.spongepowered.asm.synthetic.args.Args$1 for descriptor (Ljava/util/function/BiConsumer;)V
[27Aug2026 01:38:57.787] [Worker-Main-6/INFO] [net.minecraft.client.gui.font.providers.UnihexProvider/]: Found unifont_all_no_pua-15.1.05.hex, loading
[27Aug2026 01:38:57.860] [Worker-Main-9/DEBUG] [mixin/]: Mixing texture.SpriteContentsAnimatedTextureAccessor from mixins.iris.json into net.minecraft.client.renderer.texture.SpriteContents$AnimatedTexture
[27Aug2026 01:38:57.861] [Worker-Main-9/DEBUG] [mixin/]: mixins.iris.json:texture.SpriteContentsAnimatedTextureAccessor from mod iris: Class version 65 required is higher than the class version supported by the current version of Mixin (JAVA_8 supports class version 52)
[27Aug2026 01:38:57.861] [Worker-Main-9/DEBUG] [mixin/]: Mixing features.textures.animations.tracking.AnimatedTextureAccessor from sodium-common.mixins.json into net.minecraft.client.renderer.texture.SpriteContents$AnimatedTexture
[27Aug2026 01:38:57.862] [Worker-Main-9/DEBUG] [mixin/]: Mixing features.textures.animations.upload.SpriteContentsAnimatedTextureAccessor from sodium-common.mixins.json into net.minecraft.client.renderer.texture.SpriteContents$AnimatedTexture
[27Aug2026 01:38:57.862] [Worker-Main-9/DEBUG] [mixin/]: Unexpected: Registered method getFrames()Ljava/util/List; in net.minecraft.client.renderer.texture.SpriteContents$AnimatedTexture was not merged
[27Aug2026 01:38:57.862] [Worker-Main-9/DEBUG] [mixin/]: Unexpected: Registered method getFrames()Ljava/util/List; in net.minecraft.client.renderer.texture.SpriteContents$AnimatedTexture was not merged
[27Aug2026 01:38:57.916] [Render thread/DEBUG] [net.neoforged.fml.DeferredWorkQueue/LOADING]: Dispatching synchronous work for work queue Common setup: 1 jobs
[27Aug2026 01:38:57.922] [Worker-Main-15/DEBUG] [mixin/]: Mixing features.textures.mipmaps.MipmapGeneratorMixin from sodium-common.mixins.json into net.minecraft.client.renderer.texture.MipmapGenerator
[27Aug2026 01:38:57.924] [Render thread/DEBUG] [net.neoforged.fml.DeferredWorkQueue/LOADING]: Synchronous work queue completed in 6.923 ms
[27Aug2026 01:38:57.954] [Render thread/DEBUG] [mixin/]: Mixing MixinFogRenderer from mixins.iris.json into net.minecraft.client.renderer.FogRenderer
[27Aug2026 01:38:57.956] [Render thread/DEBUG] [mixin/]: mixins.iris.json:MixinFogRenderer from mod iris: Class version 65 required is higher than the class version supported by the current version of Mixin (JAVA_8 supports class version 52)
[27Aug2026 01:38:57.959] [Render thread/DEBUG] [mixin/]: mixins.iris.json:MixinFogRenderer from mod iris->@Inject::iris$setupLegacyWaterFog(Lnet/minecraft/client/Camera;Lnet/minecraft/client/renderer/FogRenderer$FogMode;FZFLorg/spongepowered/asm/mixin/injection/callback/CallbackInfo;)V doesn't use it's CallbackInfo
[27Aug2026 01:38:57.960] [Render thread/DEBUG] [mixin/]: mixins.iris.json:MixinFogRenderer from mod iris->@Inject::render(Lnet/minecraft/client/Camera;FLnet/minecraft/client/multiplayer/ClientLevel;IFLorg/spongepowered/asm/mixin/injection/callback/CallbackInfo;)V doesn't use it's CallbackInfo
[27Aug2026 01:38:57.960] [Worker-Main-3/INFO] [net.minecraft.client.gui.font.providers.UnihexProvider/]: Found unifont_jp_patch-15.1.05.hex, loading
[27Aug2026 01:38:57.984] [Worker-Main-11/DEBUG] [mixin/]: Mixing AccessKeyBindsScreen from controlling.mixins.json into net.minecraft.client.gui.screens.options.controls.KeyBindsScreen
[27Aug2026 01:38:57.984] [Worker-Main-11/DEBUG] [mixin/]: controlling.mixins.json:AccessKeyBindsScreen from mod controlling: Class version 65 required is higher than the class version supported by the current version of Mixin (JAVA_17 supports class version 61)
[27Aug2026 01:38:57.984] [Worker-Main-11/DEBUG] [mixin/]: Mixing AccessKeyBindsScreenNeoForge from controlling.neoforge.mixins.json into net.minecraft.client.gui.screens.options.controls.KeyBindsScreen
[27Aug2026 01:38:57.985] [Worker-Main-11/DEBUG] [mixin/]: controlling.neoforge.mixins.json:AccessKeyBindsScreenNeoForge from mod controlling: Class version 65 required is higher than the class version supported by the current version of Mixin (JAVA_17 supports class version 61)
[27Aug2026 01:38:58.000] [Render thread/DEBUG] [mixin/]: Mixing MixinShadowRenderer from mixins.iris.forge.json into net.irisshaders.iris.shadows.ShadowRenderer
[27Aug2026 01:38:58.000] [Render thread/DEBUG] [mixin/]: mixins.iris.forge.json:MixinShadowRenderer from mod iris: Class version 65 required is higher than the class version supported by the current version of Mixin (JAVA_8 supports class version 52)
[27Aug2026 01:38:58.003] [Render thread/DEBUG] [mixin/]: mixins.iris.forge.json:MixinShadowRenderer from mod iris->@Inject::init(Lorg/spongepowered/asm/mixin/injection/callback/CallbackInfo;)V doesn't use it's CallbackInfo
[27Aug2026 01:38:58.003] [Render thread/DEBUG] [mixin/]: mixins.iris.forge.json:MixinShadowRenderer from mod iris->@Inject::render(Lnet/irisshaders/iris/mixin/LevelRendererAccessor;Lnet/minecraft/client/Camera;Lorg/spongepowered/asm/mixin/injection/callback/CallbackInfo;)V doesn't use it's CallbackInfo
[27Aug2026 01:38:58.003] [Render thread/DEBUG] [mixin/]: mixins.iris.forge.json:MixinShadowRenderer from mod iris->@Inject::render(Lnet/irisshaders/iris/mixin/LevelRendererAccessor;Lnet/minecraft/client/Camera;Lorg/spongepowered/asm/mixin/injection/callback/CallbackInfo;)V has 0 override(s) in child classes
[27Aug2026 01:38:58.003] [Render thread/DEBUG] [mixin/]: mixins.iris.forge.json:MixinShadowRenderer from mod iris->@Inject::render(Lnet/irisshaders/iris/mixin/LevelRendererAccessor;Lnet/minecraft/client/Camera;Lorg/spongepowered/asm/mixin/injection/callback/CallbackInfo;)V won't be passed a CallbackInfo as a result
[27Aug2026 01:38:58.150] [NeoForge Version Check/DEBUG] [net.neoforged.fml.VersionChecker/]: [bettermodsbutton] Received version check data:
{
    "homepage": "https://modrinth.com/mod/better-mods-button",
    "promos": {
        "1.16.2-latest": "1.0.5",
        "1.16.2-recommended": "1.0.5",
        "1.16.3-latest": "1.0.5",
        "1.16.3-recommended": "1.0.5",
        "1.16.4-latest": "1.0.5",
        "1.16.4-recommended": "1.0.5",
        "1.16.5-latest": "1.0.5",
        "1.16.5-recommended": "1.0.5",
        "1.17.1-latest": "2.0.2",
        "1.17.1-recommended": "2.0.2",
        "1.18-latest": "3.1.0",
        "1.18-recommended": "3.1.0",
        "1.18.1-latest": "3.1.0",
        "1.18.1-recommended": "3.1.0",
        "1.18.2-latest": "3.2.4",
        "1.18.2-recommended": "3.2.4",
        "1.19-latest": "4.1.0",
        "1.19-recommended": "4.1.0",
        "1.19.1-latest": "4.2.1",
        "1.19.1-recommended": "4.2.1",
        "1.19.2-latest": "4.2.4",
        "1.19.2-recommended": "4.2.4",
        "1.19.3-latest": "5.0.0",
        "1.19.3-recommended": "5.0.0",
        "1.19.4-latest": "6.0.0",
        "1.19.4-recommended": "6.0.0",
        "1.20-latest": "7.0.0",
        "1.20-recommended": "7.0.0",
        "1.20.1-latest": "8.0.2",
        "1.20.1-recommended": "8.0.2",
        "1.20.4-latest": "20.4.0",
        "1.20.4-recommended": "20.4.0",
        "1.21-latest": "21.0.2",
        "1.21-recommended": "21.0.2",
        "1.21.1-latest": "21.1.0",
        "1.21.1-recommended": "21.1.0",
        "1.21.10-latest": "21.10.1",
        "1.21.10-recommended": "21.10.1",
        "1.21.11-latest": "21.11.0",
        "1.21.11-recommended": "21.11.0",
        "1.21.3-latest": "21.3.0",
        "1.21.3-recommended": "21.3.0",
        "1.21.4-latest": "21.4.1",
        "1.21.4-recommended": "21.4.1",
        "1.21.5-latest": "21.5.0",
        "1.21.5-recommended": "21.5.0",
        "1.21.6-latest": "21.6.0",
        "1.21.6-recommended": "21.6.0",
        "1.21.7-latest": "21.7.0",
        "1.21.7-recommended": "21.7.0",
        "1.21.8-latest": "21.8.0",
        "1.21.8-recommended": "21.8.0",
        "1.21.9-latest": "21.9.7",
        "1.21.9-recommended": "21.9.7"
    }
}
[27Aug2026 01:38:58.152] [NeoForge Version Check/INFO] [net.neoforged.fml.VersionChecker/]: [bettermodsbutton] Found status: UP_TO_DATE Current: 21.1.0 Target: null
[27Aug2026 01:38:58.152] [NeoForge Version Check/INFO] [net.neoforged.fml.VersionChecker/]: [controlling] Starting version check at https://updates.blamejared.com/get?n=controlling&gv=1.21.1&ml=neoforge
[27Aug2026 01:38:58.253] [Worker-Main-13/DEBUG] [mixin/]: Mixing KeyValueConditionMixin from ferritecore.predicates.mixin.json into net.minecraft.client.renderer.block.model.multipart.KeyValueCondition
[27Aug2026 01:38:58.253] [Worker-Main-13/DEBUG] [mixin/]: ferritecore.predicates.mixin.json:KeyValueConditionMixin from mod ferritecore: Class version 65 required is higher than the class version supported by the current version of Mixin (JAVA_17 supports class version 61)
[27Aug2026 01:38:58.258] [NeoForge Version Check/DEBUG] [net.neoforged.fml.VersionChecker/]: [controlling] Received version check data:
{"homepage":"https://www.curseforge.com/minecraft/mc-mods/controlling","promos":{"1.21.1-latest":"19.0.5"}}
[27Aug2026 01:38:58.258] [Worker-Main-13/DEBUG] [mixin/]: Mixing AndConditionMixin from ferritecore.predicates.mixin.json into net.minecraft.client.renderer.block.model.multipart.AndCondition
[27Aug2026 01:38:58.258] [Worker-Main-13/DEBUG] [mixin/]: ferritecore.predicates.mixin.json:AndConditionMixin from mod ferritecore: Class version 65 required is higher than the class version supported by the current version of Mixin (JAVA_17 supports class version 61)
[27Aug2026 01:38:58.258] [NeoForge Version Check/INFO] [net.neoforged.fml.VersionChecker/]: [controlling] Found status: BETA Current: 19.0.5 Target: 19.0.5
[27Aug2026 01:38:58.258] [NeoForge Version Check/INFO] [net.neoforged.fml.VersionChecker/]: [searchables] Starting version check at https://updates.blamejared.com/get?n=searchables&gv=1.21.1&ml=neoforge
[27Aug2026 01:38:58.279] [NeoForge Version Check/DEBUG] [net.neoforged.fml.VersionChecker/]: [searchables] Received version check data:
{"homepage":"https://www.curseforge.com/minecraft/mc-mods/searchables","promos":{"1.21.1-latest":"1.0.2"}}
[27Aug2026 01:38:58.279] [NeoForge Version Check/INFO] [net.neoforged.fml.VersionChecker/]: [searchables] Found status: BETA Current: 1.0.2 Target: 1.0.2
[27Aug2026 01:38:58.318] [Worker-Main-13/DEBUG] [mixin/]: Mixing OrConditionMixin from ferritecore.predicates.mixin.json into net.minecraft.client.renderer.block.model.multipart.OrCondition
[27Aug2026 01:38:58.318] [Worker-Main-13/DEBUG] [mixin/]: ferritecore.predicates.mixin.json:OrConditionMixin from mod ferritecore: Class version 65 required is higher than the class version supported by the current version of Mixin (JAVA_17 supports class version 61)
[27Aug2026 01:38:58.711] [Worker-Main-13/DEBUG] [mixin/]: Mixing MixinMultipartBuilder from ferritecore.dedupmultipart.mixin.json into net.minecraft.client.resources.model.MultiPartBakedModel$Builder
[27Aug2026 01:38:58.712] [Worker-Main-13/DEBUG] [mixin/]: ferritecore.dedupmultipart.mixin.json:MixinMultipartBuilder from mod ferritecore: Class version 65 required is higher than the class version supported by the current version of Mixin (JAVA_17 supports class version 61)
[27Aug2026 01:38:58.722] [Worker-Main-13/DEBUG] [mixin/]: Mixing SimpleModelBuilderMixin from ferritecore.dedupbakedquad.mixin.json into net.minecraft.client.resources.model.SimpleBakedModel$Builder
[27Aug2026 01:38:58.722] [Worker-Main-13/DEBUG] [mixin/]: ferritecore.dedupbakedquad.mixin.json:SimpleModelBuilderMixin from mod ferritecore: Class version 65 required is higher than the class version supported by the current version of Mixin (JAVA_17 supports class version 61)
[27Aug2026 01:38:58.723] [Worker-Main-13/DEBUG] [mixin/]: ferritecore.dedupbakedquad.mixin.json:SimpleModelBuilderMixin from mod ferritecore->@Inject::deduplicate(Lnet/minecraft/client/renderer/block/model/BakedQuad;Lorg/spongepowered/asm/mixin/injection/callback/CallbackInfoReturnable;)V doesn't use it's CallbackInfoReturnable
[27Aug2026 01:38:58.723] [Worker-Main-13/DEBUG] [mixin/]: ferritecore.dedupbakedquad.mixin.json:SimpleModelBuilderMixin from mod ferritecore->@Inject::deduplicate(Lnet/minecraft/client/renderer/block/model/BakedQuad;Lorg/spongepowered/asm/mixin/injection/callback/CallbackInfoReturnable;)V has 0 override(s) in child classes
[27Aug2026 01:38:58.723] [Worker-Main-13/DEBUG] [mixin/]: ferritecore.dedupbakedquad.mixin.json:SimpleModelBuilderMixin from mod ferritecore->@Inject::deduplicate(Lnet/minecraft/client/renderer/block/model/BakedQuad;Lorg/spongepowered/asm/mixin/injection/callback/CallbackInfoReturnable;)V won't be passed a CallbackInfoReturnable as a result
[27Aug2026 01:38:58.723] [Worker-Main-13/DEBUG] [mixin/]: ferritecore.dedupbakedquad.mixin.json:SimpleModelBuilderMixin from mod ferritecore->@Inject::deduplicate(Lnet/minecraft/core/Direction;Lnet/minecraft/client/renderer/block/model/BakedQuad;Lorg/spongepowered/asm/mixin/injection/callback/CallbackInfoReturnable;)V doesn't use it's CallbackInfoReturnable
[27Aug2026 01:38:58.723] [Worker-Main-13/DEBUG] [mixin/]: ferritecore.dedupbakedquad.mixin.json:SimpleModelBuilderMixin from mod ferritecore->@Inject::deduplicate(Lnet/minecraft/core/Direction;Lnet/minecraft/client/renderer/block/model/BakedQuad;Lorg/spongepowered/asm/mixin/injection/callback/CallbackInfoReturnable;)V has 0 override(s) in child classes
[27Aug2026 01:38:58.723] [Worker-Main-13/DEBUG] [mixin/]: ferritecore.dedupbakedquad.mixin.json:SimpleModelBuilderMixin from mod ferritecore->@Inject::deduplicate(Lnet/minecraft/core/Direction;Lnet/minecraft/client/renderer/block/model/BakedQuad;Lorg/spongepowered/asm/mixin/injection/callback/CallbackInfoReturnable;)V won't be passed a CallbackInfoReturnable as a result
[27Aug2026 01:38:58.728] [Worker-Main-13/DEBUG] [mixin/]: Mixing BakedQuadAccess from ferritecore.accessors.mixin.json into net.minecraft.client.renderer.block.model.BakedQuad
[27Aug2026 01:38:58.728] [Worker-Main-13/DEBUG] [mixin/]: ferritecore.accessors.mixin.json:BakedQuadAccess from mod ferritecore: Class version 65 required is higher than the class version supported by the current version of Mixin (JAVA_17 supports class version 61)
[27Aug2026 01:38:58.728] [Worker-Main-13/DEBUG] [mixin/]: Mixing core.model.quad.BakedQuadMixin from sodium-neoforge.mixins.json into net.minecraft.client.renderer.block.model.BakedQuad
[27Aug2026 01:38:58.731] [Worker-Main-13/DEBUG] [mixin/]: sodium-neoforge.mixins.json:core.model.quad.BakedQuadMixin from mod sodium->@Inject::init([IILnet/minecraft/core/Direction;Lnet/minecraft/client/renderer/texture/TextureAtlasSprite;ZZLorg/spongepowered/asm/mixin/injection/callback/CallbackInfo;)V doesn't use it's CallbackInfo
[27Aug2026 01:38:58.732] [Worker-Main-13/DEBUG] [mixin/]: sodium-neoforge.mixins.json:core.model.quad.BakedQuadMixin from mod sodium->@Inject::init([IILnet/minecraft/core/Direction;Lnet/minecraft/client/renderer/texture/TextureAtlasSprite;ZZLorg/spongepowered/asm/mixin/injection/callback/CallbackInfo;)V has 0 override(s) in child classes
[27Aug2026 01:38:58.732] [Worker-Main-13/DEBUG] [mixin/]: sodium-neoforge.mixins.json:core.model.quad.BakedQuadMixin from mod sodium->@Inject::init([IILnet/minecraft/core/Direction;Lnet/minecraft/client/renderer/texture/TextureAtlasSprite;ZZLorg/spongepowered/asm/mixin/injection/callback/CallbackInfo;)V won't be passed a CallbackInfo as a result
[27Aug2026 01:38:58.738] [Worker-Main-13/DEBUG] [mixin/]: Mixing client.MultipartBakedModelMixin from fabric-renderer-api-v1.mixins.json into net.minecraft.client.resources.model.MultiPartBakedModel
[27Aug2026 01:38:58.738] [Worker-Main-13/DEBUG] [mixin/]: Renaming synthetic method lambda$emitBlockQuads$0(Lnet/minecraft/util/RandomSource;J)Lnet/minecraft/util/RandomSource; to mda2c3ce$fabric_renderer_api_v1$lambda$emitBlockQuads$0$0 in fabric-renderer-api-v1.mixins.json:client.MultipartBakedModelMixin from mod fabric_renderer_api_v1
[27Aug2026 01:38:58.740] [Worker-Main-13/DEBUG] [mixin/]: Mixing features.model.MultiPartBakedModelMixin from sodium-neoforge.mixins.json into net.minecraft.client.resources.model.MultiPartBakedModel
[27Aug2026 01:38:58.740] [Worker-Main-13/DEBUG] [mixin/]: Renaming synthetic method lambda$getRenderTypes$2(I)[Lnet/minecraft/client/resources/model/BakedModel; to mda2c3ce$sodium$lambda$getRenderTypes$2$1 in sodium-neoforge.mixins.json:features.model.MultiPartBakedModelMixin from mod sodium
[27Aug2026 01:38:58.741] [Worker-Main-13/DEBUG] [mixin/]: Renaming synthetic method lambda$getQuads$1(I)[Lnet/minecraft/client/resources/model/BakedModel; to mda2c3ce$sodium$lambda$getQuads$1$2 in sodium-neoforge.mixins.json:features.model.MultiPartBakedModelMixin from mod sodium
[27Aug2026 01:38:58.741] [Worker-Main-13/DEBUG] [mixin/]: Renaming synthetic method lambda$storeClassInfo$0(Lorg/apache/commons/lang3/tuple/Pair;)Z to mda2c3ce$sodium$lambda$storeClassInfo$0$3 in sodium-neoforge.mixins.json:features.model.MultiPartBakedModelMixin from mod sodium
[27Aug2026 01:38:58.745] [Worker-Main-13/DEBUG] [mixin/]: Mixing MixinMultipartModel from ferritecore.dedupmultipart.mixin.json into net.minecraft.client.resources.model.MultiPartBakedModel
[27Aug2026 01:38:58.745] [Worker-Main-13/DEBUG] [mixin/]: ferritecore.dedupmultipart.mixin.json:MixinMultipartModel from mod ferritecore: Class version 65 required is higher than the class version supported by the current version of Mixin (JAVA_17 supports class version 61)
[27Aug2026 01:38:58.752] [Worker-Main-13/DEBUG] [mixin/]: fabric-renderer-api-v1.mixins.json:client.MultipartBakedModelMixin from mod fabric_renderer_api_v1->@Inject::onInit(Ljava/util/List;Lorg/spongepowered/asm/mixin/injection/callback/CallbackInfo;)V doesn't use it's CallbackInfo
[27Aug2026 01:38:58.752] [Worker-Main-13/DEBUG] [mixin/]: fabric-renderer-api-v1.mixins.json:client.MultipartBakedModelMixin from mod fabric_renderer_api_v1->@Inject::onInit(Ljava/util/List;Lorg/spongepowered/asm/mixin/injection/callback/CallbackInfo;)V has 0 override(s) in child classes
[27Aug2026 01:38:58.752] [Worker-Main-13/DEBUG] [mixin/]: fabric-renderer-api-v1.mixins.json:client.MultipartBakedModelMixin from mod fabric_renderer_api_v1->@Inject::onInit(Ljava/util/List;Lorg/spongepowered/asm/mixin/injection/callback/CallbackInfo;)V won't be passed a CallbackInfo as a result
[27Aug2026 01:38:58.752] [Worker-Main-13/DEBUG] [mixin/]: sodium-neoforge.mixins.json:features.model.MultiPartBakedModelMixin from mod sodium->@Inject::storeClassInfo(Ljava/util/List;Lorg/spongepowered/asm/mixin/injection/callback/CallbackInfo;)V doesn't use it's CallbackInfo
[27Aug2026 01:38:58.752] [Worker-Main-13/DEBUG] [mixin/]: sodium-neoforge.mixins.json:features.model.MultiPartBakedModelMixin from mod sodium->@Inject::storeClassInfo(Ljava/util/List;Lorg/spongepowered/asm/mixin/injection/callback/CallbackInfo;)V has 0 override(s) in child classes
[27Aug2026 01:38:58.752] [Worker-Main-13/DEBUG] [mixin/]: sodium-neoforge.mixins.json:features.model.MultiPartBakedModelMixin from mod sodium->@Inject::storeClassInfo(Ljava/util/List;Lorg/spongepowered/asm/mixin/injection/callback/CallbackInfo;)V won't be passed a CallbackInfo as a result
[27Aug2026 01:38:58.778] [Worker-Main-13/DEBUG] [mixin/]: Mixing client.WeightedBakedModelMixin from fabric-renderer-api-v1.mixins.json into net.minecraft.client.resources.model.WeightedBakedModel
[27Aug2026 01:38:58.779] [Worker-Main-13/DEBUG] [mixin/]: Renaming synthetic method lambda$emitItemQuads$1(Ljava/util/function/Supplier;)Lnet/minecraft/util/RandomSource; to mda2c3ce$fabric_renderer_api_v1$lambda$emitItemQuads$1$0 in fabric-renderer-api-v1.mixins.json:client.WeightedBakedModelMixin from mod fabric_renderer_api_v1
[27Aug2026 01:38:58.779] [Worker-Main-13/DEBUG] [mixin/]: Renaming synthetic method lambda$emitBlockQuads$0(Ljava/util/function/Supplier;)Lnet/minecraft/util/RandomSource; to mda2c3ce$fabric_renderer_api_v1$lambda$emitBlockQuads$0$1 in fabric-renderer-api-v1.mixins.json:client.WeightedBakedModelMixin from mod fabric_renderer_api_v1
[27Aug2026 01:38:58.780] [Worker-Main-13/DEBUG] [mixin/]: Mixing features.model.WeightedBakedModelMixin from sodium-neoforge.mixins.json into net.minecraft.client.resources.model.WeightedBakedModel
[27Aug2026 01:38:58.783] [Worker-Main-13/DEBUG] [mixin/]: fabric-renderer-api-v1.mixins.json:client.WeightedBakedModelMixin from mod fabric_renderer_api_v1->@Inject::onInit(Ljava/util/List;Lorg/spongepowered/asm/mixin/injection/callback/CallbackInfo;)V doesn't use it's CallbackInfo
[27Aug2026 01:38:58.783] [Worker-Main-13/DEBUG] [mixin/]: fabric-renderer-api-v1.mixins.json:client.WeightedBakedModelMixin from mod fabric_renderer_api_v1->@Inject::onInit(Ljava/util/List;Lorg/spongepowered/asm/mixin/injection/callback/CallbackInfo;)V has 0 override(s) in child classes
[27Aug2026 01:38:58.783] [Worker-Main-13/DEBUG] [mixin/]: fabric-renderer-api-v1.mixins.json:client.WeightedBakedModelMixin from mod fabric_renderer_api_v1->@Inject::onInit(Ljava/util/List;Lorg/spongepowered/asm/mixin/injection/callback/CallbackInfo;)V won't be passed a CallbackInfo as a result
[27Aug2026 01:38:59.519] [Render thread/WARN] [net.minecraft.client.sounds.SoundEngine/]: Missing sound for event: minecraft:item.goat_horn.play
[27Aug2026 01:38:59.521] [Render thread/WARN] [net.minecraft.client.sounds.SoundEngine/]: Missing sound for event: minecraft:entity.goat.screaming.horn_break
[27Aug2026 01:38:59.560] [Render thread/INFO] [com.mojang.blaze3d.audio.Library/]: OpenAL initialized on device OpenAL Soft on VS278 (NVIDIA High Definition Audio)
[27Aug2026 01:38:59.562] [Render thread/INFO] [net.minecraft.client.sounds.SoundEngine/SOUNDS]: Sound engine started
[27Aug2026 01:38:59.673] [Render thread/INFO] [net.minecraft.client.renderer.texture.TextureAtlas/]: Created: 1024x512x4 minecraft:textures/atlas/blocks.png-atlas
[27Aug2026 01:38:59.675] [Render thread/DEBUG] [mixin/]: Mixing texture.SpriteContentsTickerAccessor from mixins.iris.json into net.minecraft.client.renderer.texture.SpriteContents$Ticker
[27Aug2026 01:38:59.675] [Render thread/DEBUG] [mixin/]: mixins.iris.json:texture.SpriteContentsTickerAccessor from mod iris: Class version 65 required is higher than the class version supported by the current version of Mixin (JAVA_8 supports class version 52)
[27Aug2026 01:38:59.676] [Render thread/DEBUG] [mixin/]: Mixing features.textures.animations.tracking.SpriteContentsTickerMixin from sodium-common.mixins.json into net.minecraft.client.renderer.texture.SpriteContents$Ticker
[27Aug2026 01:38:59.677] [Render thread/DEBUG] [mixin/]: Mixing features.textures.animations.upload.SpriteContentsTickerAccessor from sodium-common.mixins.json into net.minecraft.client.renderer.texture.SpriteContents$Ticker
[27Aug2026 01:38:59.679] [Render thread/DEBUG] [mixin/]: sodium-common.mixins.json:features.textures.animations.tracking.SpriteContentsTickerMixin from mod sodium->@Inject::assignParent(Lnet/minecraft/client/renderer/texture/SpriteContents;Lnet/minecraft/client/renderer/texture/SpriteContents$AnimatedTexture;Lnet/minecraft/client/renderer/texture/SpriteContents$InterpolationData;Lorg/spongepowered/asm/mixin/injection/callback/CallbackInfo;)V doesn't use it's CallbackInfo
[27Aug2026 01:38:59.679] [Render thread/DEBUG] [mixin/]: sodium-common.mixins.json:features.textures.animations.tracking.SpriteContentsTickerMixin from mod sodium->@Inject::assignParent(Lnet/minecraft/client/renderer/texture/SpriteContents;Lnet/minecraft/client/renderer/texture/SpriteContents$AnimatedTexture;Lnet/minecraft/client/renderer/texture/SpriteContents$InterpolationData;Lorg/spongepowered/asm/mixin/injection/callback/CallbackInfo;)V has 0 override(s) in child classes
[27Aug2026 01:38:59.679] [Render thread/DEBUG] [mixin/]: sodium-common.mixins.json:features.textures.animations.tracking.SpriteContentsTickerMixin from mod sodium->@Inject::assignParent(Lnet/minecraft/client/renderer/texture/SpriteContents;Lnet/minecraft/client/renderer/texture/SpriteContents$AnimatedTexture;Lnet/minecraft/client/renderer/texture/SpriteContents$InterpolationData;Lorg/spongepowered/asm/mixin/injection/callback/CallbackInfo;)V won't be passed a CallbackInfo as a result
[27Aug2026 01:38:59.679] [Render thread/DEBUG] [mixin/]: sodium-common.mixins.json:features.textures.animations.tracking.SpriteContentsTickerMixin from mod sodium->@Inject::preTick(Lorg/spongepowered/asm/mixin/injection/callback/CallbackInfo;)V does use it's CallbackInfo
[27Aug2026 01:38:59.679] [Render thread/DEBUG] [mixin/]: sodium-common.mixins.json:features.textures.animations.tracking.SpriteContentsTickerMixin from mod sodium->@Inject::postTick(Lorg/spongepowered/asm/mixin/injection/callback/CallbackInfo;)V doesn't use it's CallbackInfo
[27Aug2026 01:38:59.679] [Render thread/DEBUG] [mixin/]: sodium-common.mixins.json:features.textures.animations.tracking.SpriteContentsTickerMixin from mod sodium->@Inject::postTick(Lorg/spongepowered/asm/mixin/injection/callback/CallbackInfo;)V has 0 override(s) in child classes
[27Aug2026 01:38:59.679] [Render thread/DEBUG] [mixin/]: sodium-common.mixins.json:features.textures.animations.tracking.SpriteContentsTickerMixin from mod sodium->@Inject::postTick(Lorg/spongepowered/asm/mixin/injection/callback/CallbackInfo;)V won't be passed a CallbackInfo as a result
[27Aug2026 01:38:59.679] [Render thread/DEBUG] [mixin/]: Unexpected: Registered method getAnimationInfo()Lnet/minecraft/client/renderer/texture/SpriteContents$AnimatedTexture; in net.minecraft.client.renderer.texture.SpriteContents$Ticker was not merged
[27Aug2026 01:38:59.681] [Render thread/DEBUG] [mixin/]: Mixing features.textures.animations.upload.SpriteContentsInterpolationMixin from sodium-common.mixins.json into net.minecraft.client.renderer.texture.SpriteContents$InterpolationData
[27Aug2026 01:38:59.683] [Render thread/DEBUG] [mixin/]: sodium-common.mixins.json:features.textures.animations.upload.SpriteContentsInterpolationMixin from mod sodium->@Inject::assignParent(Lnet/minecraft/client/renderer/texture/SpriteContents;Lorg/spongepowered/asm/mixin/injection/callback/CallbackInfo;)V doesn't use it's CallbackInfo
[27Aug2026 01:38:59.694] [Render thread/INFO] [net.minecraft.client.renderer.texture.TextureAtlas/]: Created: 256x256x4 minecraft:textures/atlas/signs.png-atlas
[27Aug2026 01:38:59.695] [Render thread/INFO] [net.minecraft.client.renderer.texture.TextureAtlas/]: Created: 512x512x4 minecraft:textures/atlas/shield_patterns.png-atlas
[27Aug2026 01:38:59.696] [Render thread/INFO] [net.minecraft.client.renderer.texture.TextureAtlas/]: Created: 512x512x4 minecraft:textures/atlas/banner_patterns.png-atlas
[27Aug2026 01:38:59.696] [Render thread/INFO] [net.minecraft.client.renderer.texture.TextureAtlas/]: Created: 1024x1024x4 minecraft:textures/atlas/armor_trims.png-atlas
[27Aug2026 01:38:59.701] [Render thread/INFO] [net.minecraft.client.renderer.texture.TextureAtlas/]: Created: 128x64x4 minecraft:textures/atlas/decorated_pot.png-atlas
[27Aug2026 01:38:59.701] [Render thread/INFO] [net.minecraft.client.renderer.texture.TextureAtlas/]: Created: 256x256x4 minecraft:textures/atlas/chest.png-atlas
[27Aug2026 01:38:59.701] [Render thread/INFO] [net.minecraft.client.renderer.texture.TextureAtlas/]: Created: 512x256x4 minecraft:textures/atlas/shulker_boxes.png-atlas
[27Aug2026 01:38:59.702] [Render thread/INFO] [net.minecraft.client.renderer.texture.TextureAtlas/]: Created: 512x256x4 minecraft:textures/atlas/beds.png-atlas
[27Aug2026 01:38:59.720] [Render thread/DEBUG] [mixin/]: Mixing MixinBannerRenderer from iris-batched-entity-rendering.mixins.json into net.minecraft.client.renderer.blockentity.BannerRenderer
[27Aug2026 01:38:59.720] [Render thread/DEBUG] [mixin/]: iris-batched-entity-rendering.mixins.json:MixinBannerRenderer from mod iris: Class version 65 required is higher than the class version supported by the current version of Mixin (JAVA_8 supports class version 52)
[27Aug2026 01:38:59.720] [Render thread/DEBUG] [mixin/]: Renaming synthetic method lambda$iris$wrapBufferSource$0(Lnet/minecraft/client/renderer/RenderType;)Lnet/minecraft/client/renderer/RenderType; to mda2c3ce$iris$lambda$iris$wrapBufferSource$0$0 in iris-batched-entity-rendering.mixins.json:MixinBannerRenderer from mod iris
[27Aug2026 01:38:59.722] [Render thread/DEBUG] [mixin/]: iris-batched-entity-rendering.mixins.json:MixinBannerRenderer from mod iris->@Inject::iris$endRenderingCanvas(Lcom/mojang/blaze3d/vertex/PoseStack;Lnet/minecraft/client/renderer/MultiBufferSource;IILnet/minecraft/client/model/geom/ModelPart;Lnet/minecraft/client/resources/model/Material;ZLnet/minecraft/world/item/DyeColor;Lnet/minecraft/world/level/block/entity/BannerPatternLayers;ZLorg/spongepowered/asm/mixin/injection/callback/CallbackInfo;)V doesn't use it's CallbackInfo
[27Aug2026 01:38:59.731] [Render thread/DEBUG] [mixin/]: Mixing entity_render_context.MixinEnderDragonRenderer from mixins.iris.json into net.minecraft.client.renderer.entity.EnderDragonRenderer
[27Aug2026 01:38:59.731] [Render thread/DEBUG] [mixin/]: mixins.iris.json:entity_render_context.MixinEnderDragonRenderer from mod iris: Class version 65 required is higher than the class version supported by the current version of Mixin (JAVA_8 supports class version 52)
[27Aug2026 01:38:59.732] [Render thread/DEBUG] [mixin/]: mixins.iris.json:entity_render_context.MixinEnderDragonRenderer from mod iris->@Inject::changeId(FFFFILcom/mojang/blaze3d/vertex/PoseStack;Lnet/minecraft/client/renderer/MultiBufferSource;ILorg/spongepowered/asm/mixin/injection/callback/CallbackInfo;)V doesn't use it's CallbackInfo
[27Aug2026 01:38:59.732] [Render thread/DEBUG] [mixin/]: mixins.iris.json:entity_render_context.MixinEnderDragonRenderer from mod iris->@Inject::changeId2(Lorg/spongepowered/asm/mixin/injection/callback/CallbackInfo;)V doesn't use it's CallbackInfo
[27Aug2026 01:38:59.733] [Render thread/DEBUG] [mixin/]: Mixing entity_render_context.MixinEntityRenderer from mixins.iris.json into net.minecraft.client.renderer.entity.EntityRenderer
[27Aug2026 01:38:59.733] [Render thread/DEBUG] [mixin/]: mixins.iris.json:entity_render_context.MixinEntityRenderer from mod iris: Class version 65 required is higher than the class version supported by the current version of Mixin (JAVA_8 supports class version 52)
[27Aug2026 01:38:59.734] [Render thread/DEBUG] [mixin/]: Mixing features.render.entity.cull.EntityRendererMixin from sodium-common.mixins.json into net.minecraft.client.renderer.entity.EntityRenderer
[27Aug2026 01:38:59.735] [Render thread/DEBUG] [mixin/]: mixins.iris.json:entity_render_context.MixinEntityRenderer from mod iris->@Inject::setNameTagId(Lnet/minecraft/world/entity/Entity;Lnet/minecraft/network/chat/Component;Lcom/mojang/blaze3d/vertex/PoseStack;Lnet/minecraft/client/renderer/MultiBufferSource;IFLorg/spongepowered/asm/mixin/injection/callback/CallbackInfo;)V doesn't use it's CallbackInfo
[27Aug2026 01:38:59.736] [Render thread/DEBUG] [mixin/]: mixins.iris.json:entity_render_context.MixinEntityRenderer from mod iris->@Inject::setNameTagId(Lnet/minecraft/world/entity/Entity;Lnet/minecraft/network/chat/Component;Lcom/mojang/blaze3d/vertex/PoseStack;Lnet/minecraft/client/renderer/MultiBufferSource;IFLorg/spongepowered/asm/mixin/injection/callback/CallbackInfo;)V has 0 override(s) in child classes
[27Aug2026 01:38:59.736] [Render thread/DEBUG] [mixin/]: mixins.iris.json:entity_render_context.MixinEntityRenderer from mod iris->@Inject::setNameTagId(Lnet/minecraft/world/entity/Entity;Lnet/minecraft/network/chat/Component;Lcom/mojang/blaze3d/vertex/PoseStack;Lnet/minecraft/client/renderer/MultiBufferSource;IFLorg/spongepowered/asm/mixin/injection/callback/CallbackInfo;)V won't be passed a CallbackInfo as a result
[27Aug2026 01:38:59.736] [Render thread/DEBUG] [mixin/]: mixins.iris.json:entity_render_context.MixinEntityRenderer from mod iris->@Inject::resetId(Lnet/minecraft/world/entity/Entity;Lnet/minecraft/network/chat/Component;Lcom/mojang/blaze3d/vertex/PoseStack;Lnet/minecraft/client/renderer/MultiBufferSource;IFLorg/spongepowered/asm/mixin/injection/callback/CallbackInfo;)V doesn't use it's CallbackInfo
[27Aug2026 01:38:59.736] [Render thread/DEBUG] [mixin/]: mixins.iris.json:entity_render_context.MixinEntityRenderer from mod iris->@Inject::resetId(Lnet/minecraft/world/entity/Entity;Lnet/minecraft/network/chat/Component;Lcom/mojang/blaze3d/vertex/PoseStack;Lnet/minecraft/client/renderer/MultiBufferSource;IFLorg/spongepowered/asm/mixin/injection/callback/CallbackInfo;)V has 0 override(s) in child classes
[27Aug2026 01:38:59.736] [Render thread/DEBUG] [mixin/]: mixins.iris.json:entity_render_context.MixinEntityRenderer from mod iris->@Inject::resetId(Lnet/minecraft/world/entity/Entity;Lnet/minecraft/network/chat/Component;Lcom/mojang/blaze3d/vertex/PoseStack;Lnet/minecraft/client/renderer/MultiBufferSource;IFLorg/spongepowered/asm/mixin/injection/callback/CallbackInfo;)V won't be passed a CallbackInfo as a result
[27Aug2026 01:38:59.754] [Render thread/DEBUG] [mixin/]: Mixing shadows.MixinBeaconRenderer from mixins.iris.json into net.minecraft.client.renderer.blockentity.BeaconRenderer
[27Aug2026 01:38:59.754] [Render thread/DEBUG] [mixin/]: mixins.iris.json:shadows.MixinBeaconRenderer from mod iris: Class version 65 required is higher than the class version supported by the current version of Mixin (JAVA_8 supports class version 52)
[27Aug2026 01:38:59.756] [Render thread/DEBUG] [mixin/]: mixins.iris.json:shadows.MixinBeaconRenderer from mod iris->@Inject::iris$noLightBeamInShadowPass(Lcom/mojang/blaze3d/vertex/PoseStack;Lnet/minecraft/client/renderer/MultiBufferSource;Lnet/minecraft/resources/ResourceLocation;FFJIIIFFLorg/spongepowered/asm/mixin/injection/callback/CallbackInfo;)V does use it's CallbackInfo
[27Aug2026 01:38:59.761] [Render thread/DEBUG] [mixin/]: Mixing features.render.entity.CubeMixin from sodium-common.mixins.json into net.minecraft.client.model.geom.ModelPart$Cube
[27Aug2026 01:38:59.762] [Render thread/DEBUG] [mixin/]: sodium-common.mixins.json:features.render.entity.CubeMixin from mod sodium->@Inject::onCompile(Lcom/mojang/blaze3d/vertex/PoseStack$Pose;Lcom/mojang/blaze3d/vertex/VertexConsumer;IIILorg/spongepowered/asm/mixin/injection/callback/CallbackInfo;)V does use it's CallbackInfo
[27Aug2026 01:38:59.782] [Render thread/DEBUG] [mixin/]: Mixing entity_render_context.MixinHumanoidArmorLayer from mixins.iris.json into net.minecraft.client.renderer.entity.layers.HumanoidArmorLayer
[27Aug2026 01:38:59.782] [Render thread/DEBUG] [mixin/]: mixins.iris.json:entity_render_context.MixinHumanoidArmorLayer from mod iris: Class version 65 required is higher than the class version supported by the current version of Mixin (JAVA_8 supports class version 52)
[27Aug2026 01:38:59.782] [Render thread/DEBUG] [mixin/]: Mixing MixinHumanoidArmorLayer from mixins.iris.forge.json into net.minecraft.client.renderer.entity.layers.HumanoidArmorLayer
[27Aug2026 01:38:59.782] [Render thread/DEBUG] [mixin/]: mixins.iris.forge.json:MixinHumanoidArmorLayer from mod iris: Class version 65 required is higher than the class version supported by the current version of Mixin (JAVA_8 supports class version 52)
[27Aug2026 01:38:59.787] [Render thread/DEBUG] [mixin/]: mixins.iris.json:entity_render_context.MixinHumanoidArmorLayer from mod iris->@Inject::changeTrimTemp(Lnet/minecraft/core/Holder;Lcom/mojang/blaze3d/vertex/PoseStack;Lnet/minecraft/client/renderer/MultiBufferSource;ILnet/minecraft/world/item/armortrim/ArmorTrim;Lnet/minecraft/client/model/HumanoidModel;ZLorg/spongepowered/asm/mixin/injection/callback/CallbackInfo;)V doesn't use it's CallbackInfo
[27Aug2026 01:38:59.787] [Render thread/DEBUG] [mixin/]: mixins.iris.json:entity_render_context.MixinHumanoidArmorLayer from mod iris->@Inject::changeTrimTemp(Lnet/minecraft/core/Holder;Lcom/mojang/blaze3d/vertex/PoseStack;Lnet/minecraft/client/renderer/MultiBufferSource;ILnet/minecraft/world/item/armortrim/ArmorTrim;Lnet/minecraft/client/model/HumanoidModel;ZLorg/spongepowered/asm/mixin/injection/callback/CallbackInfo;)V has 0 override(s) in child classes
[27Aug2026 01:38:59.787] [Render thread/DEBUG] [mixin/]: mixins.iris.json:entity_render_context.MixinHumanoidArmorLayer from mod iris->@Inject::changeTrimTemp(Lnet/minecraft/core/Holder;Lcom/mojang/blaze3d/vertex/PoseStack;Lnet/minecraft/client/renderer/MultiBufferSource;ILnet/minecraft/world/item/armortrim/ArmorTrim;Lnet/minecraft/client/model/HumanoidModel;ZLorg/spongepowered/asm/mixin/injection/callback/CallbackInfo;)V won't be passed a CallbackInfo as a result
[27Aug2026 01:38:59.787] [Render thread/DEBUG] [mixin/]: mixins.iris.json:entity_render_context.MixinHumanoidArmorLayer from mod iris->@Inject::changeTrimTemp2(Lnet/minecraft/core/Holder;Lcom/mojang/blaze3d/vertex/PoseStack;Lnet/minecraft/client/renderer/MultiBufferSource;ILnet/minecraft/world/item/armortrim/ArmorTrim;Lnet/minecraft/client/model/HumanoidModel;ZLorg/spongepowered/asm/mixin/injection/callback/CallbackInfo;)V doesn't use it's CallbackInfo
[27Aug2026 01:38:59.787] [Render thread/DEBUG] [mixin/]: mixins.iris.json:entity_render_context.MixinHumanoidArmorLayer from mod iris->@Inject::changeTrimTemp2(Lnet/minecraft/core/Holder;Lcom/mojang/blaze3d/vertex/PoseStack;Lnet/minecraft/client/renderer/MultiBufferSource;ILnet/minecraft/world/item/armortrim/ArmorTrim;Lnet/minecraft/client/model/HumanoidModel;ZLorg/spongepowered/asm/mixin/injection/callback/CallbackInfo;)V has 0 override(s) in child classes
[27Aug2026 01:38:59.787] [Render thread/DEBUG] [mixin/]: mixins.iris.json:entity_render_context.MixinHumanoidArmorLayer from mod iris->@Inject::changeTrimTemp2(Lnet/minecraft/core/Holder;Lcom/mojang/blaze3d/vertex/PoseStack;Lnet/minecraft/client/renderer/MultiBufferSource;ILnet/minecraft/world/item/armortrim/ArmorTrim;Lnet/minecraft/client/model/HumanoidModel;ZLorg/spongepowered/asm/mixin/injection/callback/CallbackInfo;)V won't be passed a CallbackInfo as a result
[27Aug2026 01:38:59.787] [Render thread/DEBUG] [mixin/]: mixins.iris.json:entity_render_context.MixinHumanoidArmorLayer from mod iris->@Inject::changeId2(Lorg/spongepowered/asm/mixin/injection/callback/CallbackInfo;)V doesn't use it's CallbackInfo
[27Aug2026 01:38:59.787] [Render thread/DEBUG] [mixin/]: mixins.iris.json:entity_render_context.MixinHumanoidArmorLayer from mod iris->@Inject::changeId2(Lorg/spongepowered/asm/mixin/injection/callback/CallbackInfo;)V has 0 override(s) in child classes
[27Aug2026 01:38:59.787] [Render thread/DEBUG] [mixin/]: mixins.iris.json:entity_render_context.MixinHumanoidArmorLayer from mod iris->@Inject::changeId2(Lorg/spongepowered/asm/mixin/injection/callback/CallbackInfo;)V won't be passed a CallbackInfo as a result
[27Aug2026 01:38:59.787] [Render thread/DEBUG] [mixin/]: mixins.iris.forge.json:MixinHumanoidArmorLayer from mod iris->@Inject::changeTrimTempForge(Lnet/minecraft/core/Holder;Lcom/mojang/blaze3d/vertex/PoseStack;Lnet/minecraft/client/renderer/MultiBufferSource;ILnet/minecraft/world/item/armortrim/ArmorTrim;Lnet/minecraft/client/model/Model;ZLorg/spongepowered/asm/mixin/injection/callback/CallbackInfo;)V doesn't use it's CallbackInfo
[27Aug2026 01:38:59.787] [Render thread/DEBUG] [mixin/]: mixins.iris.forge.json:MixinHumanoidArmorLayer from mod iris->@Inject::changeTrimTempForge(Lnet/minecraft/core/Holder;Lcom/mojang/blaze3d/vertex/PoseStack;Lnet/minecraft/client/renderer/MultiBufferSource;ILnet/minecraft/world/item/armortrim/ArmorTrim;Lnet/minecraft/client/model/Model;ZLorg/spongepowered/asm/mixin/injection/callback/CallbackInfo;)V has 0 override(s) in child classes
[27Aug2026 01:38:59.787] [Render thread/DEBUG] [mixin/]: mixins.iris.forge.json:MixinHumanoidArmorLayer from mod iris->@Inject::changeTrimTempForge(Lnet/minecraft/core/Holder;Lcom/mojang/blaze3d/vertex/PoseStack;Lnet/minecraft/client/renderer/MultiBufferSource;ILnet/minecraft/world/item/armortrim/ArmorTrim;Lnet/minecraft/client/model/Model;ZLorg/spongepowered/asm/mixin/injection/callback/CallbackInfo;)V won't be passed a CallbackInfo as a result
[27Aug2026 01:38:59.787] [Render thread/DEBUG] [mixin/]: mixins.iris.forge.json:MixinHumanoidArmorLayer from mod iris->@Inject::changeIdF(Lcom/mojang/blaze3d/vertex/PoseStack;Lnet/minecraft/client/renderer/MultiBufferSource;Lnet/minecraft/world/entity/LivingEntity;Lnet/minecraft/world/entity/EquipmentSlot;ILnet/minecraft/client/model/HumanoidModel;FFFFFFLorg/spongepowered/asm/mixin/injection/callback/CallbackInfo;)V doesn't use it's CallbackInfo
[27Aug2026 01:38:59.787] [Render thread/DEBUG] [mixin/]: mixins.iris.forge.json:MixinHumanoidArmorLayer from mod iris->@Inject::changeIdF(Lcom/mojang/blaze3d/vertex/PoseStack;Lnet/minecraft/client/renderer/MultiBufferSource;Lnet/minecraft/world/entity/LivingEntity;Lnet/minecraft/world/entity/EquipmentSlot;ILnet/minecraft/client/model/HumanoidModel;FFFFFFLorg/spongepowered/asm/mixin/injection/callback/CallbackInfo;)V has 0 override(s) in child classes
[27Aug2026 01:38:59.787] [Render thread/DEBUG] [mixin/]: mixins.iris.forge.json:MixinHumanoidArmorLayer from mod iris->@Inject::changeIdF(Lcom/mojang/blaze3d/vertex/PoseStack;Lnet/minecraft/client/renderer/MultiBufferSource;Lnet/minecraft/world/entity/LivingEntity;Lnet/minecraft/world/entity/EquipmentSlot;ILnet/minecraft/client/model/HumanoidModel;FFFFFFLorg/spongepowered/asm/mixin/injection/callback/CallbackInfo;)V won't be passed a CallbackInfo as a result
[27Aug2026 01:38:59.787] [Render thread/DEBUG] [mixin/]: mixins.iris.forge.json:MixinHumanoidArmorLayer from mod iris->@Inject::changeTrimTemp2Forge(Lnet/minecraft/core/Holder;Lcom/mojang/blaze3d/vertex/PoseStack;Lnet/minecraft/client/renderer/MultiBufferSource;ILnet/minecraft/world/item/armortrim/ArmorTrim;Lnet/minecraft/client/model/Model;ZLorg/spongepowered/asm/mixin/injection/callback/CallbackInfo;)V doesn't use it's CallbackInfo
[27Aug2026 01:38:59.787] [Render thread/DEBUG] [mixin/]: mixins.iris.forge.json:MixinHumanoidArmorLayer from mod iris->@Inject::changeTrimTemp2Forge(Lnet/minecraft/core/Holder;Lcom/mojang/blaze3d/vertex/PoseStack;Lnet/minecraft/client/renderer/MultiBufferSource;ILnet/minecraft/world/item/armortrim/ArmorTrim;Lnet/minecraft/client/model/Model;ZLorg/spongepowered/asm/mixin/injection/callback/CallbackInfo;)V has 0 override(s) in child classes
[27Aug2026 01:38:59.787] [Render thread/DEBUG] [mixin/]: mixins.iris.forge.json:MixinHumanoidArmorLayer from mod iris->@Inject::changeTrimTemp2Forge(Lnet/minecraft/core/Holder;Lcom/mojang/blaze3d/vertex/PoseStack;Lnet/minecraft/client/renderer/MultiBufferSource;ILnet/minecraft/world/item/armortrim/ArmorTrim;Lnet/minecraft/client/model/Model;ZLorg/spongepowered/asm/mixin/injection/callback/CallbackInfo;)V won't be passed a CallbackInfo as a result
[27Aug2026 01:38:59.788] [Render thread/DEBUG] [mixin/]: Mixing entity_render_context.MixinElytraLayer from mixins.iris.json into net.minecraft.client.renderer.entity.layers.ElytraLayer
[27Aug2026 01:38:59.788] [Render thread/DEBUG] [mixin/]: mixins.iris.json:entity_render_context.MixinElytraLayer from mod iris: Class version 65 required is higher than the class version supported by the current version of Mixin (JAVA_8 supports class version 52)
[27Aug2026 01:38:59.791] [Render thread/DEBUG] [mixin/]: mixins.iris.json:entity_render_context.MixinElytraLayer from mod iris->@Inject::changeId(Lcom/mojang/blaze3d/vertex/PoseStack;Lnet/minecraft/client/renderer/MultiBufferSource;ILnet/minecraft/world/entity/LivingEntity;FFFFFFLorg/spongepowered/asm/mixin/injection/callback/CallbackInfo;)V doesn't use it's CallbackInfo
[27Aug2026 01:38:59.791] [Render thread/DEBUG] [mixin/]: mixins.iris.json:entity_render_context.MixinElytraLayer from mod iris->@Inject::changeId(Lcom/mojang/blaze3d/vertex/PoseStack;Lnet/minecraft/client/renderer/MultiBufferSource;ILnet/minecraft/world/entity/LivingEntity;FFFFFFLorg/spongepowered/asm/mixin/injection/callback/CallbackInfo;)V has 0 override(s) in child classes
[27Aug2026 01:38:59.791] [Render thread/DEBUG] [mixin/]: mixins.iris.json:entity_render_context.MixinElytraLayer from mod iris->@Inject::changeId(Lcom/mojang/blaze3d/vertex/PoseStack;Lnet/minecraft/client/renderer/MultiBufferSource;ILnet/minecraft/world/entity/LivingEntity;FFFFFFLorg/spongepowered/asm/mixin/injection/callback/CallbackInfo;)V won't be passed a CallbackInfo as a result
[27Aug2026 01:38:59.791] [Render thread/DEBUG] [mixin/]: mixins.iris.json:entity_render_context.MixinElytraLayer from mod iris->@Inject::changeId2(Lorg/spongepowered/asm/mixin/injection/callback/CallbackInfo;)V doesn't use it's CallbackInfo
[27Aug2026 01:38:59.791] [Render thread/DEBUG] [mixin/]: mixins.iris.json:entity_render_context.MixinElytraLayer from mod iris->@Inject::changeId2(Lorg/spongepowered/asm/mixin/injection/callback/CallbackInfo;)V has 0 override(s) in child classes
[27Aug2026 01:38:59.791] [Render thread/DEBUG] [mixin/]: mixins.iris.json:entity_render_context.MixinElytraLayer from mod iris->@Inject::changeId2(Lorg/spongepowered/asm/mixin/injection/callback/CallbackInfo;)V won't be passed a CallbackInfo as a result
[27Aug2026 01:38:59.803] [Render thread/DEBUG] [mixin/]: Mixing MixinFishingHookRenderer from iris-batched-entity-rendering.mixins.json into net.minecraft.client.renderer.entity.FishingHookRenderer
[27Aug2026 01:38:59.803] [Render thread/DEBUG] [mixin/]: iris-batched-entity-rendering.mixins.json:MixinFishingHookRenderer from mod iris: Class version 65 required is higher than the class version supported by the current version of Mixin (JAVA_8 supports class version 52)
[27Aug2026 01:38:59.804] [Render thread/DEBUG] [mixin/]: iris-batched-entity-rendering.mixins.json:MixinFishingHookRenderer from mod iris->@Inject::capture(Lnet/minecraft/world/entity/projectile/FishingHook;FFLcom/mojang/blaze3d/vertex/PoseStack;Lnet/minecraft/client/renderer/MultiBufferSource;ILorg/spongepowered/asm/mixin/injection/callback/CallbackInfo;)V doesn't use it's CallbackInfo
[27Aug2026 01:38:59.804] [Render thread/DEBUG] [mixin/]: iris-batched-entity-rendering.mixins.json:MixinFishingHookRenderer from mod iris->@Inject::capture(Lnet/minecraft/world/entity/projectile/FishingHook;FFLcom/mojang/blaze3d/vertex/PoseStack;Lnet/minecraft/client/renderer/MultiBufferSource;ILorg/spongepowered/asm/mixin/injection/callback/CallbackInfo;)V has 0 override(s) in child classes
[27Aug2026 01:38:59.804] [Render thread/DEBUG] [mixin/]: iris-batched-entity-rendering.mixins.json:MixinFishingHookRenderer from mod iris->@Inject::capture(Lnet/minecraft/world/entity/projectile/FishingHook;FFLcom/mojang/blaze3d/vertex/PoseStack;Lnet/minecraft/client/renderer/MultiBufferSource;ILorg/spongepowered/asm/mixin/injection/callback/CallbackInfo;)V won't be passed a CallbackInfo as a result
[27Aug2026 01:38:59.808] [Render thread/DEBUG] [mixin/]: Mixing entity_render_context.MixinHorseArmorLayer from mixins.iris.json into net.minecraft.client.renderer.entity.layers.HorseArmorLayer
[27Aug2026 01:38:59.808] [Render thread/DEBUG] [mixin/]: mixins.iris.json:entity_render_context.MixinHorseArmorLayer from mod iris: Class version 65 required is higher than the class version supported by the current version of Mixin (JAVA_8 supports class version 52)
[27Aug2026 01:38:59.812] [Render thread/DEBUG] [mixin/]: mixins.iris.json:entity_render_context.MixinHorseArmorLayer from mod iris->@Inject::changeId(Lcom/mojang/blaze3d/vertex/PoseStack;Lnet/minecraft/client/renderer/MultiBufferSource;ILnet/minecraft/world/entity/animal/horse/Horse;FFFFFFLorg/spongepowered/asm/mixin/injection/callback/CallbackInfo;)V doesn't use it's CallbackInfo
[27Aug2026 01:38:59.812] [Render thread/DEBUG] [mixin/]: mixins.iris.json:entity_render_context.MixinHorseArmorLayer from mod iris->@Inject::changeId(Lcom/mojang/blaze3d/vertex/PoseStack;Lnet/minecraft/client/renderer/MultiBufferSource;ILnet/minecraft/world/entity/animal/horse/Horse;FFFFFFLorg/spongepowered/asm/mixin/injection/callback/CallbackInfo;)V has 0 override(s) in child classes
[27Aug2026 01:38:59.812] [Render thread/DEBUG] [mixin/]: mixins.iris.json:entity_render_context.MixinHorseArmorLayer from mod iris->@Inject::changeId(Lcom/mojang/blaze3d/vertex/PoseStack;Lnet/minecraft/client/renderer/MultiBufferSource;ILnet/minecraft/world/entity/animal/horse/Horse;FFFFFFLorg/spongepowered/asm/mixin/injection/callback/CallbackInfo;)V won't be passed a CallbackInfo as a result
[27Aug2026 01:38:59.812] [Render thread/DEBUG] [mixin/]: mixins.iris.json:entity_render_context.MixinHorseArmorLayer from mod iris->@Inject::changeId2(Lorg/spongepowered/asm/mixin/injection/callback/CallbackInfo;)V doesn't use it's CallbackInfo
[27Aug2026 01:38:59.812] [Render thread/DEBUG] [mixin/]: mixins.iris.json:entity_render_context.MixinHorseArmorLayer from mod iris->@Inject::changeId2(Lorg/spongepowered/asm/mixin/injection/callback/CallbackInfo;)V has 0 override(s) in child classes
[27Aug2026 01:38:59.812] [Render thread/DEBUG] [mixin/]: mixins.iris.json:entity_render_context.MixinHorseArmorLayer from mod iris->@Inject::changeId2(Lorg/spongepowered/asm/mixin/injection/callback/CallbackInfo;)V won't be passed a CallbackInfo as a result
[27Aug2026 01:38:59.815] [Render thread/DEBUG] [mixin/]: Mixing MixinLightningBoltRenderer from mixins.iris.json into net.minecraft.client.renderer.entity.LightningBoltRenderer
[27Aug2026 01:38:59.815] [Render thread/DEBUG] [mixin/]: mixins.iris.json:MixinLightningBoltRenderer from mod iris: Class version 65 required is higher than the class version supported by the current version of Mixin (JAVA_8 supports class version 52)
[27Aug2026 01:38:59.864] [Render thread/DEBUG] [mixin/]: Mixing entity_render_context.MixinCapeLayer from mixins.iris.json into net.minecraft.client.renderer.entity.layers.CapeLayer
[27Aug2026 01:38:59.864] [Render thread/DEBUG] [mixin/]: mixins.iris.json:entity_render_context.MixinCapeLayer from mod iris: Class version 65 required is higher than the class version supported by the current version of Mixin (JAVA_8 supports class version 52)
[27Aug2026 01:38:59.865] [Render thread/DEBUG] [mixin/]: mixins.iris.json:entity_render_context.MixinCapeLayer from mod iris->@Inject::changeId(Lcom/mojang/blaze3d/vertex/PoseStack;Lnet/minecraft/client/renderer/MultiBufferSource;ILnet/minecraft/client/player/AbstractClientPlayer;FFFFFFLorg/spongepowered/asm/mixin/injection/callback/CallbackInfo;)V doesn't use it's CallbackInfo
[27Aug2026 01:38:59.865] [Render thread/DEBUG] [mixin/]: mixins.iris.json:entity_render_context.MixinCapeLayer from mod iris->@Inject::changeId(Lcom/mojang/blaze3d/vertex/PoseStack;Lnet/minecraft/client/renderer/MultiBufferSource;ILnet/minecraft/client/player/AbstractClientPlayer;FFFFFFLorg/spongepowered/asm/mixin/injection/callback/CallbackInfo;)V has 0 override(s) in child classes
[27Aug2026 01:38:59.865] [Render thread/DEBUG] [mixin/]: mixins.iris.json:entity_render_context.MixinCapeLayer from mod iris->@Inject::changeId(Lcom/mojang/blaze3d/vertex/PoseStack;Lnet/minecraft/client/renderer/MultiBufferSource;ILnet/minecraft/client/player/AbstractClientPlayer;FFFFFFLorg/spongepowered/asm/mixin/injection/callback/CallbackInfo;)V won't be passed a CallbackInfo as a result
[27Aug2026 01:38:59.865] [Render thread/DEBUG] [mixin/]: mixins.iris.json:entity_render_context.MixinCapeLayer from mod iris->@Inject::changeId2(Lorg/spongepowered/asm/mixin/injection/callback/CallbackInfo;)V doesn't use it's CallbackInfo
[27Aug2026 01:38:59.865] [Render thread/DEBUG] [mixin/]: mixins.iris.json:entity_render_context.MixinCapeLayer from mod iris->@Inject::changeId2(Lorg/spongepowered/asm/mixin/injection/callback/CallbackInfo;)V has 0 override(s) in child classes
[27Aug2026 01:38:59.865] [Render thread/DEBUG] [mixin/]: mixins.iris.json:entity_render_context.MixinCapeLayer from mod iris->@Inject::changeId2(Lorg/spongepowered/asm/mixin/injection/callback/CallbackInfo;)V won't be passed a CallbackInfo as a result
[27Aug2026 01:38:59.865] [Render thread/DEBUG] [mixin/]: mixins.iris.json:entity_render_context.MixinCapeLayer from mod iris->@Inject::changeId2(Lorg/spongepowered/asm/mixin/injection/callback/CallbackInfo;)V doesn't use it's CallbackInfo
[27Aug2026 01:38:59.865] [Render thread/DEBUG] [mixin/]: mixins.iris.json:entity_render_context.MixinCapeLayer from mod iris->@Inject::changeId2(Lorg/spongepowered/asm/mixin/injection/callback/CallbackInfo;)V has 0 override(s) in child classes
[27Aug2026 01:38:59.865] [Render thread/DEBUG] [mixin/]: mixins.iris.json:entity_render_context.MixinCapeLayer from mod iris->@Inject::changeId2(Lorg/spongepowered/asm/mixin/injection/callback/CallbackInfo;)V won't be passed a CallbackInfo as a result
[27Aug2026 01:38:59.865] [Render thread/DEBUG] [mixin/]: mixins.iris.json:entity_render_context.MixinCapeLayer from mod iris->@Inject::changeId2(Lorg/spongepowered/asm/mixin/injection/callback/CallbackInfo;)V doesn't use it's CallbackInfo
[27Aug2026 01:38:59.865] [Render thread/DEBUG] [mixin/]: mixins.iris.json:entity_render_context.MixinCapeLayer from mod iris->@Inject::changeId2(Lorg/spongepowered/asm/mixin/injection/callback/CallbackInfo;)V has 0 override(s) in child classes
[27Aug2026 01:38:59.865] [Render thread/DEBUG] [mixin/]: mixins.iris.json:entity_render_context.MixinCapeLayer from mod iris->@Inject::changeId2(Lorg/spongepowered/asm/mixin/injection/callback/CallbackInfo;)V won't be passed a CallbackInfo as a result
[27Aug2026 01:38:59.865] [Render thread/DEBUG] [mixin/]: mixins.iris.json:entity_render_context.MixinCapeLayer from mod iris->@Inject::changeId2(Lorg/spongepowered/asm/mixin/injection/callback/CallbackInfo;)V doesn't use it's CallbackInfo
[27Aug2026 01:38:59.865] [Render thread/DEBUG] [mixin/]: mixins.iris.json:entity_render_context.MixinCapeLayer from mod iris->@Inject::changeId2(Lorg/spongepowered/asm/mixin/injection/callback/CallbackInfo;)V has 0 override(s) in child classes
[27Aug2026 01:38:59.865] [Render thread/DEBUG] [mixin/]: mixins.iris.json:entity_render_context.MixinCapeLayer from mod iris->@Inject::changeId2(Lorg/spongepowered/asm/mixin/injection/callback/CallbackInfo;)V won't be passed a CallbackInfo as a result
[27Aug2026 01:38:59.867] [Render thread/INFO] [net.minecraft.client.renderer.texture.TextureAtlas/]: Created: 512x256x0 minecraft:textures/atlas/particles.png-atlas
[27Aug2026 01:38:59.868] [Render thread/INFO] [net.minecraft.client.renderer.texture.TextureAtlas/]: Created: 512x256x0 minecraft:textures/atlas/paintings.png-atlas
[27Aug2026 01:38:59.869] [Render thread/INFO] [net.minecraft.client.renderer.texture.TextureAtlas/]: Created: 256x128x0 minecraft:textures/atlas/mob_effects.png-atlas
[27Aug2026 01:38:59.869] [Render thread/INFO] [net.minecraft.client.renderer.texture.TextureAtlas/]: Created: 64x64x0 minecraft:textures/atlas/map_decorations.png-atlas
[27Aug2026 01:38:59.869] [Render thread/INFO] [net.minecraft.client.renderer.texture.TextureAtlas/]: Created: 1024x512x0 minecraft:textures/atlas/gui.png-atlas
[27Aug2026 01:38:59.887] [Render thread/WARN] [net.minecraft.client.renderer.ShaderInstance/]: Shader rendertype_entity_translucent_emissive could not find sampler named Sampler2 in the specified shader program.
[27Aug2026 01:38:59.914] [Render thread/DEBUG] [mixin/]: Mixing state_tracking.MixinPostChain from mixins.iris.json into net.minecraft.client.renderer.PostChain
[27Aug2026 01:38:59.914] [Render thread/DEBUG] [mixin/]: mixins.iris.json:state_tracking.MixinPostChain from mod iris: Class version 65 required is higher than the class version supported by the current version of Mixin (JAVA_8 supports class version 52)
[27Aug2026 01:38:59.938] [Render thread/INFO] [net.minecraft.client.renderer.texture.TextureAtlas/]: Created: 256x256x0 jei:textures/atlas/gui.png-atlas
[27Aug2026 01:38:59.943] [Render thread/INFO] [net.neoforged.neoforge.client.entity.animation.json.AnimationLoader/]: Loaded 0 entity animations
[27Aug2026 01:38:59.969] [Render thread/DEBUG] [mixin/]: Mixing EnumOptionBuilderImplAccessor from mixins.iris.compat.sodium.json into net.caffeinemc.mods.sodium.client.config.builder.EnumOptionBuilderImpl
[27Aug2026 01:38:59.969] [Render thread/DEBUG] [mixin/]: mixins.iris.compat.sodium.json:EnumOptionBuilderImplAccessor from mod iris: Class version 65 required is higher than the class version supported by the current version of Mixin (JAVA_8 supports class version 52)
[27Aug2026 01:38:59.972] [Render thread/DEBUG] [mixin/]: Mixing IntegerOptionBuilderImplAccessor from mixins.iris.compat.sodium.json into net.caffeinemc.mods.sodium.client.config.builder.IntegerOptionBuilderImpl
[27Aug2026 01:38:59.972] [Render thread/DEBUG] [mixin/]: mixins.iris.compat.sodium.json:IntegerOptionBuilderImplAccessor from mod iris: Class version 65 required is higher than the class version supported by the current version of Mixin (JAVA_8 supports class version 52)
[27Aug2026 01:38:59.987] [Render thread/DEBUG] [mixin/]: Mixing MixinGlRenderDevice from mixins.iris.compat.sodium.json into net.caffeinemc.mods.sodium.client.gl.device.GLRenderDevice$ImmediateDrawCommandList
[27Aug2026 01:38:59.987] [Render thread/DEBUG] [mixin/]: mixins.iris.compat.sodium.json:MixinGlRenderDevice from mod iris: Class version 65 required is higher than the class version supported by the current version of Mixin (JAVA_8 supports class version 52)
[27Aug2026 01:39:00.010] [Render thread/INFO] [Iris/]: Creating pipeline for dimension minecraft:overworld
[27Aug2026 01:39:19.812] [Render thread/DEBUG] [mixin/]: Mixing AccessEditBox from searchables.mixins.json into net.minecraft.client.gui.components.EditBox
[27Aug2026 01:39:19.813] [Render thread/DEBUG] [mixin/]: searchables.mixins.json:AccessEditBox from mod searchables: Class version 65 required is higher than the class version supported by the current version of Mixin (JAVA_18 supports class version 62)
[27Aug2026 01:39:26.724] [Render thread/WARN] [net.neoforged.neoforge.common.CommonHooks/WP]: The following mods have version differences that were not resolved:
nanite_evolution (version 0.2.0 -> 0.3.0)
Things may not work well.
[27Aug2026 01:39:27.740] [Render thread/INFO] [net.minecraft.world.item.crafting.RecipeManager/]: Loaded 1293 recipes
[27Aug2026 01:39:27.891] [Render thread/INFO] [net.minecraft.advancements.AdvancementTree/]: Loaded 1399 advancements
[27Aug2026 01:39:28.188] [Render thread/DEBUG] [mezz.jei.neoforge.startup.StartEventObserver/]: JEI StartEventObserver received class net.neoforged.neoforge.event.TagsUpdatedEvent too early, ignoring
[27Aug2026 01:39:28.213] [Render thread/DEBUG] [net.neoforged.neoforge.common.CommonHooks/WP]: Gathered mod list to write to world save New World
[27Aug2026 01:39:28.250] [Server thread/INFO] [net.minecraft.client.server.IntegratedServer/]: Starting integrated minecraft server version 1.21.1
[27Aug2026 01:39:28.250] [Server thread/INFO] [net.minecraft.server.MinecraftServer/]: Generating keypair
[27Aug2026 01:39:28.298] [Server thread/DEBUG] [net.neoforged.fml.config.ConfigTracker/CONFIG]: Loading configs type SERVER
[27Aug2026 01:39:28.299] [Server thread/DEBUG] [net.neoforged.fml.config.ConfigTracker/CONFIG]: Loaded TOML config file C:\Users\tigan\curseforge\minecraft\Instances\OrderWorld\config\jei-server.toml
[27Aug2026 01:39:28.300] [Server thread/DEBUG] [net.neoforged.fml.config.ConfigTracker/CONFIG]: Watching TOML config file C:\Users\tigan\curseforge\minecraft\Instances\OrderWorld\config\jei-server.toml for changes
[27Aug2026 01:39:28.300] [Server thread/DEBUG] [net.neoforged.neoforge.common.NeoForgeConfig/FORGEMOD]: Loaded NeoForge config file neoforge-server.toml
[27Aug2026 01:39:28.300] [Server thread/DEBUG] [net.neoforged.fml.config.ConfigTracker/CONFIG]: Loaded TOML config file C:\Users\tigan\curseforge\minecraft\Instances\OrderWorld\config\neoforge-server.toml
[27Aug2026 01:39:28.300] [Server thread/DEBUG] [net.neoforged.fml.config.ConfigTracker/CONFIG]: Watching TOML config file C:\Users\tigan\curseforge\minecraft\Instances\OrderWorld\config\neoforge-server.toml for changes
[27Aug2026 01:39:28.452] [Server thread/DEBUG] [mixin/]: Mixing core.world.chunk.SimpleBitStorageMixin from sodium-common.mixins.json into net.minecraft.util.SimpleBitStorage
[27Aug2026 01:39:28.993] [Server thread/INFO] [net.minecraft.server.MinecraftServer/]: Preparing start region for dimension minecraft:overworld
[27Aug2026 01:39:29.063] [Server thread/DEBUG] [mixin/]: Mixing core.world.chunk.PalettedContainerMixin from sodium-common.mixins.json into net.minecraft.world.level.chunk.PalettedContainer
[27Aug2026 01:39:29.109] [Server thread/DEBUG] [mixin/]: Mixing core.world.chunk.ZeroBitStorageMixin from sodium-common.mixins.json into net.minecraft.util.ZeroBitStorage
[27Aug2026 01:39:29.318] [Render thread/INFO] [net.minecraft.server.level.progress.LoggerChunkProgressListener/]: Preparing spawn area: 0%
[27Aug2026 01:39:29.402] [Server thread/INFO] [net.neoforged.neoforge.server.permission.PermissionAPI/]: Successfully initialized permission handler neoforge:default_handler
[27Aug2026 01:39:29.413] [Render thread/INFO] [net.minecraft.server.level.progress.LoggerChunkProgressListener/]: Time elapsed: 405 ms
[27Aug2026 01:39:29.509] [Server thread/INFO] [net.minecraft.client.server.IntegratedServer/]: Changing view distance to 12, from 10
[27Aug2026 01:39:29.509] [Server thread/INFO] [net.minecraft.client.server.IntegratedServer/]: Changing simulation distance to 12, from 0
[27Aug2026 01:39:29.542] [Render thread/DEBUG] [io.netty.channel.MultithreadEventLoopGroup/]: -Dio.netty.eventLoopThreads: 32
[27Aug2026 01:39:29.567] [Render thread/DEBUG] [io.netty.util.concurrent.GlobalEventExecutor/]: -Dio.netty.globalEventExecutor.quietPeriodSeconds: 1
[27Aug2026 01:39:29.590] [Render thread/DEBUG] [io.netty.channel.nio.NioEventLoop/]: -Dio.netty.noKeySetOptimization: false
[27Aug2026 01:39:29.590] [Render thread/DEBUG] [io.netty.channel.nio.NioEventLoop/]: -Dio.netty.selectorAutoRebuildThreshold: 512
[27Aug2026 01:39:29.595] [Render thread/DEBUG] [io.netty.util.internal.PlatformDependent/]: org.jctools-core.MpscChunkedArrayQueue: available
[27Aug2026 01:39:29.660] [Render thread/DEBUG] [io.netty.channel.DefaultChannelId/]: -Dio.netty.processId: 10252 (auto-detected)
[27Aug2026 01:39:29.667] [Render thread/DEBUG] [io.netty.util.NetUtil/]: -Djava.net.preferIPv4Stack: false
[27Aug2026 01:39:29.667] [Render thread/DEBUG] [io.netty.util.NetUtil/]: -Djava.net.preferIPv6Addresses: system
[27Aug2026 01:39:29.671] [Render thread/DEBUG] [io.netty.util.NetUtilInitializations/]: Loopback interface: loopback_0 (Software Loopback Interface 1, 0:0:0:0:0:0:0:1)
[27Aug2026 01:39:29.674] [Render thread/DEBUG] [io.netty.util.NetUtil/]: Failed to get SOMAXCONN from sysctl and file \proc\sys\net\core\somaxconn. Default: 200
[27Aug2026 01:39:29.675] [Render thread/DEBUG] [io.netty.channel.DefaultChannelId/]: -Dio.netty.machineId: d8:43:ae:ff:fe:22:1f:76 (auto-detected)
[27Aug2026 01:39:29.781] [Render thread/DEBUG] [io.netty.util.Recycler/]: -Dio.netty.recycler.maxCapacityPerThread: 4096
[27Aug2026 01:39:29.781] [Render thread/DEBUG] [io.netty.util.Recycler/]: -Dio.netty.recycler.ratio: 8
[27Aug2026 01:39:29.781] [Render thread/DEBUG] [io.netty.util.Recycler/]: -Dio.netty.recycler.chunkSize: 32
[27Aug2026 01:39:29.781] [Render thread/DEBUG] [io.netty.util.Recycler/]: -Dio.netty.recycler.blocking: false
[27Aug2026 01:39:29.781] [Render thread/DEBUG] [io.netty.util.Recycler/]: -Dio.netty.recycler.batchFastThreadLocalOnly: true
[27Aug2026 01:39:29.873] [Netty Server IO #1/DEBUG] [net.neoforged.neoforge.network.filters.NetworkFilters/]: Injected net.neoforged.neoforge.network.filters.GenericPacketSplitter@6e998f1c into net.minecraft.network.Connection@6194ef54
[27Aug2026 01:39:29.878] [Netty Local Client IO #0/DEBUG] [net.neoforged.neoforge.network.filters.NetworkFilters/]: Injected net.neoforged.neoforge.network.filters.GenericPacketSplitter@5b7bf245 into net.minecraft.network.Connection@291e6985
[27Aug2026 01:39:29.985] [Render thread/DEBUG] [mezz.jei.neoforge.startup.StartEventObserver/]: JEI StartEventObserver received event: class net.neoforged.neoforge.event.TagsUpdatedEvent
[27Aug2026 01:39:30.051] [Render thread/DEBUG] [mixin/]: Mixing MixinClientPacketListener from mixins.iris.json into net.minecraft.client.multiplayer.ClientPacketListener
[27Aug2026 01:39:30.052] [Render thread/DEBUG] [mixin/]: mixins.iris.json:MixinClientPacketListener from mod iris: Class version 65 required is higher than the class version supported by the current version of Mixin (JAVA_8 supports class version 52)
[27Aug2026 01:39:30.052] [Render thread/DEBUG] [mixin/]: Renaming synthetic method lambda$iris$showUpdateMessage$2(Ljava/lang/Exception;)V to mda2c3ce$iris$lambda$iris$showUpdateMessage$2$0 in mixins.iris.json:MixinClientPacketListener from mod iris
[27Aug2026 01:39:30.052] [Render thread/DEBUG] [mixin/]: Renaming synthetic method lambda$iris$showUpdateMessage$1(Ljava/lang/Exception;Lnet/minecraft/network/chat/Style;)Lnet/minecraft/network/chat/Style; to mda2c3ce$iris$lambda$iris$showUpdateMessage$1$1 in mixins.iris.json:MixinClientPacketListener from mod iris
[27Aug2026 01:39:30.052] [Render thread/DEBUG] [mixin/]: Renaming synthetic method lambda$iris$showUpdateMessage$0(Lnet/minecraft/network/chat/Component;)V to mda2c3ce$iris$lambda$iris$showUpdateMessage$0$2 in mixins.iris.json:MixinClientPacketListener from mod iris
[27Aug2026 01:39:30.053] [Render thread/DEBUG] [mixin/]: Mixing core.world.map.ClientPacketListenerMixin from sodium-common.mixins.json into net.minecraft.client.multiplayer.ClientPacketListener
[27Aug2026 01:39:30.056] [Render thread/DEBUG] [mixin/]: mixins.iris.json:MixinClientPacketListener from mod iris->@Inject::iris$showUpdateMessage(Lnet/minecraft/network/protocol/game/ClientboundLoginPacket;Lorg/spongepowered/asm/mixin/injection/callback/CallbackInfo;)V doesn't use it's CallbackInfo
[27Aug2026 01:39:30.056] [Render thread/DEBUG] [mixin/]: mixins.iris.json:MixinClientPacketListener from mod iris->@Inject::iris$showUpdateMessage(Lnet/minecraft/network/protocol/game/ClientboundLoginPacket;Lorg/spongepowered/asm/mixin/injection/callback/CallbackInfo;)V has 0 override(s) in child classes
[27Aug2026 01:39:30.056] [Render thread/DEBUG] [mixin/]: mixins.iris.json:MixinClientPacketListener from mod iris->@Inject::iris$showUpdateMessage(Lnet/minecraft/network/protocol/game/ClientboundLoginPacket;Lorg/spongepowered/asm/mixin/injection/callback/CallbackInfo;)V won't be passed a CallbackInfo as a result
[27Aug2026 01:39:30.056] [Render thread/DEBUG] [mixin/]: sodium-common.mixins.json:core.world.map.ClientPacketListenerMixin from mod sodium->@Inject::onLightDataReceived(IILnet/minecraft/network/protocol/game/ClientboundLightUpdatePacketData;Lorg/spongepowered/asm/mixin/injection/callback/CallbackInfo;)V doesn't use it's CallbackInfo
[27Aug2026 01:39:30.056] [Render thread/DEBUG] [mixin/]: sodium-common.mixins.json:core.world.map.ClientPacketListenerMixin from mod sodium->@Inject::onLightDataReceived(IILnet/minecraft/network/protocol/game/ClientboundLightUpdatePacketData;Lorg/spongepowered/asm/mixin/injection/callback/CallbackInfo;)V has 0 override(s) in child classes
[27Aug2026 01:39:30.056] [Render thread/DEBUG] [mixin/]: sodium-common.mixins.json:core.world.map.ClientPacketListenerMixin from mod sodium->@Inject::onLightDataReceived(IILnet/minecraft/network/protocol/game/ClientboundLightUpdatePacketData;Lorg/spongepowered/asm/mixin/injection/callback/CallbackInfo;)V won't be passed a CallbackInfo as a result
[27Aug2026 01:39:30.056] [Render thread/DEBUG] [mixin/]: sodium-common.mixins.json:core.world.map.ClientPacketListenerMixin from mod sodium->@Inject::onChunkUnloadPacket(Lnet/minecraft/network/protocol/game/ClientboundForgetLevelChunkPacket;Lorg/spongepowered/asm/mixin/injection/callback/CallbackInfo;)V doesn't use it's CallbackInfo
[27Aug2026 01:39:30.056] [Render thread/DEBUG] [mixin/]: sodium-common.mixins.json:core.world.map.ClientPacketListenerMixin from mod sodium->@Inject::onChunkUnloadPacket(Lnet/minecraft/network/protocol/game/ClientboundForgetLevelChunkPacket;Lorg/spongepowered/asm/mixin/injection/callback/CallbackInfo;)V has 0 override(s) in child classes
[27Aug2026 01:39:30.056] [Render thread/DEBUG] [mixin/]: sodium-common.mixins.json:core.world.map.ClientPacketListenerMixin from mod sodium->@Inject::onChunkUnloadPacket(Lnet/minecraft/network/protocol/game/ClientboundForgetLevelChunkPacket;Lorg/spongepowered/asm/mixin/injection/callback/CallbackInfo;)V won't be passed a CallbackInfo as a result
[27Aug2026 01:39:30.073] [Netty Server IO #1/DEBUG] [net.neoforged.neoforge.network.filters.NetworkFilters/]: Injected net.neoforged.neoforge.network.filters.GenericPacketSplitter@33d49c8a into net.minecraft.network.Connection@6194ef54
[27Aug2026 01:39:30.112] [Server thread/INFO] [net.minecraft.server.players.PlayerList/]: mrKahi[local:E:1bf83d4e] logged in with entity id 15 at (9.5, 65.0, 5.5)
[27Aug2026 01:39:30.131] [Render thread/DEBUG] [mixin/]: Mixing sky.MixinClientLevelData_DisableVoidPlane from mixins.iris.json into net.minecraft.client.multiplayer.ClientLevel$ClientLevelData
[27Aug2026 01:39:30.131] [Render thread/DEBUG] [mixin/]: mixins.iris.json:sky.MixinClientLevelData_DisableVoidPlane from mod iris: Class version 65 required is higher than the class version supported by the current version of Mixin (JAVA_8 supports class version 52)
[27Aug2026 01:39:30.132] [Render thread/DEBUG] [mixin/]: mixins.iris.json:sky.MixinClientLevelData_DisableVoidPlane from mod iris->@Inject::iris$getHorizonHeight(Lorg/spongepowered/asm/mixin/injection/callback/CallbackInfoReturnable;)V does use it's CallbackInfoReturnable
[27Aug2026 01:39:30.136] [Render thread/DEBUG] [mixin/]: Mixing core.world.map.ClientChunkCacheMixin from sodium-common.mixins.json into net.minecraft.client.multiplayer.ClientChunkCache
[27Aug2026 01:39:30.138] [Render thread/DEBUG] [mixin/]: sodium-common.mixins.json:core.world.map.ClientChunkCacheMixin from mod sodium->@Inject::onChunkUnloaded(Lnet/minecraft/world/level/ChunkPos;Lorg/spongepowered/asm/mixin/injection/callback/CallbackInfo;)V doesn't use it's CallbackInfo
[27Aug2026 01:39:30.138] [Render thread/DEBUG] [mixin/]: sodium-common.mixins.json:core.world.map.ClientChunkCacheMixin from mod sodium->@Inject::onChunkUnloaded(Lnet/minecraft/world/level/ChunkPos;Lorg/spongepowered/asm/mixin/injection/callback/CallbackInfo;)V has 0 override(s) in child classes
[27Aug2026 01:39:30.138] [Render thread/DEBUG] [mixin/]: sodium-common.mixins.json:core.world.map.ClientChunkCacheMixin from mod sodium->@Inject::onChunkUnloaded(Lnet/minecraft/world/level/ChunkPos;Lorg/spongepowered/asm/mixin/injection/callback/CallbackInfo;)V won't be passed a CallbackInfo as a result
[27Aug2026 01:39:30.138] [Render thread/DEBUG] [mixin/]: sodium-common.mixins.json:core.world.map.ClientChunkCacheMixin from mod sodium->@Inject::onChunkLoaded(IILnet/minecraft/network/FriendlyByteBuf;Lnet/minecraft/nbt/CompoundTag;Ljava/util/function/Consumer;Lorg/spongepowered/asm/mixin/injection/callback/CallbackInfoReturnable;)V doesn't use it's CallbackInfoReturnable
[27Aug2026 01:39:30.138] [Render thread/DEBUG] [mixin/]: sodium-common.mixins.json:core.world.map.ClientChunkCacheMixin from mod sodium->@Inject::onChunkLoaded(IILnet/minecraft/network/FriendlyByteBuf;Lnet/minecraft/nbt/CompoundTag;Ljava/util/function/Consumer;Lorg/spongepowered/asm/mixin/injection/callback/CallbackInfoReturnable;)V has 0 override(s) in child classes
[27Aug2026 01:39:30.138] [Render thread/DEBUG] [mixin/]: sodium-common.mixins.json:core.world.map.ClientChunkCacheMixin from mod sodium->@Inject::onChunkLoaded(IILnet/minecraft/network/FriendlyByteBuf;Lnet/minecraft/nbt/CompoundTag;Ljava/util/function/Consumer;Lorg/spongepowered/asm/mixin/injection/callback/CallbackInfoReturnable;)V won't be passed a CallbackInfoReturnable as a result
[27Aug2026 01:39:30.179] [Render thread/INFO] [Iris/]: Reloading pipeline on dimension change: minecraft:overworld => minecraft:overworld
[27Aug2026 01:39:30.180] [Render thread/INFO] [Iris/]: Destroying pipeline minecraft:overworld
[27Aug2026 01:39:30.180] [Render thread/INFO] [Iris/]: Creating pipeline for dimension minecraft:overworld
[27Aug2026 01:39:30.187] [Server thread/INFO] [net.minecraft.server.MinecraftServer/]: mrKahi joined the game
[27Aug2026 01:39:30.191] [Render thread/DEBUG] [mixin/]: Mixing MixinItemBlockRenderTypes from mixins.iris.json into net.minecraft.client.renderer.ItemBlockRenderTypes
[27Aug2026 01:39:30.191] [Render thread/DEBUG] [mixin/]: mixins.iris.json:MixinItemBlockRenderTypes from mod iris: Class version 65 required is higher than the class version supported by the current version of Mixin (JAVA_8 supports class version 52)
[27Aug2026 01:39:30.192] [Render thread/DEBUG] [mixin/]: Mixing MixinItemBlockRenderTypes from mixins.iris.forge.json into net.minecraft.client.renderer.ItemBlockRenderTypes
[27Aug2026 01:39:30.192] [Render thread/DEBUG] [mixin/]: mixins.iris.forge.json:MixinItemBlockRenderTypes from mod iris: Class version 65 required is higher than the class version supported by the current version of Mixin (JAVA_8 supports class version 52)
[27Aug2026 01:39:30.192] [Render thread/DEBUG] [mixin/]: Mixing features.options.render_layers.ItemBlockRenderTypesMixin from sodium-common.mixins.json into net.minecraft.client.renderer.ItemBlockRenderTypes
[27Aug2026 01:39:30.193] [Render thread/DEBUG] [mixin/]: Mixing features.render.model.ItemBlockRenderTypesMixin from sodium-common.mixins.json into net.minecraft.client.renderer.ItemBlockRenderTypes
[27Aug2026 01:39:30.195] [Render thread/DEBUG] [mixin/]: mixins.iris.json:MixinItemBlockRenderTypes from mod iris->@Inject::iris$setCustomRenderType(Lnet/minecraft/world/level/block/state/BlockState;Lorg/spongepowered/asm/mixin/injection/callback/CallbackInfoReturnable;)V does use it's CallbackInfoReturnable
[27Aug2026 01:39:30.196] [Render thread/DEBUG] [mixin/]: mixins.iris.forge.json:MixinItemBlockRenderTypes from mod iris->@Inject::iris$setCustomRenderType(Lnet/minecraft/world/level/block/state/BlockState;Lorg/spongepowered/asm/mixin/injection/callback/CallbackInfoReturnable;)V does use it's CallbackInfoReturnable
[27Aug2026 01:39:30.196] [Render thread/DEBUG] [mixin/]: sodium-common.mixins.json:features.options.render_layers.ItemBlockRenderTypesMixin from mod sodium->@Inject::onSetFancyGraphicsOrBetter(ZLorg/spongepowered/asm/mixin/injection/callback/CallbackInfo;)V doesn't use it's CallbackInfo
[27Aug2026 01:39:30.203] [Render thread/DEBUG] [mixin/]: Mixing platform.neoforge.ChunkRenderTypeSetAccessor from sodium-neoforge.mixins.json into net.neoforged.neoforge.client.ChunkRenderTypeSet
[27Aug2026 01:39:30.203] [Render thread/DEBUG] [mixin/]: Renaming @Invoker method create(Ljava/util/BitSet;)Lnet/neoforged/neoforge/client/ChunkRenderTypeSet; to create$sodium_$md$a2c3ce$0 in sodium-neoforge.mixins.json:platform.neoforge.ChunkRenderTypeSetAccessor from mod sodium
[27Aug2026 01:39:30.223] [Render thread/DEBUG] [mixin/]: Mixing block_rendering.MixinChunkRebuildTask from mixins.iris.vertexformat.json into net.minecraft.client.renderer.chunk.SectionRenderDispatcher$RenderSection$RebuildTask
[27Aug2026 01:39:30.223] [Render thread/DEBUG] [mixin/]: mixins.iris.vertexformat.json:block_rendering.MixinChunkRebuildTask from mod iris: Class version 65 required is higher than the class version supported by the current version of Mixin (JAVA_8 supports class version 52)
[27Aug2026 01:39:30.239] [Render thread/DEBUG] [mixin/]: Mixing MixinRenderSectionManager from mixins.iris.compat.sodium.json into net.caffeinemc.mods.sodium.client.render.chunk.RenderSectionManager
[27Aug2026 01:39:30.239] [Render thread/DEBUG] [mixin/]: mixins.iris.compat.sodium.json:MixinRenderSectionManager from mod iris: Class version 65 required is higher than the class version supported by the current version of Mixin (JAVA_8 supports class version 52)
[27Aug2026 01:39:30.239] [Render thread/DEBUG] [mixin/]: Mixing MixinRenderSectionManagerShadow from mixins.iris.compat.sodium.json into net.caffeinemc.mods.sodium.client.render.chunk.RenderSectionManager
[27Aug2026 01:39:30.240] [Render thread/DEBUG] [mixin/]: mixins.iris.compat.sodium.json:MixinRenderSectionManagerShadow from mod iris: Class version 65 required is higher than the class version supported by the current version of Mixin (JAVA_8 supports class version 52)
[27Aug2026 01:39:30.247] [Render thread/DEBUG] [mixin/]: mixins.iris.compat.sodium.json:MixinRenderSectionManagerShadow from mod iris->@Inject::notifyChangedCamera(Lorg/spongepowered/asm/mixin/injection/callback/CallbackInfoReturnable;)V doesn't use it's CallbackInfoReturnable
[27Aug2026 01:39:30.247] [Render thread/DEBUG] [mixin/]: mixins.iris.compat.sodium.json:MixinRenderSectionManagerShadow from mod iris->@Inject::notifyChangedCamera(Lorg/spongepowered/asm/mixin/injection/callback/CallbackInfoReturnable;)V has 0 override(s) in child classes
[27Aug2026 01:39:30.247] [Render thread/DEBUG] [mixin/]: mixins.iris.compat.sodium.json:MixinRenderSectionManagerShadow from mod iris->@Inject::notifyChangedCamera(Lorg/spongepowered/asm/mixin/injection/callback/CallbackInfoReturnable;)V won't be passed a CallbackInfoReturnable as a result
[27Aug2026 01:39:30.247] [Render thread/DEBUG] [mixin/]: mixins.iris.compat.sodium.json:MixinRenderSectionManagerShadow from mod iris->@Inject::create(Lnet/minecraft/client/multiplayer/ClientLevel;ILnet/caffeinemc/mods/sodium/client/render/chunk/translucent_sorting/SortBehavior;Lnet/caffeinemc/mods/sodium/client/gl/device/CommandList;Lorg/spongepowered/asm/mixin/injection/callback/CallbackInfo;)V doesn't use it's CallbackInfo
[27Aug2026 01:39:30.247] [Render thread/DEBUG] [mixin/]: mixins.iris.compat.sodium.json:MixinRenderSectionManagerShadow from mod iris->@Inject::create(Lnet/minecraft/client/multiplayer/ClientLevel;ILnet/caffeinemc/mods/sodium/client/render/chunk/translucent_sorting/SortBehavior;Lnet/caffeinemc/mods/sodium/client/gl/device/CommandList;Lorg/spongepowered/asm/mixin/injection/callback/CallbackInfo;)V has 0 override(s) in child classes
[27Aug2026 01:39:30.247] [Render thread/DEBUG] [mixin/]: mixins.iris.compat.sodium.json:MixinRenderSectionManagerShadow from mod iris->@Inject::create(Lnet/minecraft/client/multiplayer/ClientLevel;ILnet/caffeinemc/mods/sodium/client/render/chunk/translucent_sorting/SortBehavior;Lnet/caffeinemc/mods/sodium/client/gl/device/CommandList;Lorg/spongepowered/asm/mixin/injection/callback/CallbackInfo;)V won't be passed a CallbackInfo as a result
[27Aug2026 01:39:30.247] [Render thread/DEBUG] [mixin/]: mixins.iris.compat.sodium.json:MixinRenderSectionManagerShadow from mod iris->@Inject::updateSectionInfo(Lnet/caffeinemc/mods/sodium/client/render/chunk/RenderSection;Lnet/caffeinemc/mods/sodium/client/render/chunk/data/BuiltSectionInfo;Lorg/spongepowered/asm/mixin/injection/callback/CallbackInfoReturnable;)V doesn't use it's CallbackInfoReturnable
[27Aug2026 01:39:30.247] [Render thread/DEBUG] [mixin/]: mixins.iris.compat.sodium.json:MixinRenderSectionManagerShadow from mod iris->@Inject::updateSectionInfo(Lnet/caffeinemc/mods/sodium/client/render/chunk/RenderSection;Lnet/caffeinemc/mods/sodium/client/render/chunk/data/BuiltSectionInfo;Lorg/spongepowered/asm/mixin/injection/callback/CallbackInfoReturnable;)V has 0 override(s) in child classes
[27Aug2026 01:39:30.247] [Render thread/DEBUG] [mixin/]: mixins.iris.compat.sodium.json:MixinRenderSectionManagerShadow from mod iris->@Inject::updateSectionInfo(Lnet/caffeinemc/mods/sodium/client/render/chunk/RenderSection;Lnet/caffeinemc/mods/sodium/client/render/chunk/data/BuiltSectionInfo;Lorg/spongepowered/asm/mixin/injection/callback/CallbackInfoReturnable;)V won't be passed a CallbackInfoReturnable as a result
[27Aug2026 01:39:30.247] [Render thread/DEBUG] [mixin/]: mixins.iris.compat.sodium.json:MixinRenderSectionManagerShadow from mod iris->@Inject::onSectionRemoved(IIILorg/spongepowered/asm/mixin/injection/callback/CallbackInfo;)V doesn't use it's CallbackInfo
[27Aug2026 01:39:30.247] [Render thread/DEBUG] [mixin/]: mixins.iris.compat.sodium.json:MixinRenderSectionManagerShadow from mod iris->@Inject::onSectionRemoved(IIILorg/spongepowered/asm/mixin/injection/callback/CallbackInfo;)V has 0 override(s) in child classes
[27Aug2026 01:39:30.247] [Render thread/DEBUG] [mixin/]: mixins.iris.compat.sodium.json:MixinRenderSectionManagerShadow from mod iris->@Inject::onSectionRemoved(IIILorg/spongepowered/asm/mixin/injection/callback/CallbackInfo;)V won't be passed a CallbackInfo as a result
[27Aug2026 01:39:30.247] [Render thread/DEBUG] [mixin/]: mixins.iris.compat.sodium.json:MixinRenderSectionManagerShadow from mod iris->@Inject::doNotUpdateDuringShadow(ZLorg/spongepowered/asm/mixin/injection/callback/CallbackInfo;)V does use it's CallbackInfo
[27Aug2026 01:39:30.247] [Render thread/DEBUG] [mixin/]: mixins.iris.compat.sodium.json:MixinRenderSectionManagerShadow from mod iris->@Inject::doNotUploadDuringShadow(Lorg/spongepowered/asm/mixin/injection/callback/CallbackInfo;)V does use it's CallbackInfo
[27Aug2026 01:39:30.251] [Render thread/DEBUG] [mixin/]: Mixing MixinChunkMeshBuildTask from mixins.iris.compat.sodium.json into net.caffeinemc.mods.sodium.client.render.chunk.compile.tasks.ChunkBuilderMeshingTask
[27Aug2026 01:39:30.251] [Render thread/DEBUG] [mixin/]: mixins.iris.compat.sodium.json:MixinChunkMeshBuildTask from mod iris: Class version 65 required is higher than the class version supported by the current version of Mixin (JAVA_8 supports class version 52)
[27Aug2026 01:39:30.256] [Render thread/DEBUG] [mixin/]: mixins.iris.compat.sodium.json:MixinChunkMeshBuildTask from mod iris->@Inject::iris$setLightBlock(Lnet/caffeinemc/mods/sodium/client/render/chunk/compile/ChunkBuildContext;Lnet/caffeinemc/mods/sodium/client/util/task/CancellationToken;Lorg/spongepowered/asm/mixin/injection/callback/CallbackInfoReturnable;)V doesn't use it's CallbackInfoReturnable
[27Aug2026 01:39:30.256] [Render thread/DEBUG] [mixin/]: mixins.iris.compat.sodium.json:MixinChunkMeshBuildTask from mod iris->@Inject::iris$setLightBlock(Lnet/caffeinemc/mods/sodium/client/render/chunk/compile/ChunkBuildContext;Lnet/caffeinemc/mods/sodium/client/util/task/CancellationToken;Lorg/spongepowered/asm/mixin/injection/callback/CallbackInfoReturnable;)V has 0 override(s) in child classes
[27Aug2026 01:39:30.256] [Render thread/DEBUG] [mixin/]: mixins.iris.compat.sodium.json:MixinChunkMeshBuildTask from mod iris->@Inject::iris$setLightBlock(Lnet/caffeinemc/mods/sodium/client/render/chunk/compile/ChunkBuildContext;Lnet/caffeinemc/mods/sodium/client/util/task/CancellationToken;Lorg/spongepowered/asm/mixin/injection/callback/CallbackInfoReturnable;)V won't be passed a CallbackInfoReturnable as a result
[27Aug2026 01:39:30.257] [Render thread/DEBUG] [mixin/]: mixins.iris.compat.sodium.json:MixinChunkMeshBuildTask from mod iris->@Inject::iris$onRenderModel(Lnet/caffeinemc/mods/sodium/client/render/chunk/compile/ChunkBuildContext;Lnet/caffeinemc/mods/sodium/client/util/task/CancellationToken;Lorg/spongepowered/asm/mixin/injection/callback/CallbackInfoReturnable;)V doesn't use it's CallbackInfoReturnable
[27Aug2026 01:39:30.257] [Render thread/DEBUG] [mixin/]: mixins.iris.compat.sodium.json:MixinChunkMeshBuildTask from mod iris->@Inject::iris$onRenderModel(Lnet/caffeinemc/mods/sodium/client/render/chunk/compile/ChunkBuildContext;Lnet/caffeinemc/mods/sodium/client/util/task/CancellationToken;Lorg/spongepowered/asm/mixin/injection/callback/CallbackInfoReturnable;)V has 0 override(s) in child classes
[27Aug2026 01:39:30.257] [Render thread/DEBUG] [mixin/]: mixins.iris.compat.sodium.json:MixinChunkMeshBuildTask from mod iris->@Inject::iris$onRenderModel(Lnet/caffeinemc/mods/sodium/client/render/chunk/compile/ChunkBuildContext;Lnet/caffeinemc/mods/sodium/client/util/task/CancellationToken;Lorg/spongepowered/asm/mixin/injection/callback/CallbackInfoReturnable;)V won't be passed a CallbackInfoReturnable as a result
[27Aug2026 01:39:30.257] [Render thread/DEBUG] [mixin/]: mixins.iris.compat.sodium.json:MixinChunkMeshBuildTask from mod iris->@Inject::iris$onRenderLiquid(Lnet/caffeinemc/mods/sodium/client/render/chunk/compile/ChunkBuildContext;Lnet/caffeinemc/mods/sodium/client/util/task/CancellationToken;Lorg/spongepowered/asm/mixin/injection/callback/CallbackInfoReturnable;)V doesn't use it's CallbackInfoReturnable
[27Aug2026 01:39:30.257] [Render thread/DEBUG] [mixin/]: mixins.iris.compat.sodium.json:MixinChunkMeshBuildTask from mod iris->@Inject::iris$onRenderLiquid(Lnet/caffeinemc/mods/sodium/client/render/chunk/compile/ChunkBuildContext;Lnet/caffeinemc/mods/sodium/client/util/task/CancellationToken;Lorg/spongepowered/asm/mixin/injection/callback/CallbackInfoReturnable;)V has 0 override(s) in child classes
[27Aug2026 01:39:30.257] [Render thread/DEBUG] [mixin/]: mixins.iris.compat.sodium.json:MixinChunkMeshBuildTask from mod iris->@Inject::iris$onRenderLiquid(Lnet/caffeinemc/mods/sodium/client/render/chunk/compile/ChunkBuildContext;Lnet/caffeinemc/mods/sodium/client/util/task/CancellationToken;Lorg/spongepowered/asm/mixin/injection/callback/CallbackInfoReturnable;)V won't be passed a CallbackInfoReturnable as a result
[27Aug2026 01:39:30.257] [Render thread/DEBUG] [mixin/]: mixins.iris.compat.sodium.json:MixinChunkMeshBuildTask from mod iris->@Inject::iris$onEnd(Lnet/caffeinemc/mods/sodium/client/render/chunk/compile/ChunkBuildContext;Lnet/caffeinemc/mods/sodium/client/util/task/CancellationToken;Lorg/spongepowered/asm/mixin/injection/callback/CallbackInfoReturnable;)V doesn't use it's CallbackInfoReturnable
[27Aug2026 01:39:30.257] [Render thread/DEBUG] [mixin/]: mixins.iris.compat.sodium.json:MixinChunkMeshBuildTask from mod iris->@Inject::iris$onEnd(Lnet/caffeinemc/mods/sodium/client/render/chunk/compile/ChunkBuildContext;Lnet/caffeinemc/mods/sodium/client/util/task/CancellationToken;Lorg/spongepowered/asm/mixin/injection/callback/CallbackInfoReturnable;)V has 0 override(s) in child classes
[27Aug2026 01:39:30.257] [Render thread/DEBUG] [mixin/]: mixins.iris.compat.sodium.json:MixinChunkMeshBuildTask from mod iris->@Inject::iris$onEnd(Lnet/caffeinemc/mods/sodium/client/render/chunk/compile/ChunkBuildContext;Lnet/caffeinemc/mods/sodium/client/util/task/CancellationToken;Lorg/spongepowered/asm/mixin/injection/callback/CallbackInfoReturnable;)V won't be passed a CallbackInfoReturnable as a result
[27Aug2026 01:39:30.274] [Render thread/DEBUG] [mixin/]: Mixing MixinRenderRegion from mixins.iris.compat.sodium.json into net.caffeinemc.mods.sodium.client.render.chunk.region.RenderRegion
[27Aug2026 01:39:30.274] [Render thread/DEBUG] [mixin/]: mixins.iris.compat.sodium.json:MixinRenderRegion from mod iris: Class version 65 required is higher than the class version supported by the current version of Mixin (JAVA_8 supports class version 52)
[27Aug2026 01:39:30.278] [Render thread/DEBUG] [mixin/]: mixins.iris.compat.sodium.json:MixinRenderRegion from mod iris->@Inject::iris$clearBatchFor(Lorg/spongepowered/asm/mixin/injection/callback/CallbackInfo;)V doesn't use it's CallbackInfo
[27Aug2026 01:39:30.278] [Render thread/DEBUG] [mixin/]: mixins.iris.compat.sodium.json:MixinRenderRegion from mod iris->@Inject::iris$clearBatchFor(Lorg/spongepowered/asm/mixin/injection/callback/CallbackInfo;)V has 0 override(s) in child classes
[27Aug2026 01:39:30.278] [Render thread/DEBUG] [mixin/]: mixins.iris.compat.sodium.json:MixinRenderRegion from mod iris->@Inject::iris$clearBatchFor(Lorg/spongepowered/asm/mixin/injection/callback/CallbackInfo;)V won't be passed a CallbackInfo as a result
[27Aug2026 01:39:30.292] [Render thread/DEBUG] [mixin/]: Mixing MixinDefaultChunkRenderer from mixins.iris.compat.sodium.json into net.caffeinemc.mods.sodium.client.render.chunk.DefaultChunkRenderer
[27Aug2026 01:39:30.292] [Render thread/DEBUG] [mixin/]: mixins.iris.compat.sodium.json:MixinDefaultChunkRenderer from mod iris: Class version 65 required is higher than the class version supported by the current version of Mixin (JAVA_8 supports class version 52)
[27Aug2026 01:39:30.296] [Render thread/DEBUG] [mixin/]: Mixing MixinShaderChunkRenderer from mixins.iris.compat.sodium.json into net.caffeinemc.mods.sodium.client.render.chunk.ShaderChunkRenderer
[27Aug2026 01:39:30.296] [Render thread/DEBUG] [mixin/]: mixins.iris.compat.sodium.json:MixinShaderChunkRenderer from mod iris: Class version 65 required is higher than the class version supported by the current version of Mixin (JAVA_8 supports class version 52)
[27Aug2026 01:39:30.298] [Render thread/DEBUG] [mixin/]: mixins.iris.compat.sodium.json:MixinShaderChunkRenderer from mod iris->@Inject::iris$resetState(Lnet/caffeinemc/mods/sodium/client/render/chunk/terrain/TerrainRenderPass;Lorg/spongepowered/asm/mixin/injection/callback/CallbackInfo;)V doesn't use it's CallbackInfo
[27Aug2026 01:39:30.298] [Render thread/DEBUG] [mixin/]: mixins.iris.compat.sodium.json:MixinShaderChunkRenderer from mod iris->@Inject::iris$resetState(Lnet/caffeinemc/mods/sodium/client/render/chunk/terrain/TerrainRenderPass;Lorg/spongepowered/asm/mixin/injection/callback/CallbackInfo;)V has 0 override(s) in child classes
[27Aug2026 01:39:30.298] [Render thread/DEBUG] [mixin/]: mixins.iris.compat.sodium.json:MixinShaderChunkRenderer from mod iris->@Inject::iris$resetState(Lnet/caffeinemc/mods/sodium/client/render/chunk/terrain/TerrainRenderPass;Lorg/spongepowered/asm/mixin/injection/callback/CallbackInfo;)V won't be passed a CallbackInfo as a result
[27Aug2026 01:39:30.298] [Render thread/DEBUG] [mixin/]: mixins.iris.compat.sodium.json:MixinShaderChunkRenderer from mod iris->@Inject::redirectViewport(Lnet/caffeinemc/mods/sodium/client/render/chunk/terrain/TerrainRenderPass;Lorg/spongepowered/asm/mixin/injection/callback/CallbackInfo;)V doesn't use it's CallbackInfo
[27Aug2026 01:39:30.298] [Render thread/DEBUG] [mixin/]: mixins.iris.compat.sodium.json:MixinShaderChunkRenderer from mod iris->@Inject::redirectViewport(Lnet/caffeinemc/mods/sodium/client/render/chunk/terrain/TerrainRenderPass;Lorg/spongepowered/asm/mixin/injection/callback/CallbackInfo;)V has 0 override(s) in child classes
[27Aug2026 01:39:30.298] [Render thread/DEBUG] [mixin/]: mixins.iris.compat.sodium.json:MixinShaderChunkRenderer from mod iris->@Inject::redirectViewport(Lnet/caffeinemc/mods/sodium/client/render/chunk/terrain/TerrainRenderPass;Lorg/spongepowered/asm/mixin/injection/callback/CallbackInfo;)V won't be passed a CallbackInfo as a result
[27Aug2026 01:39:30.333] [Render thread/DEBUG] [mixin/]: Mixing MixinChunkVertex from mixins.iris.compat.sodium.json into net.caffeinemc.mods.sodium.client.render.chunk.vertex.format.ChunkVertexEncoder$Vertex
[27Aug2026 01:39:30.333] [Render thread/DEBUG] [mixin/]: mixins.iris.compat.sodium.json:MixinChunkVertex from mod iris: Class version 65 required is higher than the class version supported by the current version of Mixin (JAVA_8 supports class version 52)
[27Aug2026 01:39:30.333] [Render thread/DEBUG] [mixin/]: mixins.iris.compat.sodium.json:MixinChunkVertex from mod iris->@Inject::iris$copyVertex(Lnet/caffeinemc/mods/sodium/client/render/chunk/vertex/format/ChunkVertexEncoder$Vertex;Lnet/caffeinemc/mods/sodium/client/render/chunk/vertex/format/ChunkVertexEncoder$Vertex;Lorg/spongepowered/asm/mixin/injection/callback/CallbackInfo;)V doesn't use it's CallbackInfo
[27Aug2026 01:39:30.343] [Render thread/DEBUG] [mixin/]: Mixing platform.neoforge.LevelSliceMixin from sodium-neoforge.mixins.json into net.caffeinemc.mods.sodium.client.world.LevelSlice
[27Aug2026 01:39:30.425] [Render thread/DEBUG] [mixin/]: Mixing MixinFluidRendererImpl from mixins.iris.forge.json into net.caffeinemc.mods.sodium.neoforge.render.FluidRendererImpl
[27Aug2026 01:39:30.426] [Render thread/DEBUG] [mixin/]: mixins.iris.forge.json:MixinFluidRendererImpl from mod iris: Class version 65 required is higher than the class version supported by the current version of Mixin (JAVA_8 supports class version 52)
[27Aug2026 01:39:30.428] [Render thread/DEBUG] [Sodium/]: Loaded net.caffeinemc.mods.sodium.neoforge.render.FluidRendererImpl$ForgeFactory@3ed3bfcb for service interface net.caffeinemc.mods.sodium.client.services.FluidRendererFactory
[27Aug2026 01:39:30.428] [Render thread/DEBUG] [mixin/]: Mixing BlockRendererAccessor from mixins.iris.compat.sodium.json into net.caffeinemc.mods.sodium.client.render.chunk.compile.pipeline.BlockRenderer
[27Aug2026 01:39:30.429] [Render thread/DEBUG] [mixin/]: mixins.iris.compat.sodium.json:BlockRendererAccessor from mod iris: Class version 65 required is higher than the class version supported by the current version of Mixin (JAVA_8 supports class version 52)
[27Aug2026 01:39:30.429] [Render thread/DEBUG] [mixin/]: Mixing MixinBlockRenderer from mixins.iris.compat.sodium.json into net.caffeinemc.mods.sodium.client.render.chunk.compile.pipeline.BlockRenderer
[27Aug2026 01:39:30.429] [Render thread/DEBUG] [mixin/]: mixins.iris.compat.sodium.json:MixinBlockRenderer from mod iris: Class version 65 required is higher than the class version supported by the current version of Mixin (JAVA_8 supports class version 52)
[27Aug2026 01:39:30.432] [Render thread/DEBUG] [mixin/]: mixins.iris.compat.sodium.json:MixinBlockRenderer from mod iris->@Inject::iris$renderModelHead(Lnet/minecraft/client/resources/model/BakedModel;Lnet/minecraft/world/level/block/state/BlockState;Lnet/minecraft/core/BlockPos;Lnet/minecraft/core/BlockPos;Lorg/spongepowered/asm/mixin/injection/callback/CallbackInfo;)V doesn't use it's CallbackInfo
[27Aug2026 01:39:30.432] [Render thread/DEBUG] [mixin/]: mixins.iris.compat.sodium.json:MixinBlockRenderer from mod iris->@Inject::iris$renderModelHead(Lnet/minecraft/client/resources/model/BakedModel;Lnet/minecraft/world/level/block/state/BlockState;Lnet/minecraft/core/BlockPos;Lnet/minecraft/core/BlockPos;Lorg/spongepowered/asm/mixin/injection/callback/CallbackInfo;)V has 0 override(s) in child classes
[27Aug2026 01:39:30.432] [Render thread/DEBUG] [mixin/]: mixins.iris.compat.sodium.json:MixinBlockRenderer from mod iris->@Inject::iris$renderModelHead(Lnet/minecraft/client/resources/model/BakedModel;Lnet/minecraft/world/level/block/state/BlockState;Lnet/minecraft/core/BlockPos;Lnet/minecraft/core/BlockPos;Lorg/spongepowered/asm/mixin/injection/callback/CallbackInfo;)V won't be passed a CallbackInfo as a result
[27Aug2026 01:39:30.432] [Render thread/DEBUG] [mixin/]: mixins.iris.compat.sodium.json:MixinBlockRenderer from mod iris->@Inject::iris$renderModelTail(Lnet/minecraft/client/resources/model/BakedModel;Lnet/minecraft/world/level/block/state/BlockState;Lnet/minecraft/core/BlockPos;Lnet/minecraft/core/BlockPos;Lorg/spongepowered/asm/mixin/injection/callback/CallbackInfo;)V doesn't use it's CallbackInfo
[27Aug2026 01:39:30.432] [Render thread/DEBUG] [mixin/]: mixins.iris.compat.sodium.json:MixinBlockRenderer from mod iris->@Inject::iris$renderModelTail(Lnet/minecraft/client/resources/model/BakedModel;Lnet/minecraft/world/level/block/state/BlockState;Lnet/minecraft/core/BlockPos;Lnet/minecraft/core/BlockPos;Lorg/spongepowered/asm/mixin/injection/callback/CallbackInfo;)V has 0 override(s) in child classes
[27Aug2026 01:39:30.432] [Render thread/DEBUG] [mixin/]: mixins.iris.compat.sodium.json:MixinBlockRenderer from mod iris->@Inject::iris$renderModelTail(Lnet/minecraft/client/resources/model/BakedModel;Lnet/minecraft/world/level/block/state/BlockState;Lnet/minecraft/core/BlockPos;Lnet/minecraft/core/BlockPos;Lorg/spongepowered/asm/mixin/injection/callback/CallbackInfo;)V won't be passed a CallbackInfo as a result
[27Aug2026 01:39:30.432] [Render thread/DEBUG] [mixin/]: mixins.iris.compat.sodium.json:MixinBlockRenderer from mod iris->@Inject::iris$writeVertex(Lnet/caffeinemc/mods/sodium/client/render/frapi/mesh/MutableQuadViewImpl;[FLnet/caffeinemc/mods/sodium/client/render/chunk/terrain/material/Material;Lorg/spongepowered/asm/mixin/injection/callback/CallbackInfo;)V doesn't use it's CallbackInfo
[27Aug2026 01:39:30.432] [Render thread/DEBUG] [mixin/]: mixins.iris.compat.sodium.json:MixinBlockRenderer from mod iris->@Inject::iris$writeVertex(Lnet/caffeinemc/mods/sodium/client/render/frapi/mesh/MutableQuadViewImpl;[FLnet/caffeinemc/mods/sodium/client/render/chunk/terrain/material/Material;Lorg/spongepowered/asm/mixin/injection/callback/CallbackInfo;)V has 0 override(s) in child classes
[27Aug2026 01:39:30.432] [Render thread/DEBUG] [mixin/]: mixins.iris.compat.sodium.json:MixinBlockRenderer from mod iris->@Inject::iris$writeVertex(Lnet/caffeinemc/mods/sodium/client/render/frapi/mesh/MutableQuadViewImpl;[FLnet/caffeinemc/mods/sodium/client/render/chunk/terrain/material/Material;Lorg/spongepowered/asm/mixin/injection/callback/CallbackInfo;)V won't be passed a CallbackInfo as a result
[27Aug2026 01:39:30.474] [Render thread/DEBUG] [mixin/]: Mixing MixinDefaultFluidRenderer from mixins.iris.compat.sodium.json into net.caffeinemc.mods.sodium.client.render.chunk.compile.pipeline.DefaultFluidRenderer
[27Aug2026 01:39:30.474] [Render thread/DEBUG] [mixin/]: mixins.iris.compat.sodium.json:MixinDefaultFluidRenderer from mod iris: Class version 65 required is higher than the class version supported by the current version of Mixin (JAVA_8 supports class version 52)
[27Aug2026 01:39:30.478] [Render thread/DEBUG] [mixin/]: mixins.iris.compat.sodium.json:MixinDefaultFluidRenderer from mod iris->@Inject::iris$writeVertex(Lnet/caffeinemc/mods/sodium/client/render/chunk/compile/buffers/ChunkModelBuilder;Lnet/caffeinemc/mods/sodium/client/render/chunk/translucent_sorting/TranslucentGeometryCollector;Lnet/caffeinemc/mods/sodium/client/render/chunk/terrain/material/Material;Lnet/minecraft/core/BlockPos;Lnet/caffeinemc/mods/sodium/client/model/quad/ModelQuadView;Lnet/caffeinemc/mods/sodium/client/model/quad/properties/ModelQuadFacing;ZLorg/spongepowered/asm/mixin/injection/callback/CallbackInfo;)V doesn't use it's CallbackInfo
[27Aug2026 01:39:30.478] [Render thread/DEBUG] [mixin/]: mixins.iris.compat.sodium.json:MixinDefaultFluidRenderer from mod iris->@Inject::iris$writeVertex(Lnet/caffeinemc/mods/sodium/client/render/chunk/compile/buffers/ChunkModelBuilder;Lnet/caffeinemc/mods/sodium/client/render/chunk/translucent_sorting/TranslucentGeometryCollector;Lnet/caffeinemc/mods/sodium/client/render/chunk/terrain/material/Material;Lnet/minecraft/core/BlockPos;Lnet/caffeinemc/mods/sodium/client/model/quad/ModelQuadView;Lnet/caffeinemc/mods/sodium/client/model/quad/properties/ModelQuadFacing;ZLorg/spongepowered/asm/mixin/injection/callback/CallbackInfo;)V has 0 override(s) in child classes
[27Aug2026 01:39:30.479] [Render thread/DEBUG] [mixin/]: mixins.iris.compat.sodium.json:MixinDefaultFluidRenderer from mod iris->@Inject::iris$writeVertex(Lnet/caffeinemc/mods/sodium/client/render/chunk/compile/buffers/ChunkModelBuilder;Lnet/caffeinemc/mods/sodium/client/render/chunk/translucent_sorting/TranslucentGeometryCollector;Lnet/caffeinemc/mods/sodium/client/render/chunk/terrain/material/Material;Lnet/minecraft/core/BlockPos;Lnet/caffeinemc/mods/sodium/client/model/quad/ModelQuadView;Lnet/caffeinemc/mods/sodium/client/model/quad/properties/ModelQuadFacing;ZLorg/spongepowered/asm/mixin/injection/callback/CallbackInfo;)V won't be passed a CallbackInfo as a result
[27Aug2026 01:39:30.493] [Render thread/INFO] [ChunkBuilder/]: Started 10 worker threads
[27Aug2026 01:39:30.522] [Render thread/DEBUG] [mixin/]: Mixing MixinRenderRegionManager from mixins.iris.compat.sodium.json into net.caffeinemc.mods.sodium.client.render.chunk.region.RenderRegionManager
[27Aug2026 01:39:30.522] [Render thread/DEBUG] [mixin/]: mixins.iris.compat.sodium.json:MixinRenderRegionManager from mod iris: Class version 65 required is higher than the class version supported by the current version of Mixin (JAVA_8 supports class version 52)
[27Aug2026 01:39:30.592] [Render thread/DEBUG] [mixin/]: Mixing MixinBiomeAmbientSoundsHandler from mixins.iris.json into net.minecraft.client.resources.sounds.BiomeAmbientSoundsHandler
[27Aug2026 01:39:30.594] [Render thread/DEBUG] [mixin/]: mixins.iris.json:MixinBiomeAmbientSoundsHandler from mod iris: Class version 65 required is higher than the class version supported by the current version of Mixin (JAVA_8 supports class version 52)
[27Aug2026 01:39:30.596] [Render thread/DEBUG] [mixin/]: mixins.iris.json:MixinBiomeAmbientSoundsHandler from mod iris->@Inject::calculateConstantMoodiness(Lnet/minecraft/world/level/biome/AmbientMoodSettings;Lorg/spongepowered/asm/mixin/injection/callback/CallbackInfo;)V doesn't use it's CallbackInfo
[27Aug2026 01:39:30.596] [Render thread/DEBUG] [mixin/]: mixins.iris.json:MixinBiomeAmbientSoundsHandler from mod iris->@Inject::calculateConstantMoodiness(Lnet/minecraft/world/level/biome/AmbientMoodSettings;Lorg/spongepowered/asm/mixin/injection/callback/CallbackInfo;)V has 0 override(s) in child classes
[27Aug2026 01:39:30.596] [Render thread/DEBUG] [mixin/]: mixins.iris.json:MixinBiomeAmbientSoundsHandler from mod iris->@Inject::calculateConstantMoodiness(Lnet/minecraft/world/level/biome/AmbientMoodSettings;Lorg/spongepowered/asm/mixin/injection/callback/CallbackInfo;)V won't be passed a CallbackInfo as a result
[27Aug2026 01:39:30.620] [Render thread/DEBUG] [mixin/]: Mixing core.gui.LevelLoadStatusManagerMixin from sodium-common.mixins.json into net.minecraft.client.multiplayer.LevelLoadStatusManager
[27Aug2026 01:39:30.681] [Render thread/DEBUG] [mezz.jei.neoforge.startup.StartEventObserver/]: JEI StartEventObserver received event: class net.neoforged.neoforge.client.event.RecipesUpdatedEvent
[27Aug2026 01:39:30.682] [Render thread/DEBUG] [mezz.jei.neoforge.startup.StartEventObserver/]: JEI StartEventObserver transitioning state from LISTENING to JEI_STARTED
[27Aug2026 01:39:30.684] [Render thread/INFO] [mezz.jei.core.util.LoggedTimer/]: Starting JEI...
[27Aug2026 01:39:30.701] [Render thread/INFO] [mezz.jei.library.load.PluginCaller/]: Registering item subtypes...
[27Aug2026 01:39:30.702] [Render thread/DEBUG] [mezz.jei.library.load.PluginCallerTimerRunnable/]: Registering item subtypes: jei:minecraft...
[27Aug2026 01:39:30.716] [Render thread/INFO] [mezz.jei.library.load.PluginCallerTimerRunnable/]: Registering item subtypes: jei:minecraft took 13.70 milliseconds
[27Aug2026 01:39:30.716] [Render thread/DEBUG] [mezz.jei.library.load.PluginCallerTimerRunnable/]: Registering item subtypes: jei:neoforge_gui...
[27Aug2026 01:39:30.716] [Render thread/DEBUG] [mezz.jei.library.load.PluginCallerTimerRunnable/]: Registering item subtypes: jei:debug...
[27Aug2026 01:39:30.716] [Render thread/DEBUG] [mezz.jei.library.load.PluginCallerTimerRunnable/]: Registering item subtypes: jei:gui...
[27Aug2026 01:39:30.716] [Render thread/DEBUG] [mezz.jei.library.load.PluginCallerTimerRunnable/]: Registering item subtypes: jei_plus_plus:jei_plugin...
[27Aug2026 01:39:30.716] [Render thread/DEBUG] [mezz.jei.library.load.PluginCallerTimerRunnable/]: Registering item subtypes: jei:internal...
[27Aug2026 01:39:30.716] [Render thread/INFO] [mezz.jei.library.load.PluginCaller/]: Registering item subtypes took 14.90 milliseconds
[27Aug2026 01:39:30.717] [Render thread/INFO] [mezz.jei.library.load.PluginCaller/]: Registering fluid subtypes...
[27Aug2026 01:39:30.718] [Render thread/DEBUG] [mezz.jei.library.load.PluginCallerTimerRunnable/]: Registering fluid subtypes: jei:minecraft...
[27Aug2026 01:39:30.718] [Render thread/DEBUG] [mezz.jei.library.load.PluginCallerTimerRunnable/]: Registering fluid subtypes: jei:neoforge_gui...
[27Aug2026 01:39:30.718] [Render thread/DEBUG] [mezz.jei.library.load.PluginCallerTimerRunnable/]: Registering fluid subtypes: jei:debug...
[27Aug2026 01:39:30.721] [Render thread/DEBUG] [mezz.jei.library.load.PluginCallerTimerRunnable/]: Registering fluid subtypes: jei:gui...
[27Aug2026 01:39:30.721] [Render thread/DEBUG] [mezz.jei.library.load.PluginCallerTimerRunnable/]: Registering fluid subtypes: jei_plus_plus:jei_plugin...
[27Aug2026 01:39:30.721] [Render thread/DEBUG] [mezz.jei.library.load.PluginCallerTimerRunnable/]: Registering fluid subtypes: jei:internal...
[27Aug2026 01:39:30.721] [Render thread/INFO] [mezz.jei.library.load.PluginCaller/]: Registering fluid subtypes took 3.820 milliseconds
[27Aug2026 01:39:30.729] [Render thread/INFO] [mezz.jei.library.load.PluginCaller/]: Registering ingredients...
[27Aug2026 01:39:30.729] [Render thread/DEBUG] [mezz.jei.library.load.PluginCallerTimerRunnable/]: Registering ingredients: jei:minecraft...
[27Aug2026 01:39:30.757] [Render thread/DEBUG] [mezz.jei.library.plugins.vanilla.ingredients.ItemStackListFactory/]: Added  402/ 402 new items from 'Building Blocks' creative tab's displayItems
[27Aug2026 01:39:30.761] [Render thread/DEBUG] [mezz.jei.library.plugins.vanilla.ingredients.ItemStackListFactory/]: Added  198/ 198 new items from 'Colored Blocks' creative tab's displayItems
[27Aug2026 01:39:30.764] [Render thread/DEBUG] [mezz.jei.library.plugins.vanilla.ingredients.ItemStackListFactory/]: Added  201/ 226 new items from 'Natural Blocks' creative tab's displayItems
[27Aug2026 01:39:30.784] [Render thread/DEBUG] [mezz.jei.library.plugins.vanilla.ingredients.ItemStackListFactory/]: Added  138/ 225 new items from 'Functional Blocks' creative tab's displayItems
[27Aug2026 01:39:30.785] [Render thread/DEBUG] [mezz.jei.library.plugins.vanilla.ingredients.ItemStackListFactory/]: Added   29/  68 new items from 'Redstone Blocks' creative tab's displayItems
[27Aug2026 01:39:30.785] [Render thread/DEBUG] [mezz.jei.library.plugins.vanilla.ingredients.ItemStackListFactory/]: Skipping creative tab: 'Saved Hotbars' because it is type: HOTBAR
[27Aug2026 01:39:30.785] [Render thread/DEBUG] [mezz.jei.library.plugins.vanilla.ingredients.ItemStackListFactory/]: Skipping creative tab: 'Search Items' because it is type: SEARCH
[27Aug2026 01:39:30.791] [Render thread/DEBUG] [mezz.jei.library.plugins.vanilla.ingredients.ItemStackListFactory/]: Added  102/ 114 new items from 'Tools & Utilities' creative tab's displayItems
[27Aug2026 01:39:30.798] [Render thread/DEBUG] [mezz.jei.library.plugins.vanilla.ingredients.ItemStackListFactory/]: Added   92/ 104 new items from 'Combat' creative tab's displayItems
[27Aug2026 01:39:30.807] [Render thread/DEBUG] [mezz.jei.library.plugins.vanilla.ingredients.ItemStackListFactory/]: Added  190/ 193 new items from 'Food & Drinks' creative tab's displayItems
[27Aug2026 01:39:30.820] [Render thread/DEBUG] [mezz.jei.library.plugins.vanilla.ingredients.ItemStackListFactory/]: Added  174/ 188 new items from 'Ingredients' creative tab's displayItems
[27Aug2026 01:39:30.820] [Render thread/DEBUG] [mezz.jei.library.plugins.vanilla.ingredients.ItemStackListFactory/]: Added   83/ 271 new items from 'Ingredients' creative tab's searchTabDisplayItems
[27Aug2026 01:39:30.822] [Render thread/DEBUG] [mezz.jei.library.plugins.vanilla.ingredients.ItemStackListFactory/]: Added   80/  80 new items from 'Spawn Eggs' creative tab's displayItems
[27Aug2026 01:39:30.822] [Render thread/DEBUG] [mezz.jei.library.plugins.vanilla.ingredients.ItemStackListFactory/]: Item Group has no display items and no search tab display items. Items from this group will be missing from the JEI ingredient list. Operator Utilities
[27Aug2026 01:39:30.822] [Render thread/DEBUG] [mezz.jei.library.plugins.vanilla.ingredients.ItemStackListFactory/]: Skipping creative tab: 'Survival Inventory' because it is type: INVENTORY
[27Aug2026 01:39:30.886] [Render thread/INFO] [mezz.jei.library.load.PluginCallerTimerRunnable/]: Registering ingredients: jei:minecraft took 155.9 milliseconds
[27Aug2026 01:39:30.886] [Render thread/DEBUG] [mezz.jei.library.load.PluginCallerTimerRunnable/]: Registering ingredients: jei:neoforge_gui...
[27Aug2026 01:39:30.886] [Render thread/DEBUG] [mezz.jei.library.load.PluginCallerTimerRunnable/]: Registering ingredients: jei:debug...
[27Aug2026 01:39:30.886] [Render thread/DEBUG] [mezz.jei.library.load.PluginCallerTimerRunnable/]: Registering ingredients: jei:gui...
[27Aug2026 01:39:30.886] [Render thread/DEBUG] [mezz.jei.library.load.PluginCallerTimerRunnable/]: Registering ingredients: jei_plus_plus:jei_plugin...
[27Aug2026 01:39:30.886] [Render thread/DEBUG] [mezz.jei.library.load.PluginCallerTimerRunnable/]: Registering ingredients: jei:internal...
[27Aug2026 01:39:30.886] [Render thread/INFO] [mezz.jei.library.load.PluginCaller/]: Registering ingredients took 156.9 milliseconds
[27Aug2026 01:39:30.887] [Render thread/INFO] [mezz.jei.library.load.PluginCaller/]: Registering extra ingredients...
[27Aug2026 01:39:30.887] [Render thread/DEBUG] [mezz.jei.library.load.PluginCallerTimerRunnable/]: Registering extra ingredients: jei:minecraft...
[27Aug2026 01:39:30.887] [Render thread/DEBUG] [mezz.jei.library.load.PluginCallerTimerRunnable/]: Registering extra ingredients: jei:neoforge_gui...
[27Aug2026 01:39:30.887] [Render thread/DEBUG] [mezz.jei.library.load.PluginCallerTimerRunnable/]: Registering extra ingredients: jei:debug...
[27Aug2026 01:39:30.887] [Render thread/DEBUG] [mezz.jei.library.load.PluginCallerTimerRunnable/]: Registering extra ingredients: jei:gui...
[27Aug2026 01:39:30.887] [Render thread/DEBUG] [mezz.jei.library.load.PluginCallerTimerRunnable/]: Registering extra ingredients: jei_plus_plus:jei_plugin...
[27Aug2026 01:39:30.887] [Render thread/DEBUG] [mezz.jei.library.load.PluginCallerTimerRunnable/]: Registering extra ingredients: jei:internal...
[27Aug2026 01:39:30.887] [Render thread/INFO] [mezz.jei.library.load.PluginCaller/]: Registering extra ingredients took 432.2 microseconds
[27Aug2026 01:39:30.888] [Render thread/INFO] [mezz.jei.library.load.PluginCaller/]: Registering search ingredient aliases...
[27Aug2026 01:39:30.888] [Render thread/DEBUG] [mezz.jei.library.load.PluginCallerTimerRunnable/]: Registering search ingredient aliases: jei:minecraft...
[27Aug2026 01:39:30.888] [Render thread/DEBUG] [mezz.jei.library.load.PluginCallerTimerRunnable/]: Registering search ingredient aliases: jei:neoforge_gui...
[27Aug2026 01:39:30.888] [Render thread/DEBUG] [mezz.jei.library.load.PluginCallerTimerRunnable/]: Registering search ingredient aliases: jei:debug...
[27Aug2026 01:39:30.888] [Render thread/DEBUG] [mezz.jei.library.load.PluginCallerTimerRunnable/]: Registering search ingredient aliases: jei:gui...
[27Aug2026 01:39:30.888] [Render thread/DEBUG] [mezz.jei.library.load.PluginCallerTimerRunnable/]: Registering search ingredient aliases: jei_plus_plus:jei_plugin...
[27Aug2026 01:39:30.888] [Render thread/DEBUG] [mezz.jei.library.load.PluginCallerTimerRunnable/]: Registering search ingredient aliases: jei:internal...
[27Aug2026 01:39:30.888] [Render thread/INFO] [mezz.jei.library.load.PluginCaller/]: Registering search ingredient aliases took 598.1 microseconds
[27Aug2026 01:39:30.922] [Render thread/INFO] [mezz.jei.library.load.PluginCaller/]: Registering Mod Info...
[27Aug2026 01:39:30.923] [Render thread/DEBUG] [mezz.jei.library.load.PluginCallerTimerRunnable/]: Registering Mod Info: jei:minecraft...
[27Aug2026 01:39:30.923] [Render thread/DEBUG] [mezz.jei.library.load.PluginCallerTimerRunnable/]: Registering Mod Info: jei:neoforge_gui...
[27Aug2026 01:39:30.923] [Render thread/DEBUG] [mezz.jei.library.load.PluginCallerTimerRunnable/]: Registering Mod Info: jei:debug...
[27Aug2026 01:39:30.923] [Render thread/DEBUG] [mezz.jei.library.load.PluginCallerTimerRunnable/]: Registering Mod Info: jei:gui...
[27Aug2026 01:39:30.923] [Render thread/DEBUG] [mezz.jei.library.load.PluginCallerTimerRunnable/]: Registering Mod Info: jei_plus_plus:jei_plugin...
[27Aug2026 01:39:30.923] [Render thread/DEBUG] [mezz.jei.library.load.PluginCallerTimerRunnable/]: Registering Mod Info: jei:internal...
[27Aug2026 01:39:30.923] [Render thread/INFO] [mezz.jei.library.load.PluginCaller/]: Registering Mod Info took 445.9 microseconds
[27Aug2026 01:39:30.955] [Render thread/INFO] [mezz.jei.library.load.PluginCaller/]: Registering categories...
[27Aug2026 01:39:30.957] [Render thread/DEBUG] [mezz.jei.library.load.PluginCallerTimerRunnable/]: Registering categories: jei:minecraft...
[27Aug2026 01:39:30.996] [Render thread/INFO] [mezz.jei.library.load.PluginCallerTimerRunnable/]: Registering categories: jei:minecraft took 38.77 milliseconds
[27Aug2026 01:39:30.996] [Render thread/DEBUG] [mezz.jei.library.load.PluginCallerTimerRunnable/]: Registering categories: jei:neoforge_gui...
[27Aug2026 01:39:30.996] [Render thread/DEBUG] [mezz.jei.library.load.PluginCallerTimerRunnable/]: Registering categories: jei:debug...
[27Aug2026 01:39:30.996] [Render thread/DEBUG] [mezz.jei.library.load.PluginCallerTimerRunnable/]: Registering categories: jei:gui...
[27Aug2026 01:39:30.996] [Render thread/DEBUG] [mezz.jei.library.load.PluginCallerTimerRunnable/]: Registering categories: jei_plus_plus:jei_plugin...
[27Aug2026 01:39:31.002] [Render thread/DEBUG] [mezz.jei.library.load.PluginCallerTimerRunnable/]: Registering categories: jei:internal...
[27Aug2026 01:39:31.005] [Render thread/INFO] [mezz.jei.library.load.PluginCaller/]: Registering categories took 48.25 milliseconds
[27Aug2026 01:39:31.007] [Render thread/INFO] [mezz.jei.library.load.PluginCaller/]: Registering vanilla category extensions...
[27Aug2026 01:39:31.007] [Render thread/DEBUG] [mezz.jei.library.load.PluginCallerTimerRunnable/]: Registering vanilla category extensions: jei:minecraft...
[27Aug2026 01:39:31.014] [Render thread/DEBUG] [mezz.jei.library.load.PluginCallerTimerRunnable/]: Registering vanilla category extensions: jei:neoforge_gui...
[27Aug2026 01:39:31.014] [Render thread/DEBUG] [mezz.jei.library.load.PluginCallerTimerRunnable/]: Registering vanilla category extensions: jei:debug...
[27Aug2026 01:39:31.014] [Render thread/DEBUG] [mezz.jei.library.load.PluginCallerTimerRunnable/]: Registering vanilla category extensions: jei:gui...
[27Aug2026 01:39:31.014] [Render thread/DEBUG] [mezz.jei.library.load.PluginCallerTimerRunnable/]: Registering vanilla category extensions: jei_plus_plus:jei_plugin...
[27Aug2026 01:39:31.014] [Render thread/DEBUG] [mezz.jei.library.load.PluginCallerTimerRunnable/]: Registering vanilla category extensions: jei:internal...
[27Aug2026 01:39:31.014] [Render thread/INFO] [mezz.jei.library.load.PluginCaller/]: Registering vanilla category extensions took 7.123 milliseconds
[27Aug2026 01:39:31.017] [Render thread/INFO] [mezz.jei.library.load.PluginCaller/]: Registering recipe catalysts...
[27Aug2026 01:39:31.017] [Render thread/DEBUG] [mezz.jei.library.load.PluginCallerTimerRunnable/]: Registering recipe catalysts: jei:minecraft...
[27Aug2026 01:39:31.017] [Render thread/DEBUG] [mezz.jei.library.load.PluginCallerTimerRunnable/]: Registering recipe catalysts: jei:neoforge_gui...
[27Aug2026 01:39:31.017] [Render thread/DEBUG] [mezz.jei.library.load.PluginCallerTimerRunnable/]: Registering recipe catalysts: jei:debug...
[27Aug2026 01:39:31.017] [Render thread/DEBUG] [mezz.jei.library.load.PluginCallerTimerRunnable/]: Registering recipe catalysts: jei:gui...
[27Aug2026 01:39:31.017] [Render thread/DEBUG] [mezz.jei.library.load.PluginCallerTimerRunnable/]: Registering recipe catalysts: jei_plus_plus:jei_plugin...
[27Aug2026 01:39:31.017] [Render thread/DEBUG] [mezz.jei.library.load.PluginCallerTimerRunnable/]: Registering recipe catalysts: jei:internal...
[27Aug2026 01:39:31.017] [Render thread/INFO] [mezz.jei.library.load.PluginCaller/]: Registering recipe catalysts took 688.0 microseconds
[27Aug2026 01:39:31.018] [Render thread/INFO] [mezz.jei.core.util.LoggedTimer/]: Building recipe registry...
[27Aug2026 01:39:31.053] [Render thread/INFO] [mezz.jei.core.util.LoggedTimer/]: Building recipe registry took 35.20 milliseconds
[27Aug2026 01:39:31.056] [Render thread/INFO] [mezz.jei.library.load.PluginCaller/]: Registering advanced plugins...
[27Aug2026 01:39:31.056] [Render thread/DEBUG] [mezz.jei.library.load.PluginCallerTimerRunnable/]: Registering advanced plugins: jei:minecraft...
[27Aug2026 01:39:31.056] [Render thread/DEBUG] [mezz.jei.library.load.PluginCallerTimerRunnable/]: Registering advanced plugins: jei:neoforge_gui...
[27Aug2026 01:39:31.056] [Render thread/DEBUG] [mezz.jei.library.load.PluginCallerTimerRunnable/]: Registering advanced plugins: jei:debug...
[27Aug2026 01:39:31.057] [Render thread/DEBUG] [mezz.jei.library.load.PluginCallerTimerRunnable/]: Registering advanced plugins: jei:gui...
[27Aug2026 01:39:31.057] [Render thread/DEBUG] [mezz.jei.library.load.PluginCallerTimerRunnable/]: Registering advanced plugins: jei_plus_plus:jei_plugin...
[27Aug2026 01:39:31.061] [Render thread/DEBUG] [mezz.jei.library.load.PluginCallerTimerRunnable/]: Registering advanced plugins: jei:internal...
[27Aug2026 01:39:31.061] [Render thread/INFO] [mezz.jei.library.load.PluginCaller/]: Registering advanced plugins took 3.853 milliseconds
[27Aug2026 01:39:31.063] [Render thread/INFO] [mezz.jei.library.load.PluginCaller/]: Registering recipes...
[27Aug2026 01:39:31.063] [Render thread/DEBUG] [mezz.jei.library.load.PluginCallerTimerRunnable/]: Registering recipes: jei:minecraft...
[27Aug2026 01:39:31.092] [Render thread/DEBUG] [mezz.jei.library.recipes.RecipeManagerInternal/]: Adding recipes: RecipeType[uid=minecraft:crafting, recipeClass=class net.minecraft.world.item.crafting.RecipeHolder]
[27Aug2026 01:39:31.123] [Render thread/DEBUG] [mezz.jei.library.recipes.RecipeManagerInternal/]: Adding recipes: RecipeType[uid=minecraft:crafting, recipeClass=class net.minecraft.world.item.crafting.RecipeHolder]
[27Aug2026 01:39:31.144] [Render thread/DEBUG] [mezz.jei.library.recipes.RecipeManagerInternal/]: Adding recipes: RecipeType[uid=minecraft:stonecutting, recipeClass=class net.minecraft.world.item.crafting.RecipeHolder]
[27Aug2026 01:39:31.145] [Render thread/DEBUG] [mezz.jei.library.recipes.RecipeManagerInternal/]: Adding recipes: RecipeType[uid=minecraft:smelting, recipeClass=class net.minecraft.world.item.crafting.RecipeHolder]
[27Aug2026 01:39:31.145] [Render thread/DEBUG] [mezz.jei.library.recipes.RecipeManagerInternal/]: Adding recipes: RecipeType[uid=minecraft:smoking, recipeClass=class net.minecraft.world.item.crafting.RecipeHolder]
[27Aug2026 01:39:31.145] [Render thread/DEBUG] [mezz.jei.library.recipes.RecipeManagerInternal/]: Adding recipes: RecipeType[uid=minecraft:blasting, recipeClass=class net.minecraft.world.item.crafting.RecipeHolder]
[27Aug2026 01:39:31.145] [Render thread/DEBUG] [mezz.jei.library.recipes.RecipeManagerInternal/]: Adding recipes: RecipeType[uid=minecraft:campfire_cooking, recipeClass=class net.minecraft.world.item.crafting.RecipeHolder]
[27Aug2026 01:39:31.164] [Render thread/DEBUG] [mezz.jei.library.recipes.RecipeManagerInternal/]: Adding recipes: RecipeType[uid=minecraft:fuel, recipeClass=interface mezz.jei.api.recipe.vanilla.IJeiFuelingRecipe]
[27Aug2026 01:39:31.185] [Render thread/DEBUG] [mezz.jei.library.recipes.RecipeManagerInternal/]: Adding recipes: RecipeType[uid=minecraft:anvil, recipeClass=interface mezz.jei.api.recipe.vanilla.IJeiAnvilRecipe]
[27Aug2026 01:39:31.192] [Render thread/DEBUG] [mezz.jei.library.recipes.RecipeManagerInternal/]: Adding recipes: RecipeType[uid=minecraft:smithing, recipeClass=class net.minecraft.world.item.crafting.RecipeHolder]
[27Aug2026 01:39:31.206] [Render thread/DEBUG] [mezz.jei.library.recipes.RecipeManagerInternal/]: Adding recipes: RecipeType[uid=minecraft:compostable, recipeClass=interface mezz.jei.api.recipe.vanilla.IJeiCompostingRecipe]
[27Aug2026 01:39:31.252] [Render thread/DEBUG] [mezz.jei.library.recipes.RecipeManagerInternal/]: Adding recipes: RecipeType[uid=minecraft:brewing, recipeClass=interface mezz.jei.api.recipe.vanilla.IJeiBrewingRecipe]
[27Aug2026 01:39:31.273] [Render thread/DEBUG] [mezz.jei.library.recipes.RecipeManagerInternal/]: Adding recipes: RecipeType[uid=minecraft:grindstone, recipeClass=interface mezz.jei.api.recipe.vanilla.IJeiGrindstoneRecipe]
[27Aug2026 01:39:31.279] [Render thread/INFO] [mezz.jei.library.load.PluginCallerTimerRunnable/]: Registering recipes: jei:minecraft took 216.4 milliseconds
[27Aug2026 01:39:31.279] [Render thread/DEBUG] [mezz.jei.library.load.PluginCallerTimerRunnable/]: Registering recipes: jei:neoforge_gui...
[27Aug2026 01:39:31.279] [Render thread/DEBUG] [mezz.jei.library.load.PluginCallerTimerRunnable/]: Registering recipes: jei:debug...
[27Aug2026 01:39:31.279] [Render thread/DEBUG] [mezz.jei.library.load.PluginCallerTimerRunnable/]: Registering recipes: jei:gui...
[27Aug2026 01:39:31.279] [Render thread/DEBUG] [mezz.jei.library.load.PluginCallerTimerRunnable/]: Registering recipes: jei_plus_plus:jei_plugin...
[27Aug2026 01:39:31.279] [Render thread/DEBUG] [mezz.jei.library.load.PluginCallerTimerRunnable/]: Registering recipes: jei:internal...
[27Aug2026 01:39:31.279] [Render thread/INFO] [mezz.jei.library.load.PluginCaller/]: Registering recipes took 217.0 milliseconds
[27Aug2026 01:39:31.296] [Render thread/INFO] [mezz.jei.library.load.PluginCaller/]: Registering recipes transfer handlers...
[27Aug2026 01:39:31.296] [Render thread/DEBUG] [mezz.jei.library.load.PluginCallerTimerRunnable/]: Registering recipes transfer handlers: jei:minecraft...
[27Aug2026 01:39:31.301] [Render thread/DEBUG] [mezz.jei.library.load.PluginCallerTimerRunnable/]: Registering recipes transfer handlers: jei:neoforge_gui...
[27Aug2026 01:39:31.301] [Render thread/DEBUG] [mezz.jei.library.load.PluginCallerTimerRunnable/]: Registering recipes transfer handlers: jei:debug...
[27Aug2026 01:39:31.301] [Render thread/DEBUG] [mezz.jei.library.load.PluginCallerTimerRunnable/]: Registering recipes transfer handlers: jei:gui...
[27Aug2026 01:39:31.301] [Render thread/DEBUG] [mezz.jei.library.load.PluginCallerTimerRunnable/]: Registering recipes transfer handlers: jei_plus_plus:jei_plugin...
[27Aug2026 01:39:31.301] [Render thread/DEBUG] [mezz.jei.library.load.PluginCallerTimerRunnable/]: Registering recipes transfer handlers: jei:internal...
[27Aug2026 01:39:31.301] [Render thread/INFO] [mezz.jei.library.load.PluginCaller/]: Registering recipes transfer handlers took 6.112 milliseconds
[27Aug2026 01:39:31.305] [Render thread/INFO] [mezz.jei.core.util.LoggedTimer/]: Building runtime...
[27Aug2026 01:39:31.320] [Render thread/INFO] [mezz.jei.library.load.PluginCaller/]: Registering gui handlers...
[27Aug2026 01:39:31.320] [Render thread/DEBUG] [mezz.jei.library.load.PluginCallerTimerRunnable/]: Registering gui handlers: jei:minecraft...
[27Aug2026 01:39:31.327] [Render thread/DEBUG] [mezz.jei.library.load.PluginCallerTimerRunnable/]: Registering gui handlers: jei:neoforge_gui...
[27Aug2026 01:39:31.327] [Render thread/DEBUG] [mezz.jei.library.load.PluginCallerTimerRunnable/]: Registering gui handlers: jei:debug...
[27Aug2026 01:39:31.327] [Render thread/DEBUG] [mezz.jei.library.load.PluginCallerTimerRunnable/]: Registering gui handlers: jei:gui...
[27Aug2026 01:39:31.331] [Render thread/DEBUG] [mixin/]: Mixing RecipesGuiMixin from jei_plus_plus.mixins.json into mezz.jei.gui.recipes.RecipesGui
[27Aug2026 01:39:31.331] [Render thread/DEBUG] [mixin/]: jei_plus_plus.mixins.json:RecipesGuiMixin from mod jei_plus_plus: Class version 65 required is higher than the class version supported by the current version of Mixin (JAVA_17 supports class version 61)
[27Aug2026 01:39:31.332] [Render thread/DEBUG] [mixin/]: Mixing RecipesGuiAccessor from jei_plus_plus.mixins.json into mezz.jei.gui.recipes.RecipesGui
[27Aug2026 01:39:31.332] [Render thread/DEBUG] [mixin/]: jei_plus_plus.mixins.json:RecipesGuiAccessor from mod jei_plus_plus: Class version 65 required is higher than the class version supported by the current version of Mixin (JAVA_17 supports class version 61)
[27Aug2026 01:39:31.333] [Render thread/DEBUG] [mixin/]: jei_plus_plus.mixins.json:RecipesGuiMixin from mod jei_plus_plus->@Inject::jeiPlusPlus$scrollNavigation(DDDDLorg/spongepowered/asm/mixin/injection/callback/CallbackInfoReturnable;)V does use it's CallbackInfoReturnable
[27Aug2026 01:39:31.346] [Render thread/INFO] [mezz.jei.library.load.PluginCallerTimerRunnable/]: Registering gui handlers: jei:gui took 18.98 milliseconds
[27Aug2026 01:39:31.346] [Render thread/DEBUG] [mezz.jei.library.load.PluginCallerTimerRunnable/]: Registering gui handlers: jei_plus_plus:jei_plugin...
[27Aug2026 01:39:31.346] [Render thread/DEBUG] [mezz.jei.library.load.PluginCallerTimerRunnable/]: Registering gui handlers: jei:internal...
[27Aug2026 01:39:31.346] [Render thread/INFO] [mezz.jei.library.load.PluginCaller/]: Registering gui handlers took 26.55 milliseconds
[27Aug2026 01:39:31.356] [Render thread/INFO] [mezz.jei.library.load.PluginCaller/]: Registering Runtime...
[27Aug2026 01:39:31.357] [Render thread/DEBUG] [mezz.jei.library.load.PluginCallerTimerRunnable/]: Registering Runtime: jei:minecraft...
[27Aug2026 01:39:31.357] [Render thread/DEBUG] [mezz.jei.library.load.PluginCallerTimerRunnable/]: Registering Runtime: jei:neoforge_gui...
[27Aug2026 01:39:31.359] [Render thread/INFO] [mezz.jei.gui.startup.JeiGuiStarter/]: Starting JEI GUI
[27Aug2026 01:39:31.360] [Render thread/INFO] [mezz.jei.core.util.LoggedTimer/]: Building ingredient list...
[27Aug2026 01:39:31.363] [Render thread/DEBUG] [mezz.jei.gui.ingredients.IngredientListElementFactory/]: Registering ingredients: ItemStack
[27Aug2026 01:39:31.385] [Render thread/DEBUG] [mezz.jei.gui.ingredients.IngredientListElementFactory/]: Registering ingredients: FluidStack
[27Aug2026 01:39:31.386] [Render thread/INFO] [mezz.jei.core.util.LoggedTimer/]: Building ingredient list took 25.00 milliseconds
[27Aug2026 01:39:31.386] [Render thread/INFO] [mezz.jei.core.util.LoggedTimer/]: Building ingredient filter...
[27Aug2026 01:39:31.435] [Render thread/DEBUG] [mixin/]: Mixing IngredientFilterMixin from jei_plus_plus.mixins.json into mezz.jei.gui.ingredients.IngredientFilter
[27Aug2026 01:39:31.435] [Render thread/DEBUG] [mixin/]: jei_plus_plus.mixins.json:IngredientFilterMixin from mod jei_plus_plus: Class version 65 required is higher than the class version supported by the current version of Mixin (JAVA_17 supports class version 61)
[27Aug2026 01:39:31.443] [Render thread/DEBUG] [mixin/]: jei_plus_plus.mixins.json:IngredientFilterMixin from mod jei_plus_plus->@Inject::jeiPlusPlus$invalidateTransformCache(Lorg/spongepowered/asm/mixin/injection/callback/CallbackInfo;)V doesn't use it's CallbackInfo
[27Aug2026 01:39:31.443] [Render thread/DEBUG] [mixin/]: jei_plus_plus.mixins.json:IngredientFilterMixin from mod jei_plus_plus->@Inject::jeiPlusPlus$invalidateTransformCache(Lorg/spongepowered/asm/mixin/injection/callback/CallbackInfo;)V has 0 override(s) in child classes
[27Aug2026 01:39:31.443] [Render thread/DEBUG] [mixin/]: jei_plus_plus.mixins.json:IngredientFilterMixin from mod jei_plus_plus->@Inject::jeiPlusPlus$invalidateTransformCache(Lorg/spongepowered/asm/mixin/injection/callback/CallbackInfo;)V won't be passed a CallbackInfo as a result
[27Aug2026 01:39:31.443] [Render thread/DEBUG] [mixin/]: jei_plus_plus.mixins.json:IngredientFilterMixin from mod jei_plus_plus->@Inject::jeiPlusPlus$transformElements(Lorg/spongepowered/asm/mixin/injection/callback/CallbackInfoReturnable;)V does use it's CallbackInfoReturnable
[27Aug2026 01:39:31.504] [Render thread/INFO] [mezz.jei.gui.ingredients.IngredientFilter/]: Adding 1691 ingredients
[27Aug2026 01:39:31.723] [Render thread/INFO] [mezz.jei.gui.ingredients.IngredientFilter/]: Added 1691 ingredients
[27Aug2026 01:39:31.725] [Render thread/INFO] [mezz.jei.core.util.LoggedTimer/]: Building ingredient filter took 339.0 milliseconds
[27Aug2026 01:39:31.795] [Render thread/DEBUG] [mezz.jei.gui.config.LookupHistoryJsonConfig/]: Loaded lookup history config from file: C:\Users\tigan\curseforge\minecraft\Instances\OrderWorld\config\jei\world\local\New_World\lookupHistory.json
[27Aug2026 01:39:31.808] [Render thread/DEBUG] [mixin/]: Mixing IngredientListRendererLegacyMixin from jei_plus_plus.mixins.json into mezz.jei.gui.overlay.IngredientListRenderer
[27Aug2026 01:39:31.809] [Render thread/DEBUG] [mixin/]: jei_plus_plus.mixins.json:IngredientListRendererLegacyMixin from mod jei_plus_plus: Class version 65 required is higher than the class version supported by the current version of Mixin (JAVA_17 supports class version 61)
[27Aug2026 01:39:31.814] [Render thread/DEBUG] [mixin/]: jei_plus_plus.mixins.json:IngredientListRendererLegacyMixin from mod jei_plus_plus->@Inject::jeiPlusPlus$setWithRowBreaks(ILjava/util/List;Lorg/spongepowered/asm/mixin/injection/callback/CallbackInfo;)V does use it's CallbackInfo
[27Aug2026 01:39:31.821] [Render thread/DEBUG] [mixin/]: Mixing IngredientGridWithNavigationMixin from jei_plus_plus.mixins.json into mezz.jei.gui.overlay.IngredientGridWithNavigation
[27Aug2026 01:39:31.822] [Render thread/DEBUG] [mixin/]: jei_plus_plus.mixins.json:IngredientGridWithNavigationMixin from mod jei_plus_plus: Class version 65 required is higher than the class version supported by the current version of Mixin (JAVA_17 supports class version 61)
[27Aug2026 01:39:31.823] [Render thread/DEBUG] [mixin/]: jei_plus_plus.mixins.json:IngredientGridWithNavigationMixin from mod jei_plus_plus->@Inject::jeiPlusPlus$drawCreativeTabs(Lnet/minecraft/client/Minecraft;Lnet/minecraft/client/gui/GuiGraphics;IIFLorg/spongepowered/asm/mixin/injection/callback/CallbackInfo;)V doesn't use it's CallbackInfo
[27Aug2026 01:39:31.823] [Render thread/DEBUG] [mixin/]: jei_plus_plus.mixins.json:IngredientGridWithNavigationMixin from mod jei_plus_plus->@Inject::jeiPlusPlus$drawCreativeTabs(Lnet/minecraft/client/Minecraft;Lnet/minecraft/client/gui/GuiGraphics;IIFLorg/spongepowered/asm/mixin/injection/callback/CallbackInfo;)V has 0 override(s) in child classes
[27Aug2026 01:39:31.823] [Render thread/DEBUG] [mixin/]: jei_plus_plus.mixins.json:IngredientGridWithNavigationMixin from mod jei_plus_plus->@Inject::jeiPlusPlus$drawCreativeTabs(Lnet/minecraft/client/Minecraft;Lnet/minecraft/client/gui/GuiGraphics;IIFLorg/spongepowered/asm/mixin/injection/callback/CallbackInfo;)V won't be passed a CallbackInfo as a result
[27Aug2026 01:39:31.823] [Render thread/DEBUG] [mixin/]: jei_plus_plus.mixins.json:IngredientGridWithNavigationMixin from mod jei_plus_plus->@Inject::jeiPlusPlus$drawCreativeTabTooltip(Lnet/minecraft/client/Minecraft;Lnet/minecraft/client/gui/GuiGraphics;IILorg/spongepowered/asm/mixin/injection/callback/CallbackInfo;)V doesn't use it's CallbackInfo
[27Aug2026 01:39:31.823] [Render thread/DEBUG] [mixin/]: jei_plus_plus.mixins.json:IngredientGridWithNavigationMixin from mod jei_plus_plus->@Inject::jeiPlusPlus$drawCreativeTabTooltip(Lnet/minecraft/client/Minecraft;Lnet/minecraft/client/gui/GuiGraphics;IILorg/spongepowered/asm/mixin/injection/callback/CallbackInfo;)V has 0 override(s) in child classes
[27Aug2026 01:39:31.823] [Render thread/DEBUG] [mixin/]: jei_plus_plus.mixins.json:IngredientGridWithNavigationMixin from mod jei_plus_plus->@Inject::jeiPlusPlus$drawCreativeTabTooltip(Lnet/minecraft/client/Minecraft;Lnet/minecraft/client/gui/GuiGraphics;IILorg/spongepowered/asm/mixin/injection/callback/CallbackInfo;)V won't be passed a CallbackInfo as a result
[27Aug2026 01:39:31.823] [Render thread/DEBUG] [mixin/]: jei_plus_plus.mixins.json:IngredientGridWithNavigationMixin from mod jei_plus_plus->@Inject::jeiPlusPlus$wrapCreativeTabInput(Lorg/spongepowered/asm/mixin/injection/callback/CallbackInfoReturnable;)V does use it's CallbackInfoReturnable
[27Aug2026 01:39:31.904] [Render thread/DEBUG] [mixin/]: Mixing BookmarkListAccessor from jei_plus_plus.mixins.json into mezz.jei.gui.bookmarks.BookmarkList
[27Aug2026 01:39:31.904] [Render thread/DEBUG] [mixin/]: jei_plus_plus.mixins.json:BookmarkListAccessor from mod jei_plus_plus: Class version 65 required is higher than the class version supported by the current version of Mixin (JAVA_17 supports class version 61)
[27Aug2026 01:39:31.904] [Render thread/DEBUG] [mixin/]: Mixing BookmarkListMixin from jei_plus_plus.mixins.json into mezz.jei.gui.bookmarks.BookmarkList
[27Aug2026 01:39:31.905] [Render thread/DEBUG] [mixin/]: jei_plus_plus.mixins.json:BookmarkListMixin from mod jei_plus_plus: Class version 65 required is higher than the class version supported by the current version of Mixin (JAVA_17 supports class version 61)
[27Aug2026 01:39:31.907] [Render thread/DEBUG] [mixin/]: jei_plus_plus.mixins.json:BookmarkListMixin from mod jei_plus_plus->@Inject::jeiPlusPlus$alignTreeRowsBeforeBookmarkLayout(Lorg/spongepowered/asm/mixin/injection/callback/CallbackInfo;)V doesn't use it's CallbackInfo
[27Aug2026 01:39:31.907] [Render thread/DEBUG] [mixin/]: jei_plus_plus.mixins.json:BookmarkListMixin from mod jei_plus_plus->@Inject::jeiPlusPlus$alignTreeRowsBeforeBookmarkLayout(Lorg/spongepowered/asm/mixin/injection/callback/CallbackInfo;)V has 0 override(s) in child classes
[27Aug2026 01:39:31.907] [Render thread/DEBUG] [mixin/]: jei_plus_plus.mixins.json:BookmarkListMixin from mod jei_plus_plus->@Inject::jeiPlusPlus$alignTreeRowsBeforeBookmarkLayout(Lorg/spongepowered/asm/mixin/injection/callback/CallbackInfo;)V won't be passed a CallbackInfo as a result
[27Aug2026 01:39:31.907] [Render thread/DEBUG] [mixin/]: jei_plus_plus.mixins.json:BookmarkListMixin from mod jei_plus_plus->@Inject::jeiPlusPlus$appendRecipeTreeEntries(Lorg/spongepowered/asm/mixin/injection/callback/CallbackInfoReturnable;)V does use it's CallbackInfoReturnable
[27Aug2026 01:39:31.907] [Render thread/DEBUG] [mixin/]: jei_plus_plus.mixins.json:BookmarkListMixin from mod jei_plus_plus->@Inject::jeiPlusPlus$keepSyntheticEntriesVisible(Lorg/spongepowered/asm/mixin/injection/callback/CallbackInfoReturnable;)V does use it's CallbackInfoReturnable
[27Aug2026 01:39:31.929] [Render thread/DEBUG] [mixin/]: Mixing RecipeBookmarkElementMixin from jei_plus_plus.mixins.json into mezz.jei.gui.overlay.elements.RecipeBookmarkElement
[27Aug2026 01:39:31.929] [Render thread/DEBUG] [mixin/]: jei_plus_plus.mixins.json:RecipeBookmarkElementMixin from mod jei_plus_plus: Class version 65 required is higher than the class version supported by the current version of Mixin (JAVA_17 supports class version 61)
[27Aug2026 01:39:31.929] [Render thread/DEBUG] [mixin/]: Renaming synthetic method lambda$showAllMatchingRecipes$0(Lmezz/jei/api/runtime/IRecipesGui;Ljava/util/List;)V to mda2c3ce$jei_plus_plus$lambda$showAllMatchingRecipes$0$0 in jei_plus_plus.mixins.json:RecipeBookmarkElementMixin from mod jei_plus_plus
[27Aug2026 01:39:31.931] [Render thread/DEBUG] [mixin/]: jei_plus_plus.mixins.json:RecipeBookmarkElementMixin from mod jei_plus_plus->@Inject::jeiPlusPlus$showAllRecipes(Lmezz/jei/api/runtime/IRecipesGui;Lmezz/jei/gui/util/FocusUtil;Ljava/util/List;Lorg/spongepowered/asm/mixin/injection/callback/CallbackInfo;)V does use it's CallbackInfo
[27Aug2026 01:39:31.933] [Render thread/DEBUG] [mezz.jei.gui.config.BookmarkJsonConfig/]: Loaded bookmarks config from file: C:\Users\tigan\curseforge\minecraft\Instances\OrderWorld\config\jei\world\local\New_World\bookmarks.json
[27Aug2026 01:39:31.938] [Render thread/DEBUG] [mezz.jei.gui.config.BookmarkJsonConfig/]: Loaded legacy compressed json bookmarks config from file: C:\Users\tigan\curseforge\minecraft\Instances\OrderWorld\config\jei\world\local\New_World\bookmarks.json
[27Aug2026 01:39:31.949] [Render thread/DEBUG] [mixin/]: Mixing BookmarkOverlayMixin from jei_plus_plus.mixins.json into mezz.jei.gui.overlay.bookmarks.BookmarkOverlay
[27Aug2026 01:39:31.949] [Render thread/DEBUG] [mixin/]: jei_plus_plus.mixins.json:BookmarkOverlayMixin from mod jei_plus_plus: Class version 65 required is higher than the class version supported by the current version of Mixin (JAVA_17 supports class version 61)
[27Aug2026 01:39:31.950] [Render thread/DEBUG] [mixin/]: Renaming synthetic method lambda$jeiPlusPlus$addTreeButtonInput$0(Lmezz/jei/gui/input/IUserInputHandler;Lmezz/jei/gui/input/IUserInputHandler;Lmezz/jei/gui/input/IUserInputHandler;)Lmezz/jei/gui/input/IUserInputHandler; to mda2c3ce$jei_plus_plus$lambda$jeiPlusPlus$addTreeButtonInput$0$0 in jei_plus_plus.mixins.json:BookmarkOverlayMixin from mod jei_plus_plus
[27Aug2026 01:39:31.954] [Render thread/DEBUG] [mixin/]: jei_plus_plus.mixins.json:BookmarkOverlayMixin from mod jei_plus_plus->@Inject::jeiPlusPlus$showTreeFavorites(Lorg/spongepowered/asm/mixin/injection/callback/CallbackInfoReturnable;)V does use it's CallbackInfoReturnable
[27Aug2026 01:39:31.954] [Render thread/DEBUG] [mixin/]: jei_plus_plus.mixins.json:BookmarkOverlayMixin from mod jei_plus_plus->@Inject::jeiPlusPlus$drawTreeButton(Lnet/minecraft/client/Minecraft;Lnet/minecraft/client/gui/GuiGraphics;IIFLorg/spongepowered/asm/mixin/injection/callback/CallbackInfo;)V doesn't use it's CallbackInfo
[27Aug2026 01:39:31.954] [Render thread/DEBUG] [mixin/]: jei_plus_plus.mixins.json:BookmarkOverlayMixin from mod jei_plus_plus->@Inject::jeiPlusPlus$drawTreeButton(Lnet/minecraft/client/Minecraft;Lnet/minecraft/client/gui/GuiGraphics;IIFLorg/spongepowered/asm/mixin/injection/callback/CallbackInfo;)V has 0 override(s) in child classes
[27Aug2026 01:39:31.954] [Render thread/DEBUG] [mixin/]: jei_plus_plus.mixins.json:BookmarkOverlayMixin from mod jei_plus_plus->@Inject::jeiPlusPlus$drawTreeButton(Lnet/minecraft/client/Minecraft;Lnet/minecraft/client/gui/GuiGraphics;IIFLorg/spongepowered/asm/mixin/injection/callback/CallbackInfo;)V won't be passed a CallbackInfo as a result
[27Aug2026 01:39:31.955] [Render thread/DEBUG] [mixin/]: jei_plus_plus.mixins.json:BookmarkOverlayMixin from mod jei_plus_plus->@Inject::jeiPlusPlus$drawTreeButtonTooltip(Lnet/minecraft/client/Minecraft;Lnet/minecraft/client/gui/GuiGraphics;IILorg/spongepowered/asm/mixin/injection/callback/CallbackInfo;)V doesn't use it's CallbackInfo
[27Aug2026 01:39:31.955] [Render thread/DEBUG] [mixin/]: jei_plus_plus.mixins.json:BookmarkOverlayMixin from mod jei_plus_plus->@Inject::jeiPlusPlus$drawTreeButtonTooltip(Lnet/minecraft/client/Minecraft;Lnet/minecraft/client/gui/GuiGraphics;IILorg/spongepowered/asm/mixin/injection/callback/CallbackInfo;)V has 0 override(s) in child classes
[27Aug2026 01:39:31.955] [Render thread/DEBUG] [mixin/]: jei_plus_plus.mixins.json:BookmarkOverlayMixin from mod jei_plus_plus->@Inject::jeiPlusPlus$drawTreeButtonTooltip(Lnet/minecraft/client/Minecraft;Lnet/minecraft/client/gui/GuiGraphics;IILorg/spongepowered/asm/mixin/injection/callback/CallbackInfo;)V won't be passed a CallbackInfo as a result
[27Aug2026 01:39:31.955] [Render thread/DEBUG] [mixin/]: jei_plus_plus.mixins.json:BookmarkOverlayMixin from mod jei_plus_plus->@Inject::jeiPlusPlus$addTreeButtonInput(Lorg/spongepowered/asm/mixin/injection/callback/CallbackInfoReturnable;)V does use it's CallbackInfoReturnable
[27Aug2026 01:39:31.981] [Render thread/DEBUG] [mixin/]: Mixing IngredientLookupStateMixin from jei_plus_plus.mixins.json into mezz.jei.gui.recipes.lookups.IngredientLookupState
[27Aug2026 01:39:31.981] [Render thread/DEBUG] [mixin/]: jei_plus_plus.mixins.json:IngredientLookupStateMixin from mod jei_plus_plus: Class version 65 required is higher than the class version supported by the current version of Mixin (JAVA_17 supports class version 61)
[27Aug2026 01:39:31.982] [Render thread/DEBUG] [mixin/]: jei_plus_plus.mixins.json:IngredientLookupStateMixin from mod jei_plus_plus->@Inject::jeiPlusPlus$bookmarkCategoryFirst(Lmezz/jei/api/recipe/IRecipeManager;Lmezz/jei/api/recipe/IFocusGroup;Ljava/util/List;Lmezz/jei/api/recipe/transfer/IRecipeTransferManager;Lorg/spongepowered/asm/mixin/injection/callback/CallbackInfoReturnable;)V does use it's CallbackInfoReturnable
[27Aug2026 01:39:31.993] [Render thread/DEBUG] [mixin/]: Mixing RecipeGuiTabsMixin from jei_plus_plus.mixins.json into mezz.jei.gui.recipes.RecipeGuiTabs
[27Aug2026 01:39:31.993] [Render thread/DEBUG] [mixin/]: jei_plus_plus.mixins.json:RecipeGuiTabsMixin from mod jei_plus_plus: Class version 65 required is higher than the class version supported by the current version of Mixin (JAVA_17 supports class version 61)
[27Aug2026 01:39:31.996] [Render thread/DEBUG] [mixin/]: jei_plus_plus.mixins.json:RecipeGuiTabsMixin from mod jei_plus_plus->@Inject::jeiPlusPlus$wrapTabInput(Lorg/spongepowered/asm/mixin/injection/callback/CallbackInfoReturnable;)V does use it's CallbackInfoReturnable
[27Aug2026 01:39:32.003] [Render thread/DEBUG] [mixin/]: Mixing RecipeGuiLayoutsMixin from jei_plus_plus.mixins.json into mezz.jei.gui.recipes.RecipeGuiLayouts
[27Aug2026 01:39:32.003] [Render thread/DEBUG] [mixin/]: jei_plus_plus.mixins.json:RecipeGuiLayoutsMixin from mod jei_plus_plus: Class version 65 required is higher than the class version supported by the current version of Mixin (JAVA_17 supports class version 61)
[27Aug2026 01:39:32.003] [Render thread/DEBUG] [mixin/]: Renaming synthetic method lambda$jeiPlusPlus$directoryClick$0(Lorg/spongepowered/asm/mixin/injection/callback/CallbackInfoReturnable;Ljava/util/List;Lmezz/jei/api/gui/inputs/RecipeSlotUnderMouse;Lmezz/jei/api/ingredients/ITypedIngredient;)V to mda2c3ce$jei_plus_plus$lambda$jeiPlusPlus$directoryClick$0$0 in jei_plus_plus.mixins.json:RecipeGuiLayoutsMixin from mod jei_plus_plus
[27Aug2026 01:39:32.004] [Render thread/DEBUG] [mixin/]: Mixing RecipeGuiLayoutsAccessor from jei_plus_plus.mixins.json into mezz.jei.gui.recipes.RecipeGuiLayouts
[27Aug2026 01:39:32.004] [Render thread/DEBUG] [mixin/]: jei_plus_plus.mixins.json:RecipeGuiLayoutsAccessor from mod jei_plus_plus: Class version 65 required is higher than the class version supported by the current version of Mixin (JAVA_17 supports class version 61)
[27Aug2026 01:39:32.005] [Render thread/DEBUG] [mixin/]: jei_plus_plus.mixins.json:RecipeGuiLayoutsMixin from mod jei_plus_plus->@Inject::jeiPlusPlus$directoryClick(Lmezz/jei/api/gui/inputs/RecipeSlotUnderMouse;Lorg/spongepowered/asm/mixin/injection/callback/CallbackInfoReturnable;)V does use it's CallbackInfoReturnable
[27Aug2026 01:39:32.016] [Render thread/DEBUG] [mixin/]: Generating mapped inner class mezz/jei/gui/recipes/RecipeGuiTabs$TabScrollInputHandler$234845340e2d4b6ab5461c8a1e564cfc (originally com/lingmu0/JeiPlusPlusMod/mixin/RecipeGuiTabsMixin$TabScrollInputHandler)
[27Aug2026 01:39:32.036] [Render thread/DEBUG] [mixin/]: Generating mapped inner class mezz/jei/gui/overlay/bookmarks/BookmarkOverlay$JeiPlusPlusRightClickHandler$c787298261c14f90863e45aa2b7b4481 (originally com/lingmu0/JeiPlusPlusMod/mixin/BookmarkOverlayMixin$JeiPlusPlusRightClickHandler)
[27Aug2026 01:39:32.041] [Render thread/DEBUG] [mixin/]: Mixing BookmarkInputHandlerMixin from jei_plus_plus.mixins.json into mezz.jei.gui.input.handlers.BookmarkInputHandler
[27Aug2026 01:39:32.041] [Render thread/DEBUG] [mixin/]: jei_plus_plus.mixins.json:BookmarkInputHandlerMixin from mod jei_plus_plus: Class version 65 required is higher than the class version supported by the current version of Mixin (JAVA_17 supports class version 61)
[27Aug2026 01:39:32.041] [Render thread/DEBUG] [mixin/]: Renaming synthetic method lambda$jeiPlusPlus$preferRecipeBookmark$0(Ljava/util/Optional;)Ljava/util/Optional; to mda2c3ce$jei_plus_plus$lambda$jeiPlusPlus$preferRecipeBookmark$0$0 in jei_plus_plus.mixins.json:BookmarkInputHandlerMixin from mod jei_plus_plus
[27Aug2026 01:39:32.051] [Render thread/DEBUG] [mixin/]: jei_plus_plus.mixins.json:BookmarkInputHandlerMixin from mod jei_plus_plus->@Inject::jeiPlusPlus$preferRecipeBookmark(Lmezz/jei/gui/input/UserInput;Lmezz/jei/common/input/IInternalKeyMappings;Lorg/spongepowered/asm/mixin/injection/callback/CallbackInfoReturnable;)V does use it's CallbackInfoReturnable
[27Aug2026 01:39:32.073] [Render thread/INFO] [mezz.jei.library.load.PluginCallerTimerRunnable/]: Registering Runtime: jei:neoforge_gui took 715.7 milliseconds
[27Aug2026 01:39:32.073] [Render thread/DEBUG] [mezz.jei.library.load.PluginCallerTimerRunnable/]: Registering Runtime: jei:debug...
[27Aug2026 01:39:32.073] [Render thread/DEBUG] [mezz.jei.library.load.PluginCallerTimerRunnable/]: Registering Runtime: jei:gui...
[27Aug2026 01:39:32.073] [Render thread/DEBUG] [mezz.jei.library.load.PluginCallerTimerRunnable/]: Registering Runtime: jei_plus_plus:jei_plugin...
[27Aug2026 01:39:32.073] [Render thread/DEBUG] [mezz.jei.library.load.PluginCallerTimerRunnable/]: Registering Runtime: jei:internal...
[27Aug2026 01:39:32.073] [Render thread/INFO] [mezz.jei.library.load.PluginCaller/]: Registering Runtime took 716.5 milliseconds
[27Aug2026 01:39:32.075] [Render thread/INFO] [mezz.jei.core.util.LoggedTimer/]: Building runtime took 769.5 milliseconds
[27Aug2026 01:39:32.075] [Render thread/INFO] [mezz.jei.library.load.PluginCaller/]: Sending Runtime...
[27Aug2026 01:39:32.076] [Render thread/DEBUG] [mezz.jei.library.load.PluginCallerTimerRunnable/]: Sending Runtime: jei:minecraft...
[27Aug2026 01:39:32.076] [Render thread/DEBUG] [mezz.jei.library.load.PluginCallerTimerRunnable/]: Sending Runtime: jei:neoforge_gui...
[27Aug2026 01:39:32.076] [Render thread/DEBUG] [mezz.jei.library.load.PluginCallerTimerRunnable/]: Sending Runtime: jei:debug...
[27Aug2026 01:39:32.076] [Render thread/DEBUG] [mezz.jei.library.load.PluginCallerTimerRunnable/]: Sending Runtime: jei:gui...
[27Aug2026 01:39:32.076] [Render thread/DEBUG] [mezz.jei.library.load.PluginCallerTimerRunnable/]: Sending Runtime: jei_plus_plus:jei_plugin...
[27Aug2026 01:39:32.095] [Render thread/INFO] [mezz.jei.library.load.PluginCallerTimerRunnable/]: Sending Runtime: jei_plus_plus:jei_plugin took 18.71 milliseconds
[27Aug2026 01:39:32.095] [Render thread/DEBUG] [mezz.jei.library.load.PluginCallerTimerRunnable/]: Sending Runtime: jei:internal...
[27Aug2026 01:39:32.095] [Render thread/INFO] [mezz.jei.library.load.PluginCaller/]: Sending Runtime took 19.61 milliseconds
[27Aug2026 01:39:32.096] [Render thread/INFO] [mezz.jei.core.util.LoggedTimer/]: Starting JEI took 1.411 seconds
[27Aug2026 01:39:32.116] [Render thread/INFO] [net.minecraft.advancements.AdvancementTree/]: Loaded 2 advancements
[27Aug2026 01:39:32.362] [Render thread/DEBUG] [Sodium/]: Loaded net.caffeinemc.mods.sodium.neoforge.model.NeoForgeModelAccess@7acb0140 for service interface net.caffeinemc.mods.sodium.client.services.PlatformModelAccess
[27Aug2026 01:39:32.364] [Render thread/DEBUG] [Sodium/]: Loaded net.caffeinemc.mods.sodium.neoforge.level.NeoForgeLevelAccess@420df559 for service interface net.caffeinemc.mods.sodium.client.services.PlatformLevelAccess
[27Aug2026 01:39:32.367] [Render thread/DEBUG] [Sodium/]: Loaded net.caffeinemc.mods.sodium.neoforge.level.NeoForgeLevelRenderHooks@54583aa6 for service interface net.caffeinemc.mods.sodium.client.services.PlatformLevelRenderHooks
[27Aug2026 01:39:32.383] [Render thread/DEBUG] [mixin/]: Mixing ChunkRendererRegionBuilderMixin from fabric-block-view-api-v2.client.mixins.json into net.minecraft.client.renderer.chunk.RenderRegionCache
[27Aug2026 01:39:32.383] [Render thread/DEBUG] [mixin/]: fabric-block-view-api-v2.client.mixins.json:ChunkRendererRegionBuilderMixin from mod fabric_block_view_api_v2: Class version 65 required is higher than the class version supported by the current version of Mixin (JAVA_17 supports class version 61)
[27Aug2026 01:39:32.389] [Render thread/DEBUG] [mixin/]: fabric-block-view-api-v2.client.mixins.json:ChunkRendererRegionBuilderMixin from mod fabric_block_view_api_v2->@Inject::copyDataForChunk(Lnet/minecraft/world/level/Level;Lnet/minecraft/core/SectionPos;ZLorg/spongepowered/asm/mixin/injection/callback/CallbackInfoReturnable;)V doesn't use it's CallbackInfoReturnable
[27Aug2026 01:39:32.389] [Render thread/DEBUG] [mixin/]: fabric-block-view-api-v2.client.mixins.json:ChunkRendererRegionBuilderMixin from mod fabric_block_view_api_v2->@Inject::copyDataForChunk(Lnet/minecraft/world/level/Level;Lnet/minecraft/core/SectionPos;ZLorg/spongepowered/asm/mixin/injection/callback/CallbackInfoReturnable;)V has 0 override(s) in child classes
[27Aug2026 01:39:32.389] [Render thread/DEBUG] [mixin/]: fabric-block-view-api-v2.client.mixins.json:ChunkRendererRegionBuilderMixin from mod fabric_block_view_api_v2->@Inject::copyDataForChunk(Lnet/minecraft/world/level/Level;Lnet/minecraft/core/SectionPos;ZLorg/spongepowered/asm/mixin/injection/callback/CallbackInfoReturnable;)V won't be passed a CallbackInfoReturnable as a result
[27Aug2026 01:39:32.397] [Render thread/DEBUG] [mixin/]: fabric-block-view-api-v2.client.mixins.json:ChunkRendererRegionBuilderMixin from mod fabric_block_view_api_v2->@Inject::createDataMap(Lnet/minecraft/world/level/Level;Lnet/minecraft/core/SectionPos;ZLorg/spongepowered/asm/mixin/injection/callback/CallbackInfoReturnable;)V does use it's CallbackInfoReturnable
[27Aug2026 01:39:32.403] [Chunk Render Task Executor #5/DEBUG] [Sodium/]: Loaded net.caffeinemc.mods.sodium.neoforge.block.NeoForgeBlockAccess@2b8f70c9 for service interface net.caffeinemc.mods.sodium.client.services.PlatformBlockAccess
[27Aug2026 01:39:32.548] [Render thread/DEBUG] [mixin/]: Mixing MixinScreenEffectRenderer from mixins.iris.json into net.minecraft.client.renderer.ScreenEffectRenderer
[27Aug2026 01:39:32.548] [Render thread/DEBUG] [mixin/]: mixins.iris.json:MixinScreenEffectRenderer from mod iris: Class version 65 required is higher than the class version supported by the current version of Mixin (JAVA_8 supports class version 52)
[27Aug2026 01:39:32.549] [Render thread/DEBUG] [mixin/]: mixins.iris.json:MixinScreenEffectRenderer from mod iris->@Inject::iris$disableUnderWaterOverlayRendering(Lnet/minecraft/client/Minecraft;Lcom/mojang/blaze3d/vertex/PoseStack;Lorg/spongepowered/asm/mixin/injection/callback/CallbackInfo;)V does use it's CallbackInfo
[27Aug2026 01:39:32.687] [JEI Deduplicating Run Executor 0/DEBUG] [mezz.jei.common.config.file.ConfigSerializer/]: Saving config file: C:\Users\tigan\curseforge\minecraft\Instances\OrderWorld\config\jei\jei-debug.ini
[27Aug2026 01:39:32.690] [JEI Deduplicating Run Executor 0/DEBUG] [mezz.jei.common.config.file.ConfigSerializer/]: Saving config file: C:\Users\tigan\curseforge\minecraft\Instances\OrderWorld\config\jei\jei-mod-id-format.ini
[27Aug2026 01:39:32.692] [JEI Deduplicating Run Executor 0/DEBUG] [mezz.jei.common.config.file.ConfigSerializer/]: Saving config file: C:\Users\tigan\curseforge\minecraft\Instances\OrderWorld\config\jei\jei-colors.ini
[27Aug2026 01:39:32.696] [JEI Deduplicating Run Executor 0/DEBUG] [mezz.jei.common.config.file.ConfigSerializer/]: Saving config file: C:\Users\tigan\curseforge\minecraft\Instances\OrderWorld\config\jei\jei-client.ini
[27Aug2026 01:39:32.715] [Render thread/DEBUG] [mixin/]: Mixing MixinRenderRegionArenas from mixins.iris.compat.sodium.json into net.caffeinemc.mods.sodium.client.render.chunk.region.RenderRegion$DeviceResources
[27Aug2026 01:39:32.715] [Render thread/DEBUG] [mixin/]: mixins.iris.compat.sodium.json:MixinRenderRegionArenas from mod iris: Class version 65 required is higher than the class version supported by the current version of Mixin (JAVA_8 supports class version 52)
[27Aug2026 01:39:33.200] [JEI Config File Watcher/DEBUG] [mezz.jei.common.config.file.FileWatcherThread/]: Detected changes in files:
C:\Users\tigan\curseforge\minecraft\Instances\OrderWorld\config\jei\jei-debug.ini
C:\Users\tigan\curseforge\minecraft\Instances\OrderWorld\config\jei\jei-mod-id-format.ini
C:\Users\tigan\curseforge\minecraft\Instances\OrderWorld\config\jei\jei-colors.ini
C:\Users\tigan\curseforge\minecraft\Instances\OrderWorld\config\jei\jei-client.ini
[27Aug2026 01:39:34.343] [Render thread/DEBUG] [mezz.jei.common.config.file.ConfigSerializer/]: Skipping loading config file, it was just saved by us: C:\Users\tigan\curseforge\minecraft\Instances\OrderWorld\config\jei\jei-debug.ini
[27Aug2026 01:39:34.345] [Render thread/DEBUG] [mezz.jei.common.config.file.ConfigSerializer/]: Skipping loading config file, it was just saved by us: C:\Users\tigan\curseforge\minecraft\Instances\OrderWorld\config\jei\jei-client.ini
[27Aug2026 01:39:34.444] [Render thread/DEBUG] [mixin/]: Mixing core.render.immediate.consumer.SpriteCoordinateExpanderMixin from sodium-common.mixins.json into net.minecraft.client.renderer.SpriteCoordinateExpander
[27Aug2026 01:39:34.448] [Render thread/DEBUG] [mixin/]: sodium-common.mixins.json:core.render.immediate.consumer.SpriteCoordinateExpanderMixin from mod sodium->@Inject::onInit(Lcom/mojang/blaze3d/vertex/VertexConsumer;Lnet/minecraft/client/renderer/texture/TextureAtlasSprite;Lorg/spongepowered/asm/mixin/injection/callback/CallbackInfo;)V doesn't use it's CallbackInfo
[27Aug2026 01:39:34.448] [Render thread/DEBUG] [mixin/]: sodium-common.mixins.json:core.render.immediate.consumer.SpriteCoordinateExpanderMixin from mod sodium->@Inject::onInit(Lcom/mojang/blaze3d/vertex/VertexConsumer;Lnet/minecraft/client/renderer/texture/TextureAtlasSprite;Lorg/spongepowered/asm/mixin/injection/callback/CallbackInfo;)V has 0 override(s) in child classes
[27Aug2026 01:39:34.448] [Render thread/DEBUG] [mixin/]: sodium-common.mixins.json:core.render.immediate.consumer.SpriteCoordinateExpanderMixin from mod sodium->@Inject::onInit(Lcom/mojang/blaze3d/vertex/VertexConsumer;Lnet/minecraft/client/renderer/texture/TextureAtlasSprite;Lorg/spongepowered/asm/mixin/injection/callback/CallbackInfo;)V won't be passed a CallbackInfo as a result
[27Aug2026 01:39:37.629] [Render thread/DEBUG] [mezz.jei.common.config.file.ConfigSerializer/]: Skipping loading config file, it was just saved by us: C:\Users\tigan\curseforge\minecraft\Instances\OrderWorld\config\jei\jei-mod-id-format.ini
[27Aug2026 01:40:08.754] [Render thread/INFO] [Iris/]: Destroying pipeline minecraft:overworld
[27Aug2026 01:40:08.754] [Render thread/INFO] [Iris/]: Shaders are disabled because no valid shaderpack is selected
[27Aug2026 01:40:08.754] [Render thread/INFO] [Iris/]: Creating pipeline for dimension minecraft:overworld
[27Aug2026 01:40:08.757] [Render thread/INFO] [net.minecraft.client.gui.components.ChatComponent/]: [System] [CHAT] Shaders Reloaded!
[27Aug2026 01:40:27.052] [Render thread/INFO] [net.minecraft.client.gui.components.ChatComponent/]: [System] [CHAT] Attunement complete. The colony memorized your biological signature.
[27Aug2026 01:40:46.737] [Render thread/DEBUG] [mixin/]: Mixing RecipeLayoutWithButtonsMixin from jei_plus_plus.mixins.json into mezz.jei.gui.recipes.RecipeLayoutWithButtons
[27Aug2026 01:40:46.737] [Render thread/DEBUG] [mixin/]: jei_plus_plus.mixins.json:RecipeLayoutWithButtonsMixin from mod jei_plus_plus: Class version 65 required is higher than the class version supported by the current version of Mixin (JAVA_17 supports class version 61)
[27Aug2026 01:40:46.741] [Render thread/DEBUG] [mixin/]: jei_plus_plus.mixins.json:RecipeLayoutWithButtonsMixin from mod jei_plus_plus->@Inject::jeiPlusPlus$removeNativeRecipeBookmarkButton(Lorg/spongepowered/asm/mixin/injection/callback/CallbackInfo;)V doesn't use it's CallbackInfo
[27Aug2026 01:40:54.881] [JEI Deduplicating Run Executor 0/DEBUG] [mezz.jei.gui.config.LookupHistoryJsonConfig/]: Saved lookup history config to file: C:\Users\tigan\curseforge\minecraft\Instances\OrderWorld\config\jei\world\local\New_World\lookupHistory.json
[27Aug2026 01:41:22.711] [JEI Deduplicating Run Executor 0/DEBUG] [mezz.jei.gui.config.LookupHistoryJsonConfig/]: Saved lookup history config to file: C:\Users\tigan\curseforge\minecraft\Instances\OrderWorld\config\jei\world\local\New_World\lookupHistory.json
